event_id,home_away,minute,minute_sec,player_in,player_out
757656,home,59',3531.0,João Mário,Weston McKennie
757656,home,60',3543.0,Dusan Vlahovic,Jonathan David
757656,home,69',4090.0,Manuel Locatelli,Teun Koopmeiners
757656,home,69',4101.0,Vasilije Adzic,Loïs Openda
757656,home,87',5165.0,Edon Zhegrova,Kenan Yildiz
757664,away,69',4136.0,Davide Frattesi,Henrikh Mkhitaryan
757664,away,80',4751.0,Piotr Zielinski,Nicolò Barella
757664,away,80',4760.0,Carlos Augusto,Federico Dimarco
757664,away,87',5171.0,Petar Sucic,Hakan Çalhanoglu
757664,away,87',5178.0,Ange-Yoan Bonny,Marcus Thuram
757661,away,45',2700.0,Nikola Krstovic,Daniel Maldini
757661,away,45',2700.0,Lazar Samardzic,Charles De Ketelaere
757661,away,75',4474.0,Giorgio Scalvini,Berat Djimsiti
757661,away,75',4481.0,Marco Brescianini,Yunus Musah
757661,away,85',5052.0,Honest Ahanor,Giorgio Scalvini because of an injury
757667,away,26',1526.0,Mathías Olivera,Kevin De Bruyne
757667,away,55',3264.0,Juan Jesus,Matteo Politano
757667,away,71',4256.0,Eljif Elmas,Frank Anguissa
757667,away,72',4261.0,David Neres,Rasmus Højlund
757667,away,72',4274.0,Billy Gilmour,Stanislav Lobotka
757672,home,45',2700.0,Davide Zappacosta,Raoul Bellanova
757672,home,53',3125.0,Yunus Musah,Odilon Kossounou because of an injury
757672,home,61',3624.0,Lazar Samardzic,Éderson
757672,home,61',3626.0,Kamaldeen Sulemana,Ademola Lookman
757672,home,88',5277.0,Marco Brescianini,Nikola Krstovic
757678,home,66',3950.0,Ange-Yoan Bonny,Marcus Thuram
757678,home,67',3972.0,Francesco Pio Esposito,Lautaro Martínez
757678,home,67',3976.0,Manuel Akanji,Yann Bisseck
757678,home,67',3990.0,Nicolò Barella,Piotr Zielinski
757678,home,76',4510.0,Matteo Darmian,Denzel Dumfries
757685,home,69',4123.0,David Neres,Matteo Politano
757685,home,69',4132.0,Noa Lang,Scott McTominay
757685,home,81',4832.0,Mathías Olivera,Miguel Gutiérrez
757685,home,81',4840.0,Billy Gilmour,Kevin De Bruyne
757685,home,90',5364.0,Lorenzo Lucca,Rasmus Højlund
757682,away,16',917.0,João Mário,Juan Cabal because of an injury
757682,away,45',2700.0,Francisco Conceição,Teun Koopmeiners
757682,away,79',4740.0,Daniele Rugani,Andrea Cambiaso
757682,away,80',4747.0,Vasilije Adzic,Kenan Yildiz
757682,away,86',5149.0,Dusan Vlahovic,Jonathan David
757691,away,57',3410.0,Juan Jesus,Sam Beukema
757691,away,57',3411.0,Miguel Gutiérrez,Leonardo Spinazzola
757691,away,58',3424.0,Noa Lang,Billy Gilmour
757691,away,73',4363.0,David Neres,Matteo Politano
757691,away,84',5029.0,Eljif Elmas,Kevin De Bruyne
757692,away,45',2700.0,Manuel Akanji,Stefan de Vrij
757692,away,59',3492.0,Ange-Yoan Bonny,Lautaro Martínez
757692,away,59',3502.0,Federico Dimarco,Alessandro Bastoni
757692,away,59',3505.0,Petar Sucic,Hakan Çalhanoglu
757692,away,77',4605.0,Luis Henrique,Denzel Dumfries
757700,home,45',2700.0,Nicola Zalewski,Lorenzo Bernasconi
757700,home,62',3666.0,Gianluca Scamacca,Nikola Krstovic
757700,home,62',3675.0,Kamaldeen Sulemana,Ademola Lookman
757700,home,74',4397.0,Raoul Bellanova,Davide Zappacosta
757700,home,90'+1',5400.0,Lazar Samardzic,Charles De Ketelaere
757705,away,62',3712.0,Francisco Conceição,Khéphren Thuram
757705,away,74',4434.0,Manuel Locatelli,Teun Koopmeiners
757705,away,74',4439.0,Loïs Openda,Kenan Yildiz
757705,away,75',4442.0,Jonathan David,Dusan Vlahovic
757705,away,88',5264.0,Filip Kostic,Andrea Cambiaso
757708,home,65',3884.0,David Neres,Matteo Politano
757708,home,73',4376.0,Noa Lang,Stanislav Lobotka
757710,home,72',4294.0,Filip Kostic,Khéphren Thuram
757710,home,72',4296.0,Edon Zhegrova,Francisco Conceição
757710,home,83',4942.0,Vasilije Adzic,Dusan Vlahovic
757710,home,83',4952.0,Fabio Miretti,Manuel Locatelli because of an injury
757710,home,87',5181.0,Jonathan David,Kenan Yildiz
757722,home,45',2700.0,Ange-Yoan Bonny,Lautaro Martínez
757722,home,63',3777.0,Petar Sucic,Davide Frattesi
757722,home,71',4239.0,Marcus Thuram,Francesco Pio Esposito
757722,home,71',4240.0,Hakan Çalhanoglu,Nicolò Barella
757722,home,81',4803.0,Manuel Akanji,Yann Bisseck
757724,away,45',2700.0,Mario Pasalic,Marten de Roon
757724,away,55',3287.0,Isak Hien,Odilon Kossounou
757724,away,75',4492.0,Yunus Musah,Ademola Lookman
757724,away,85',5044.0,Lazar Samardzic,Charles De Ketelaere
757724,away,85',5053.0,Gianluca Scamacca,Nikola Krstovic
757731,away,45',2700.0,Kenan Yildiz,Vasilije Adzic
757731,away,68',4065.0,Khéphren Thuram,Fabio Miretti
757731,away,75',4472.0,Juan Cabal,Andrea Cambiaso
757731,away,75',4488.0,Jonathan David,Loïs Openda
757731,away,83',4946.0,Edon Zhegrova,Francisco Conceição
757728,home,64',3819.0,Matteo Politano,Sam Beukema
757728,home,75',4467.0,Eljif Elmas,Noa Lang
757728,home,75',4486.0,Lorenzo Lucca,Rasmus Højlund
757728,home,90',5349.0,Antonio Vergara,David Neres
757728,home,90',5359.0,Juan Jesus,Alessandro Buongiorno
757740,away,65',3868.0,Petar Sucic,Piotr Zielinski
757740,away,65',3880.0,Marcus Thuram,Ange-Yoan Bonny
757740,away,72',4305.0,Francesco Pio Esposito,Lautaro Martínez
757740,away,72',4311.0,Davide Frattesi,Hakan Çalhanoglu
757740,away,79',4740.0,Luis Henrique,Federico Dimarco
757739,away,69',4102.0,Nikola Krstovic,Gianluca Scamacca
757739,away,69',4117.0,Yunus Musah,Éderson
757739,away,69',4124.0,Nicola Zalewski,Davide Zappacosta
757739,away,74',4396.0,Sead Kolasinac,Berat Djimsiti
757739,away,82',4870.0,Kamaldeen Sulemana,Ademola Lookman
757747,home,17',1000.0,Davide Zappacosta,Raoul Bellanova because of an injury
757747,home,71',4218.0,Honest Ahanor,Sead Kolasinac
757747,home,72',4290.0,Nikola Krstovic,Gianluca Scamacca
757747,home,87',5205.0,Yunus Musah,Éderson
757747,home,87',5206.0,Mario Pasalic,Ademola Lookman
757745,home,11',654.0,Piotr Zielinski,Hakan Çalhanoglu because of an injury
757745,home,31',1842.0,Yann Bisseck,Francesco Acerbi because of an injury
757745,home,82',4920.0,Petar Sucic,Henrikh Mkhitaryan
757745,home,83',4928.0,Ange-Yoan Bonny,Marcus Thuram
757745,home,83',4936.0,Carlos Augusto,Federico Dimarco
757754,away,45',2700.0,Leonardo Spinazzola,Mathías Olivera
757754,away,45',2700.0,Matteo Politano,Sam Beukema
757754,away,59',3521.0,Juan Jesus,Alessandro Buongiorno
757754,away,74',4420.0,Lorenzo Lucca,Noa Lang
757754,away,81',4849.0,Antonio Vergara,Eljif Elmas
757756,home,45',2700.0,Francisco Conceição,Edon Zhegrova
757756,home,60',3577.0,Loïs Openda,Manuel Locatelli
757756,home,74',4382.0,Khéphren Thuram,Fabio Miretti
757756,home,74',4385.0,Vasilije Adzic,Jonathan David
757756,home,84',5032.0,Juan Cabal,Kenan Yildiz
757767,away,62',3720.0,Noa Lang,Antonio Vergara
757767,away,63',3721.0,Mathías Olivera,Leonardo Spinazzola because of an injury
757767,away,75',4480.0,Giuseppe Ambrosino,Miguel Gutiérrez
757767,away,80',4770.0,Lorenzo Lucca,Eljif Elmas
757763,home,63',3764.0,Davide Frattesi,Nicolò Barella
757763,home,63',3770.0,Francesco Pio Esposito,Lautaro Martínez
757763,home,82',4907.0,Ange-Yoan Bonny,Luis Henrique
757763,home,82',4907.0,Andy Diouf,Piotr Zielinski
757772,home,65',3900.0,Ademola Lookman,Nicola Zalewski
757772,home,66',3901.0,Nikola Krstovic,Gianluca Scamacca
757772,home,76',4519.0,Honest Ahanor,Sead Kolasinac
757772,home,76',4530.0,Lazar Samardzic,Davide Zappacosta
757772,home,82',4917.0,Kamaldeen Sulemana,Lorenzo Bernasconi
757775,home,45',2700.0,Francisco Conceição,Fabio Miretti
757775,home,70',4170.0,Loïs Openda,Jonathan David
757775,home,70',4174.0,Juan Cabal,Andrea Cambiaso
757775,home,82',4864.0,Filip Kostic,Kenan Yildiz
757775,home,87',5172.0,Teun Koopmeiners,Manuel Locatelli
757791,away,45',2700.0,Kenan Yildiz,Francisco Conceição
757791,away,45',2700.0,Vasilije Adzic,Fabio Miretti
757791,away,73',4369.0,Edon Zhegrova,Teun Koopmeiners
757791,away,75',4483.0,Andrea Cambiaso,Juan Cabal
757791,away,83',4976.0,Jonathan David,Khéphren Thuram
757786,away,57',3370.0,Francesco Pio Esposito,Ange-Yoan Bonny
757786,away,74',4394.0,Davide Frattesi,Piotr Zielinski
757786,away,88',5249.0,Andy Diouf,Henrikh Mkhitaryan
757786,away,88',5251.0,Alessandro Bastoni,Petar Sucic
757786,away,88',5262.0,Lautaro Martínez,Marcus Thuram
757792,home,67',3998.0,Miguel Gutiérrez,Juan Jesus
757792,home,82',4871.0,Romelu Lukaku,Eljif Elmas
757792,home,82',4883.0,Sam Beukema,Leonardo Spinazzola
757796,away,51',3056.0,Kamaldeen Sulemana,Ademola Lookman
757796,away,52',3064.0,Charles De Ketelaere,Lazar Samardzic
757796,away,52',3066.0,Marten de Roon,Yunus Musah
757796,away,61',3659.0,Gianluca Scamacca,Nikola Krstovic
757796,away,74',4416.0,Mario Pasalic,Odilon Kossounou
401858759,away,34',2030.0,Federico Gatti,Bremer because of an injury
401858759,away,45',2700.0,Juan Cabal,Andrea Cambiaso
401858759,away,70',4158.0,Filip Kostic,Francisco Conceição
401858759,away,80',4794.0,Fabio Miretti,Khéphren Thuram
401858759,away,81',4804.0,Loïs Openda,Kenan Yildiz
401858761,away,45',2700.0,Isak Hien,Berat Djimsiti
401858761,away,45',2700.0,Nikola Krstovic,Gianluca Scamacca
401858761,away,63',3771.0,Kamaldeen Sulemana,Marten de Roon
401858761,away,72',4306.0,Raoul Bellanova,Davide Zappacosta
401858761,away,82',4893.0,Lazar Samardzic,Nicola Zalewski
401858734,away,61',3605.0,Marcus Thuram,Lautaro Martínez
401858734,away,75',4498.0,Luis Henrique,Matteo Darmian
401858734,away,76',4512.0,Ange-Yoan Bonny,Francesco Pio Esposito
401858734,away,76',4514.0,Piotr Zielinski,Henrikh Mkhitaryan
401858734,away,89',5325.0,Andy Diouf,Nicolò Barella
401858766,home,62',3689.0,Ange-Yoan Bonny,Davide Frattesi
401858766,home,62',3694.0,Andy Diouf,Luis Henrique
401858766,home,62',3698.0,Petar Sucic,Piotr Zielinski
401858766,home,81',4837.0,Carlos Augusto,Federico Dimarco
401858766,home,81',4838.0,Denzel Dumfries,Yann Bisseck
401858762,home,72',4303.0,Nikola Krstovic,Gianluca Scamacca
401858762,home,73',4330.0,Honest Ahanor,Sead Kolasinac
401858762,home,77',4575.0,Berat Djimsiti,Giorgio Scalvini
401858762,home,85',5073.0,Kamaldeen Sulemana,Nicola Zalewski
401858765,home,67',4010.0,Jérémie Boga,Jonathan David
401858765,home,67',4018.0,Edon Zhegrova,Francisco Conceição
401858765,home,78',4622.0,Vasilije Adzic,Khéphren Thuram
401858765,home,103',6158.0,Fabio Miretti,Kenan Yildiz
401858765,home,109',6488.0,Loïs Openda,Pierre Kalulu because of an injury
401858765,home,109',6505.0,Filip Kostic,Manuel Locatelli
401862641,home,45',2700.0,Berat Djimsiti,Gianluca Scamacca
401862641,home,55',3250.0,Honest Ahanor,Sead Kolasinac
401862641,home,55',3258.0,Yunus Musah,Nicola Zalewski
401862641,home,67',3964.0,Raoul Bellanova,Davide Zappacosta
401862641,home,73',4350.0,Lazar Samardzic,Kamaldeen Sulemana
401862642,away,57',3400.0,Lazar Samardzic,Charles De Ketelaere
401862642,away,57',3400.0,Marten de Roon,Éderson
401862642,away,71',4228.0,Giacomo Raspadori,Kamaldeen Sulemana
401862642,away,71',4233.0,Nikola Krstovic,Gianluca Scamacca
401862642,away,83',4952.0,Honest Ahanor,Giorgio Scalvini
757804,away,45',2700.0,Lorenzo Pellegrini,Stephan El Shaarawy
757804,away,69',4114.0,Evan Ferguson,Artem Dovbyk
757804,away,69',4130.0,Bryan Cristante,Manu Koné
757804,away,69',4131.0,Niccolò Pisilli,Matías Soulé
757804,away,83',4921.0,Mario Hermoso,Devyne Rensch
757808,away,70',4160.0,Emil Holm,Nadir Zortea
757808,away,70',4175.0,Jonathan Rowe,Nicolò Cambiaghi
757808,away,70',4186.0,Riccardo Orsolini,Federico Bernardeschi
757808,away,83',4949.0,Giovanni Fabbian,Jens Odgaard
757808,away,83',4959.0,Thijs Dallinga,Santiago Castro
757820,home,45',2700.0,Devyne Rensch,Kostas Tsimikas
757820,home,55',3282.0,Gianluca Mancini,Mario Hermoso
757820,home,55',3298.0,Stephan El Shaarawy,Lorenzo Pellegrini
757820,home,69',4127.0,Manu Koné,Bryan Cristante
757820,home,78',4629.0,Artem Dovbyk,Evan Ferguson
757822,home,66',3915.0,Thijs Dallinga,Santiago Castro
757822,home,66',3925.0,Juan Miranda,Charalampos Lykogiannis
757822,home,66',3935.0,Federico Bernardeschi,Riccardo Orsolini
757822,home,77',4590.0,Jonathan Rowe,Nicolò Cambiaghi
757822,home,90'+3',5400.0,Giovanni Fabbian,Lewis Ferguson
757840,away,45',2700.0,Martin Vitík,Torbjørn Heggem
757840,away,45',2700.0,Nicolò Cambiaghi,Jonathan Rowe
757840,away,67',3964.0,Emil Holm,Nadir Zortea
757840,away,77',4602.0,Lewis Ferguson,Nikola Moro
757840,away,85',5047.0,Federico Bernardeschi,Riccardo Orsolini
757843,home,30',1785.0,Stephan El Shaarawy,Jan Ziólkowski
757843,home,45',2700.0,Niccolò Pisilli,Manu Koné
757843,home,67',3979.0,Leon Bailey,Zeki Çelik
757843,home,74',4403.0,Evan Ferguson,Artem Dovbyk
757843,home,74',4408.0,Evan Ndicka,Matías Soulé
757862,home,29',1701.0,Juan Miranda,Giovanni Fabbian
757862,home,75',4470.0,Jens Odgaard,Nicolò Cambiaghi
757862,home,75',4479.0,Riccardo Orsolini,Federico Bernardeschi
757862,home,82',4870.0,Tommaso Pobega,Nikola Moro
757862,home,82',4875.0,Thijs Dallinga,Santiago Castro
757865,away,66',3940.0,Manu Koné,Matías Soulé
757865,away,66',3945.0,Stephan El Shaarawy,Lorenzo Pellegrini
757865,away,73',4350.0,Wesley,Zeki Çelik
757865,away,73',4355.0,Devyne Rensch,Kostas Tsimikas
757865,away,86',5133.0,Niccolò Pisilli,Artem Dovbyk
757876,home,27',1611.0,Bryan Cristante,Manu Koné because of an injury
757876,home,62',3662.0,Evan Ferguson,Matías Soulé
757876,home,62',3688.0,Stephan El Shaarawy,Lorenzo Pellegrini
757876,home,78',4656.0,Kostas Tsimikas,Zeki Çelik
757876,home,78',4669.0,Leon Bailey,Paulo Dybala
757886,home,69',4118.0,Martin Vitík,Torbjørn Heggem
757886,home,69',4131.0,Benjamín Domínguez,Federico Bernardeschi
757886,home,69',4139.0,Giovanni Fabbian,Jens Odgaard
757886,home,75',4441.0,Nikola Moro,Tommaso Pobega
757886,home,81',4858.0,Santiago Castro,Thijs Dallinga
757901,away,67',4005.0,Nicolò Cambiaghi,Jonathan Rowe
757901,away,80',4791.0,Thijs Dallinga,Santiago Castro
757901,away,80',4797.0,Riccardo Orsolini,Federico Bernardeschi
757901,away,88',5226.0,Jens Odgaard,Nikola Moro because of an injury
757901,away,88',5259.0,Lewis Ferguson,Tommaso Pobega
757902,away,69',4113.0,Paulo Dybala,Matías Soulé
757902,away,69',4115.0,Lorenzo Pellegrini,Stephan El Shaarawy
757902,away,69',4124.0,Leon Bailey,Evan Ferguson
757902,away,80',4753.0,Jan Ziólkowski,Mario Hermoso
757902,away,85',5059.0,Angeliño,Niccolò Pisilli
757913,home,56',3336.0,Jens Odgaard,Tommaso Pobega
757913,home,73',4344.0,Nicolò Cambiaghi,Lewis Ferguson
757913,home,73',4351.0,Riccardo Orsolini,Benja Domínguez
757913,home,85',5073.0,Charalampos Lykogiannis,Nicolò Casale
757920,home,59',3538.0,Evan Ndicka,Jan Ziólkowski
757920,home,60',3546.0,Bryan Cristante,Manu Koné
757920,home,72',4317.0,Wesley,Kostas Tsimikas
757920,home,73',4328.0,Paulo Dybala,Lorenzo Pellegrini
757920,home,83',4979.0,Gianluca Mancini,Matías Soulé
757926,away,52',3118.0,Federico Bernardeschi,Jonathan Rowe
757926,away,71',4206.0,Thijs Dallinga,Santiago Castro
757926,away,71',4212.0,Nicolò Cambiaghi,Riccardo Orsolini
757926,away,85',5085.0,Jens Odgaard,Lewis Ferguson
757926,away,85',5095.0,Tommaso Pobega,Nikola Moro
757929,away,45',2700.0,Evan Ndicka,Matías Soulé
757929,away,64',3810.0,Devyne Rensch,Zeki Çelik
757929,away,64',3814.0,Wesley,Bryan Cristante
757929,away,67',4013.0,Mattia Della Rocca,Lorenzo Pellegrini
757929,away,88',5237.0,Angeliño,Kostas Tsimikas
401858770,away,45',2700.0,Thijs Dallinga,Santiago Castro because of an injury
401858770,away,45',2700.0,Riccardo Orsolini,Federico Bernardeschi
401858770,away,75',4461.0,Tommaso Pobega,Nikola Moro
401858770,away,75',4470.0,Simon Sohm,Lewis Ferguson
401858770,away,87',5186.0,Jonathan Rowe,Nicolò Cambiaghi
401858778,home,61',3657.0,Riccardo Orsolini,Federico Bernardeschi
401858778,home,62',3663.0,Nicolò Casale,Martin Vitík
401858778,home,73',4359.0,Jens Odgaard,Remo Freuler
401858778,home,79',4682.0,Benja Domínguez,Santiago Castro
401858778,home,79',4687.0,Simon Sohm,Nikola Moro
401862871,away,45',2700.0,Robinio Vaz,Bryan Zaragoza
401862871,away,58',3473.0,Kostas Tsimikas,Devyne Rensch
401862871,away,65',3900.0,Mario Hermoso,Zeki Çelik
401862871,away,66',3907.0,Lorenzo Pellegrini,Neil El Aynaoui
401862871,home,71',4219.0,Nicolò Cambiaghi,Jonathan Rowe
401862871,home,79',4723.0,Charalampos Lykogiannis,Juan Miranda
401862871,home,79',4731.0,Thijs Dallinga,Santiago Castro
401862871,home,84',5036.0,Martin Vitík,Nicolò Casale
401862871,home,85',5043.0,Nadir Zortea,João Mário
401862874,home,20',1166.0,Lorenzo Pellegrini,Manu Koné because of an injury
401862874,home,57',3404.0,Robinio Vaz,Stephan El Shaarawy
401862874,away,73',4333.0,Nicolò Casale,Martin Vitík
401862874,away,73',4346.0,Thijs Dallinga,Santiago Castro
401862874,away,73',4369.0,Nicolò Cambiaghi,Jonathan Rowe
401862874,away,79',4739.0,Riccardo Orsolini,Federico Bernardeschi
401862874,away,90',5400.0,Nikola Moro,Tommaso Pobega
401862874,home,104',6239.0,Neil El Aynaoui,Niccolò Pisilli
401862874,home,109',6486.0,Bryan Zaragoza,Zeki Çelik
401862874,away,114',6782.0,Torbjørn Heggem,Remo Freuler
401862902,home,67',4011.0,Nikola Moro,Tommaso Pobega
401862902,home,67',4012.0,Riccardo Orsolini,Lewis Ferguson
401862902,home,82',4907.0,Jens Odgaard,Santiago Castro
401862902,home,90',5390.0,Nicolò Cambiaghi,Remo Freuler
401862906,away,45',2700.0,Riccardo Orsolini,Federico Bernardeschi
401862906,away,45',2700.0,Simon Sohm,Remo Freuler
401862906,away,45',2700.0,Nadir Zortea,João Mário
401862906,away,76',4516.0,Jens Odgaard,Santiago Castro
401862906,away,82',4889.0,Torbjørn Heggem,Nicolò Casale because of an injury
757977,home,59',3520.0,Jacopo Fazzini,Robin Gosens
757977,home,59',3540.0,Fabiano Parisi,Rolando Mandragora
757977,home,72',4306.0,Albert Gudmundsson,Edin Dzeko
757977,home,72',4311.0,Niccolò Fortini,Dodô
757977,home,86',5111.0,Pietro Comuzzo,Marin Pongracic
757985,away,57',3398.0,Rolando Mandragora,Hans Nicolussi Caviglia
757985,away,57',3405.0,Simon Sohm,Nicolò Fagioli
757985,away,77',4566.0,Albert Gudmundsson,Edin Dzeko
757985,away,77',4571.0,Dodô,Niccolò Fortini
757985,away,87',5213.0,Eddy Kouadio,Fabiano Parisi
758009,away,59',3538.0,Rolando Mandragora,Cher Ndour
758009,away,60',3543.0,Moise Kean,Roberto Piccoli
758009,away,69',4104.0,Pietro Comuzzo,Pablo Marí
758009,away,85',5089.0,Nicolò Fagioli,Simon Sohm
758030,home,63',3742.0,Eddy Kouadio,Fabiano Parisi
758030,home,63',3748.0,Moise Kean,Cher Ndour
758030,home,79',4689.0,Nicolò Fagioli,Hans Nicolussi Caviglia
758030,home,79',4692.0,Mattia Viti,Luca Ranieri
758030,home,79',4708.0,Jacopo Fazzini,Niccolò Fortini
758044,home,66',3950.0,Christian Kouamé,Hans Nicolussi Caviglia
758044,home,67',3972.0,Fabiano Parisi,Mattia Viti
758044,home,67',3981.0,Albert Gudmundsson,Edin Dzeko
758044,home,80',4762.0,Rolando Mandragora,Cher Ndour
758044,home,86',5117.0,Eddy Kouadio,Dodô
758062,away,55',3278.0,Niccolò Fortini,Christian Kouamé
758062,away,70',4157.0,Rolando Mandragora,Amir Richardson
758062,away,70',4167.0,Moise Kean,Roberto Piccoli
758062,away,70',4168.0,Albert Gudmundsson,Edin Dzeko
758062,away,83',4948.0,Dodô,Eddy Kouadio
401854524,away,68',4073.0,Marin Pongracic,Luca Ranieri
401854524,away,68',4077.0,Fabiano Parisi,Jack Harrison
401854524,away,84',5009.0,Luís Balbo,Cher Ndour
401854534,home,45',2700.0,David de Gea,Luca Lezzerini
401854534,home,45',2700.0,Jack Harrison,Niccolò Fortini
401854534,home,62',3675.0,Manor Solomon,Jacopo Fazzini
401854534,home,62',3684.0,Nicolò Fagioli,Rolando Mandragora
401854534,home,89',5308.0,Moise Kean,Roberto Piccoli
401854534,home,100',5943.0,Albert Gudmundsson,Manor Solomon because of an injury
401862846,home,59',3486.0,Jack Harrison,Robin Gosens
401862846,home,59',3492.0,Albert Gudmundsson,Jacopo Fazzini
401862846,home,68',4046.0,Dodô,Niccolò Fortini
401862846,home,82',4909.0,Riccardo Braschi,Roberto Piccoli
401862846,home,82',4910.0,Nicolò Fagioli,Rolando Mandragora
401862849,away,61',3628.0,Robin Gosens,Jacopo Fazzini
401862849,away,61',3638.0,Roberto Piccoli,Moise Kean
401862849,away,88',5263.0,Marin Pongracic,Dodô
401862849,away,90'+1',5400.0,Rolando Mandragora,Nicolò Fagioli
401862849,away,90'+1',5400.0,Albert Gudmundsson,Jack Harrison
401862917,away,78',4622.0,Luís Balbo,Robin Gosens
401862917,away,78',4631.0,Jacopo Fazzini,Jack Harrison
401862917,away,82',4894.0,Pietro Comuzzo,Marin Pongracic
401862917,away,90'+1',5400.0,Giorgio Puzzoli,Albert Gudmundsson
401862917,away,90'+1',5400.0,Rolando Mandragora,Nicolò Fagioli
401862921,home,45',2700.0,Cher Ndour,Nicolò Fagioli
401862921,home,70',4159.0,Eddy Kouadio,Pietro Comuzzo
401862921,home,70',4169.0,Luís Balbo,Robin Gosens
401862921,home,75',4446.0,Giovanni Fabbian,Albert Gudmundsson
401862921,home,75',4455.0,Jacopo Fazzini,Manor Solomon
744102,home,60',3579.0,Andrea Pinamonti,Alieu Fadera
744102,home,60',3580.0,Cristian Volpato,Andrea Ghion
744102,home,68',4043.0,Nicholas Pierini,Armand Laurienté
744102,home,68',4049.0,Luca Lipani,Daniel Boloca
744102,home,84',5018.0,Edoardo Iannoni,Ismaël Koné
744103,home,56',3324.0,Tete Morente,Thórir Helgason
744103,home,56',3344.0,Ylber Ramadani,Balthazar Pierret
744103,home,57',3369.0,Danilo Veiga,Owen Kouassi
744103,home,72',4304.0,Francesco Camarda,Nikola Krstovic
744103,home,82',4904.0,Mohamed Kaba,Santiago Pierotti
744104,home,59',3514.0,Junior Messias,Valentín Carboni
744104,home,59',3534.0,Ruslan Malinovskyi,Albert Grønbæk
744104,home,70',4143.0,Vítinha,Lorenzo Colombo
744104,home,70',4145.0,Leo Østigård,Alessandro Marcandalli
744104,home,80',4796.0,Lorenzo Venturino,Nicolae Stanciu
744106,home,57',3417.0,Máximo Perrone,Sergi Roberto
744106,home,57',3418.0,Assane Diao,Jesús Rodriguez
744106,home,66',3951.0,Maxence Caqueret,Jayden Addai because of an injury
744106,home,66',3957.0,Álvaro Morata,Tasos Douvikas
744106,home,82',4894.0,Martin Baturina,Lucas da Cunha
744107,home,64',3820.0,Gabriele Zappa,Riyad Idrissi
744107,home,64',3822.0,Sebastiano Esposito,Zito Luvumbo
744107,home,77',4597.0,Luca Mazzitelli,Matteo Prati
744107,home,77',4610.0,Semih Kiliçsoy,Roberto Piccoli
744107,home,89',5288.0,Nicolò Cavuoti,Adam Obert because of an injury
744108,home,59',3502.0,Warren Bondo,Alberto Grassi
744108,home,59',3513.0,David Okereke,Manuel De Luca
744108,home,59',3524.0,Franco Vázquez,Federico Bonazzoli
744108,home,73',4372.0,Romano Floriani Mussolini,Alessio Zerbin
744108,home,83',4943.0,Dennis Johnsen,Jari Vandeputte
744110,home,62',3710.0,Oliver Sørensen,Adrián Bernabé
744110,home,62',3714.0,Nahuel Estévez,Mandela Keita
744110,home,79',4720.0,Matija Frigan,Pontus Almqvist
744110,home,90',5352.0,Elia Plicco,Christian Ordóñez
744110,home,90',5382.0,Adrian Benedyczak,Mateo Pellegrino
744111,away,72',4266.0,Ebenezer Akinsanmiro,Marius Marin
744111,away,72',4284.0,Juan Cuadrado,Mattéo Tramoni
744111,away,72',4314.0,M'Bala Nzola,Stefano Moreo
744111,away,83',4966.0,Malthe Højholt,Michel Aebischer
744111,away,84',4989.0,Mehdi Léris,Samuele Angori
744112,home,17',1014.0,Santiago Giménez,Rafael Leão because of an injury
744112,home,66',3906.0,Ardon Jashari,Ruben Loftus-Cheek
744112,home,66',3920.0,Yunus Musah,Christian Pulisic
744112,home,66',3929.0,Luka Modric,Samuele Ricci
744112,home,81',4838.0,Noah Okafor,Alexis Saelemaekers
744113,away,9',510.0,Domagoj Bradaric,Nicolás Valentini because of an injury
744113,away,63',3750.0,Amin Sarr,Daniel Mosquera
744113,away,63',3764.0,Dailon Livramento,Cheikh Niasse
744113,away,80',4742.0,Grigoris Kastanos,Antoine Bernede
744113,away,80',4743.0,Yellu Santiago,Giovane
744115,home,66',3908.0,Vakoun Bayo,Keinan Davis
744115,home,66',3919.0,Jakub Piotrowski,Sandi Lovric
744115,home,76',4517.0,Simone Pafundi,Iker Bravo
744115,home,76',4526.0,Saba Goglichidze,Matteo Palma
744115,home,87',5167.0,Oier Zarraga,Arthur Atta
744116,home,45',2700.0,Emirhan Ilkhan,Zakaria Aboukhlal
744116,home,60',3544.0,Giovanni Simeone,Ché Adams
744116,home,60',3551.0,Valentino Lazaro,Marcus Pedersen
744116,home,79',4712.0,Tino Anjorin,Gvidas Gineitis
744116,home,88',5230.0,Duván Zapata,Cyril Ngonge
756565,home,45',2668.0,Alessandro Di Pardo,Gabriele Zappa because of an injury
756565,home,45',2700.0,Mattia Felici,Semih Kiliçsoy
756565,home,45',2700.0,Alessandro Deiola,Marko Rog
756565,home,68',4064.0,Michel Adopo,Luca Mazzitelli
756565,home,77',4571.0,Sebastiano Esposito,Gianluca Gaetano
756763,home,65',3847.0,Thomas Kristensen,Christian Kabasele
756763,home,65',3860.0,Keinan Davis,Adam Buksa
756763,home,70',4171.0,Jurgen Ekkelenkamp,Lennon Miller
756763,home,70',4182.0,Idrissa Gueye,Nicolò Zaniolo
756763,home,81',4855.0,Sandi Lovric,Jesper Karlström
756567,away,22',1282.0,Kialonda Gaspar,Konan N’Dri
756567,away,45',2700.0,Santiago Pierotti,Mohamed Kaba
756567,away,45',2700.0,Olaf Gorter,Thórir Helgason
756567,home,45',2700.0,Youssouf Fofana,Samuele Ricci
756567,away,57',3406.0,Antonino Gallo,Tete Morente
756567,home,61',3641.0,Zachary Athekame,Alexis Saelemaekers
756567,home,61',3658.0,Christian Pulisic,Christopher Nkunku
756567,home,68',4070.0,Cheveyo Balentien,Santiago Giménez
756567,home,79',4685.0,David Odogu,Strahinja Pavlovic
756567,away,80',4785.0,Lassana Coulibaly,Medon Berisha
756764,home,45',2700.0,Elia Plicco,Oliver Sørensen
756764,home,45',2700.0,Alessandro Circati,Enrico Delprato
756764,home,70',4169.0,Mandela Keita,Nahuel Estévez
756764,home,73',4372.0,Patrick Cutrone,Adrian Benedyczak
756764,home,80',4781.0,Adrián Bernabé,Mateo Pellegrino
756564,home,69',4104.0,Ioan Vermesan,Junior Ajayi because of an injury
756564,home,80',4756.0,Davide De Battisti,Cheikh Niasse
756564,home,80',4762.0,Giovane,Amin Sarr
756564,home,90',5380.0,Adi Kurti,Tobias Slotsager because of an injury
756564,home,90',5392.0,Gift Orban,Yellu Santiago
756568,home,45',2700.0,Álvaro Morata,Tasos Douvikas
756568,home,45',2700.0,Nicolas Kühn,Jesús Rodríguez
756568,home,45',2700.0,Mërgim Vojvoda,Stefan Posch
756568,away,69',4098.0,Sebastian Walukiewicz,Edoardo Pieragnolo
756568,away,69',4110.0,Kristian Thorstvedt,Cristian Volpato
756568,away,70',4144.0,Nicholas Pierini,Alieu Fadera
756568,away,70',4147.0,Luca Moro,Walid Cheddira
756568,home,78',4623.0,Lorenzo Bonsignori Goggi,Jayden Addai
756568,away,81',4807.0,Laurs Skjellerup,Luca Lipani
756568,home,84',5024.0,Alberto Cerri,Martin Baturina
756566,home,45',2700.0,Lorenzo Venturino,Junior Messias
756566,home,60',3586.0,Jeff Ekhator,Lorenzo Colombo
756566,home,66',3931.0,Patrizio Masini,Morten Frendrup
756566,home,66',3939.0,Morten Thorsby,Albert Grønbæk
756566,home,84',5021.0,Seydou Fini,Nicolae Stanciu
756765,away,45',2700.0,Idrissa Touré,Lorran
756765,home,64',3815.0,Zakaria Aboukhlal,Cyril Ngonge
756765,home,65',3841.0,Nikola Vlasic,Alieu Njie
756765,home,65',3849.0,Giovanni Simeone,Ché Adams
756765,away,68',4048.0,Louis Buffon,Isak Vural
756765,away,68',4060.0,Giovanni Bonfanti,Raúl Albiol
756765,away,68',4065.0,Mattéo Tramoni,Henrik Meister
756765,home,71',4246.0,Kristjan Asllani,Ali Dembélé
756765,away,81',4835.0,Brando Bettazzi,Gabriele Piccinini
756765,home,82',4911.0,Valentino Lazaro,Marcus Pedersen because of an injury
759119,home,56',3306.0,Manuel Locatelli,Federico Gatti because of an injury
759119,away,59',3508.0,Lennon Miller,Oier Zarraga
759119,away,59',3514.0,Iker Bravo,Nicolò Zaniolo
759119,away,71',4236.0,Jurgen Ekkelenkamp,Arthur Atta because of an injury
759119,away,71',4251.0,Idrissa Gueye,Adam Buksa
759119,home,74',4403.0,João Mário,Juan Cabal
759119,home,74',4410.0,Francisco Conceição,Fabio Miretti
759119,home,74',4422.0,Loïs Openda,Jonathan David
759119,away,81',4854.0,Thomas Kristensen,Oumar Solet
759119,home,84',4991.0,Edon Zhegrova,Kenan Yildiz
759121,home,21',1235.0,Daniel Maldini,Kamaldeen Sulemana because of an injury
759121,away,45',2700.0,Alessandro Marcandalli,Valentín Carboni
759121,home,60',3588.0,Honest Ahanor,Sead Kolasinac
759121,home,60',3596.0,Marco Brescianini,Berat Djimsiti
759121,home,61',3607.0,Lazar Samardzic,Charles De Ketelaere
759121,away,71',4224.0,Jean Onana,Morten Frendrup
759121,away,71',4231.0,Caleb Ekuban,Jeff Ekhator
759121,away,71',4240.0,Hugo Cuenca,Nicolae Stanciu
759121,home,74',4429.0,Lorenzo Bernasconi,Raoul Bellanova
759121,away,78',4632.0,Lorenzo Venturino,Brooke Norton-Cuffy
759120,away,55',3296.0,Gennaro Borrelli,Leonardo Pavoletti
759120,away,56',3302.0,Sebastiano Esposito,Semih Kiliçsoy
759120,away,56',3314.0,Matteo Prati,Gianluca Gaetano
759120,home,61',3621.0,Scott McTominay,Giuseppe Ambrosino
759120,away,61',3635.0,Riyad Idrissi,Juan Rodríguez
759120,home,68',4070.0,Rasmus Højlund,Lorenzo Lucca
759120,home,68',4077.0,Alessandro Buongiorno,Pasquale Mazzocchi
759120,home,74',4412.0,Noa Lang,Mathías Olivera
759120,home,74',4426.0,David Neres,Antonio Vergara
759120,away,85',5057.0,Mattia Felici,Alessandro Deiola
759116,home,45',2700.0,Henrikh Mkhitaryan,Piotr Zielinski
759116,home,60',3579.0,Matteo Cocchi,Luis Henrique
759116,home,60',3581.0,Ange-Yoan Bonny,Marcus Thuram
759116,home,79',4696.0,Matteo Spinaccè,Francesco Pio Esposito
759116,home,79',4699.0,Leonardo Bovo,Petar Sucic
759114,away,45',2700.0,Gaetano Oristanio,Jacob Ondrejka
759114,away,55',3297.0,Nahuel Estévez,Nicolas Trabucchi
759114,away,65',3898.0,Patrick Cutrone,Adrian Benedyczak because of an injury
759114,home,70',4149.0,Santiago Castro,Thijs Dallinga
759114,home,70',4155.0,Benjamín Domínguez,Jonathan Rowe
759114,home,70',4175.0,Tommaso Pobega,Ibrahim Sulemana
759114,home,80',4758.0,Jens Odgaard,Giovanni Fabbian
759114,home,80',4769.0,Ciro Immobile,Federico Bernardeschi
759114,away,86',5111.0,Milan Djuric,Benjamín Cremaschi
759114,away,86',5132.0,Hernani,Christian Ordóñez
759117,home,58',3423.0,Fisayo Dele-Bashiru,Matías Vecino
759117,home,58',3459.0,Tijjani Noslin,Valentín Castellanos
759117,away,64',3814.0,Christopher Nkunku,Alexis Saelemaekers
759117,home,71',4242.0,Nuno Tavares,Luca Pellegrini
759117,away,81',4841.0,Christian Pulisic,Ruben Loftus-Cheek
759117,away,81',4846.0,Luka Modric,Ardon Jashari
759117,home,83',4965.0,Pedro,Mattia Zaccagni
759117,home,83',4975.0,Matteo Cancellieri,Gustav Isaksen
759117,away,87',5198.0,Davide Bartesaghi,Pervis Estupiñán
759118,home,45',2700.0,Mario Hermoso,Devyne Rensch
759118,home,45',2700.0,Evan Ndicka,Jan Ziólkowski
759118,home,57',3418.0,Manu Koné,Niccolò Pisilli
759118,home,58',3425.0,Paulo Dybala,Matías Soulé
759118,away,70',4150.0,Cesare Casadei,Gvidas Gineitis
759118,away,70',4181.0,Alieu Njie,Giovanni Simeone
759118,away,70',4182.0,Guillermo Maripán,Ardian Ismajli because of an injury
759118,home,80',4749.0,Antonio Arena,Leon Bailey
759118,away,86',5114.0,Ali Dembélé,Zakaria Aboukhlal
759118,away,88',5247.0,Cyril Ngonge,Ché Adams
759115,away,28',1679.0,Nico Paz,Tasos Douvikas because of an injury
759115,away,45',2700.0,Ivan Smolcic,Ignace Van der Brempt
759115,home,66',3903.0,Nicolò Fagioli,Cher Ndour
759115,home,66',3914.0,Robin Gosens,Luís Balbo
759115,home,66',3938.0,Albert Gudmundsson,Roberto Piccoli because of an injury
759115,away,70',4149.0,Jayden Addai,Jesús Rodríguez
759115,away,70',4150.0,Máximo Perrone,Sergi Roberto
759115,home,73',4370.0,Manor Solomon,Jacopo Fazzini
759115,home,84',4993.0,Marin Pongracic,Pietro Comuzzo
759115,away,86',5135.0,Álvaro Morata,Nico Paz
762427,home,56',3348.0,Lautaro Martínez,Marcus Thuram
762427,home,56',3349.0,Francesco Pio Esposito,Ange-Yoan Bonny because of an injury
762427,home,56',3350.0,Petar Sucic,Henrikh Mkhitaryan
762427,away,61',3604.0,Guillermo Maripán,Luca Marianucci
762427,away,61',3613.0,Emirhan Ilkhan,Tino Anjorin
762427,away,61',3615.0,Valentino Lazaro,Marcus Pedersen
762427,away,73',4339.0,Duván Zapata,Alieu Njie because of an injury
762427,home,74',4439.0,Yann Bisseck,Matteo Cocchi
762427,home,80',4762.0,Luis Henrique,Issiaka Kamate
762427,away,86',5130.0,Niels Nkounkou,Rafa Obrador
762355,away,64',3810.0,Jérémie Boga,Federico Gatti
762355,home,70',4192.0,Kamaldeen Sulemana,Gianluca Scamacca
762355,home,70',4200.0,Raoul Bellanova,Davide Zappacosta
762355,away,74',4388.0,Emil Holm,Jonathan David
762355,away,74',4395.0,Teun Koopmeiners,Manuel Locatelli
762355,home,75',4493.0,Nikola Krstovic,Giacomo Raspadori
762355,home,76',4507.0,Odilon Kossounou,Giorgio Scalvini because of an injury
762355,away,80',4796.0,Edon Zhegrova,Francisco Conceição
762355,away,81',4803.0,Loïs Openda,Andrea Cambiaso
762355,home,83',4965.0,Mario Pasalic,Charles De Ketelaere
762426,away,53',3143.0,Marc Oliver Kempf,Jacobo Ramón
762426,away,53',3148.0,Tasos Douvikas,Maxence Caqueret
762426,home,60',3584.0,Leonardo Spinazzola,Mathías Olivera
762426,home,60',3588.0,Matteo Politano,Giovane
762426,home,60',3594.0,Alisson Santos,Pasquale Mazzocchi
762426,away,67',3961.0,Jesús Rodríguez,Jayden Addai
762426,away,67',3966.0,Lucas da Cunha,Sergi Roberto
762426,home,74',4426.0,Romelu Lukaku,Rasmus Højlund
762426,home,74',4429.0,Miguel Gutiérrez,Antonio Vergara
762426,away,82',4882.0,Mërgim Vojvoda,Nico Paz
762428,away,45',2658.0,Tijjani Noslin,Pedro because of an injury
762428,away,61',3627.0,Danilo Cataldi,Nicolò Rovella
762428,away,61',3633.0,Boulaye Dia,Daniel Maldini
762428,home,61',3658.0,Remo Freuler,Nikola Moro because of an injury
762428,home,70',4190.0,Simon Sohm,Jens Odgaard
762428,home,70',4195.0,Federico Bernardeschi,Nicolò Cambiaghi
762428,away,80',4749.0,Matteo Cancellieri,Gustav Isaksen
762428,away,80',4750.0,Nuno Tavares,Luca Pellegrini
762428,home,80',4774.0,Eivind Helland,Jhon Lucumí because of an injury
762428,home,80',4783.0,Thijs Dallinga,Santiago Castro
762437,away,58',3430.0,Denzel Dumfries,Matteo Darmian
762437,away,58',3437.0,Piotr Zielinski,Hakan Çalhanoglu
762437,away,58',3444.0,Marcus Thuram,Francesco Pio Esposito
762437,away,68',4078.0,Luis Henrique,Andy Diouf
762437,home,70',4156.0,Assane Diao,Sergi Roberto
762437,home,79',4703.0,Alberto Moreno,Álex Valle
762437,home,79',4706.0,Ignace Van der Brempt,Mërgim Vojvoda
762437,away,85',5098.0,Henrikh Mkhitaryan,Davide Frattesi
762437,home,86',5140.0,Tasos Douvikas,Nico Paz
762437,home,86',5142.0,Martin Baturina,Maxence Caqueret
762434,home,64',3796.0,Matteo Cancellieri,Gustav Isaksen
762434,away,64',3817.0,Odilon Kossounou,Giorgio Scalvini because of an injury
762434,away,64',3830.0,Yunus Musah,Marten de Roon
762434,away,76',4502.0,Honest Ahanor,Sead Kolasinac
762434,away,76',4510.0,Kamaldeen Sulemana,Lazar Samardzic
762434,home,76',4536.0,Tijjani Noslin,Mattia Zaccagni
762434,home,76',4544.0,Boulaye Dia,Daniel Maldini
762434,home,83',4936.0,Reda Belahyane,Kenneth Taylor
762434,away,85',5083.0,Gianluca Scamacca,Nikola Krstovic
762435,home,60',3571.0,Andy Diouf,Federico Dimarco
762435,home,60',3573.0,Petar Sucic,Piotr Zielinski
762435,away,70',4154.0,Assane Diao,Tasos Douvikas
762435,away,70',4170.0,Maxence Caqueret,Lucas da Cunha
762435,home,74',4404.0,Francesco Pio Esposito,Ange-Yoan Bonny
762435,home,74',4405.0,Yann Bisseck,Francesco Acerbi
762435,away,80',4752.0,Jesús Rodríguez,Martin Baturina
762435,away,80',4755.0,Ivan Smolcic,Ignace Van der Brempt
762435,home,84',5032.0,Denzel Dumfries,Luis Henrique
762435,away,90',5370.0,Álvaro Morata,Diego Carlos
762436,home,56',3346.0,Raoul Bellanova,Lorenzo Bernasconi because of an injury
762436,away,66',3955.0,Gustav Isaksen,Matteo Cancellieri
762436,away,67',3976.0,Manuel Lazzari,Adam Marusic
762436,home,71',4225.0,Giacomo Raspadori,Nicola Zalewski
762436,home,71',4227.0,Odilon Kossounou,Sead Kolasinac
762436,home,71',4249.0,Mario Pasalic,Marten de Roon
762436,away,77',4578.0,Fisayo Dele-Bashiru,Toma Basic
762436,away,77',4600.0,Oliver Provstgaard,Mario Gila because of an injury
762436,away,84',4996.0,Danilo Cataldi,Patric
762436,home,90',5353.0,Gianluca Scamacca,Nikola Krstovic
762436,home,94',5585.0,Honest Ahanor,Giorgio Scalvini
762436,away,103',6123.0,Pedro,Mattia Zaccagni
401838097,home,45',2700.0,Nicolò Rovella,Patric
401838097,home,66',3957.0,Matteo Cancellieri,Gustav Isaksen
401838097,away,68',4062.0,Henrikh Mkhitaryan,Petar Sucic
401838097,away,68',4068.0,Luis Henrique,Denzel Dumfries
401838097,home,72',4282.0,Manuel Lazzari,Adam Marusic
401838097,home,72',4290.0,Boulaye Dia,Mattia Zaccagni because of an injury
401838097,away,77',4570.0,Carlos Augusto,Alessandro Bastoni
401838097,away,77',4597.0,Ange-Yoan Bonny,Lautaro Martínez
401838097,home,78',4675.0,Pedro,Toma Basic
401838097,away,82',4911.0,Andy Diouf,Marcus Thuram
