squad,date,opponent,home_away,formation,starter,jersey,player,espn_pos,formation_place,event_id
Union SG,2025-09-16,PSV Eindhoven,away,3-4-1-2,1,37,Kjell Scherpen,G,1,757654
Union SG,2025-09-16,PSV Eindhoven,away,3-4-1-2,1,16,Christian Burgess,CD,5,757654
Union SG,2025-09-16,PSV Eindhoven,away,3-4-1-2,1,48,Fedde Leysen,CD-L,4,757654
Union SG,2025-09-16,PSV Eindhoven,away,3-4-1-2,1,5,Kevin Mac Allister,CD-R,6,757654
Union SG,2025-09-16,PSV Eindhoven,away,3-4-1-2,1,4,Mathias Rasmussen,CM-L,8,757654
Union SG,2025-09-16,PSV Eindhoven,away,3-4-1-2,1,8,Adem Zorgane,CM-R,7,757654
Union SG,2025-09-16,PSV Eindhoven,away,3-4-1-2,1,10,Anouar Ait El Hadj,AM,9,757654
Union SG,2025-09-16,PSV Eindhoven,away,3-4-1-2,1,22,Ousseynou Niang,LM,3,757654
Union SG,2025-09-16,PSV Eindhoven,away,3-4-1-2,1,25,Anan Khalaili,RM,2,757654
Union SG,2025-09-16,PSV Eindhoven,away,3-4-1-2,1,12,Promise David,CF-L,11,757654
Union SG,2025-09-16,PSV Eindhoven,away,3-4-1-2,1,13,Kevin Rodríguez,CF-R,10,757654
Union SG,2025-09-16,PSV Eindhoven,away,3-4-1-2,0,20,Marc Giger,SUB,0,757654
Union SG,2025-09-16,PSV Eindhoven,away,3-4-1-2,0,27,Louis Patris,SUB,0,757654
Union SG,2025-09-16,PSV Eindhoven,away,3-4-1-2,0,26,Ross Sykes,SUB,0,757654
Union SG,2025-09-16,PSV Eindhoven,away,3-4-1-2,0,23,Sofiane Boufal,SUB,0,757654
Union SG,2025-09-16,PSV Eindhoven,away,3-4-1-2,0,1,Vic Chambaere,SUB,0,757654
Union SG,2025-09-16,PSV Eindhoven,away,3-4-1-2,0,11,Guilherme Smith,SUB,0,757654
Union SG,2025-09-16,PSV Eindhoven,away,3-4-1-2,0,17,Rob Schoofs,SUB,0,757654
Union SG,2025-09-16,PSV Eindhoven,away,3-4-1-2,0,6,Kamiel Van De Perre,SUB,0,757654
Union SG,2025-09-16,PSV Eindhoven,away,3-4-1-2,0,3,Mamadou Barry,SUB,0,757654
Union SG,2025-09-16,PSV Eindhoven,away,3-4-1-2,0,33,Soulaimane Berradi,SUB,0,757654
Club Brugge,2025-09-18,AS Monaco,home,4-2-3-1,1,22,Simon Mignolet,G,1,757665
Club Brugge,2025-09-18,AS Monaco,home,4-2-3-1,1,44,Brandon Mechele,CD-L,6,757665
Club Brugge,2025-09-18,AS Monaco,home,4-2-3-1,1,4,Joel Ordóñez,CD-R,5,757665
Club Brugge,2025-09-18,AS Monaco,home,4-2-3-1,1,14,Bjorn Meijer,LB,3,757665
Club Brugge,2025-09-18,AS Monaco,home,4-2-3-1,1,64,Kyriani Sabbe,RB,2,757665
Club Brugge,2025-09-18,AS Monaco,home,4-2-3-1,1,20,Hans Vanaken,AM,10,757665
Club Brugge,2025-09-18,AS Monaco,home,4-2-3-1,1,15,Raphael Onyedika,LM,4,757665
Club Brugge,2025-09-18,AS Monaco,home,4-2-3-1,1,25,Aleksandar Stankovic,RM,8,757665
Club Brugge,2025-09-18,AS Monaco,home,4-2-3-1,1,7,Nicolo Tresoldi,F,9,757665
Club Brugge,2025-09-18,AS Monaco,home,4-2-3-1,1,8,Christos Tzolis,AM-L,11,757665
Club Brugge,2025-09-18,AS Monaco,home,4-2-3-1,1,9,Carlos Forbs,AM-R,7,757665
Club Brugge,2025-09-18,AS Monaco,home,4-2-3-1,0,67,Mamadou Diakhon,SUB,0,757665
Club Brugge,2025-09-18,AS Monaco,home,4-2-3-1,0,84,Shandre Campbell,SUB,0,757665
Club Brugge,2025-09-18,AS Monaco,home,4-2-3-1,0,65,Joaquin Seys,SUB,0,757665
Club Brugge,2025-09-18,AS Monaco,home,4-2-3-1,0,41,Hugo Siquet,SUB,0,757665
Club Brugge,2025-09-18,AS Monaco,home,4-2-3-1,0,19,Gustaf Nilsson,SUB,0,757665
Club Brugge,2025-09-18,AS Monaco,home,4-2-3-1,0,87,Kaye Furo,SUB,0,757665
Club Brugge,2025-09-18,AS Monaco,home,4-2-3-1,0,29,Nordin Jackers,SUB,0,757665
Club Brugge,2025-09-18,AS Monaco,home,4-2-3-1,0,11,Cisse Sandra,SUB,0,757665
Club Brugge,2025-09-18,AS Monaco,home,4-2-3-1,0,58,Jorne Spileers,SUB,0,757665
Club Brugge,2025-09-18,AS Monaco,home,4-2-3-1,0,10,Hugo Vetlesen,SUB,0,757665
Club Brugge,2025-09-18,AS Monaco,home,4-2-3-1,0,62,Lynnt Audoor,SUB,0,757665
Club Brugge,2025-09-30,Atalanta,away,4-2-3-1,1,29,Nordin Jackers,G,1,757672
Club Brugge,2025-09-30,Atalanta,away,4-2-3-1,1,44,Brandon Mechele,CD-L,6,757672
Club Brugge,2025-09-30,Atalanta,away,4-2-3-1,1,4,Joel Ordóñez,CD-R,5,757672
Club Brugge,2025-09-30,Atalanta,away,4-2-3-1,1,65,Joaquin Seys,LB,3,757672
Club Brugge,2025-09-30,Atalanta,away,4-2-3-1,1,64,Kyriani Sabbe,RB,2,757672
Club Brugge,2025-09-30,Atalanta,away,4-2-3-1,1,20,Hans Vanaken,AM,10,757672
Club Brugge,2025-09-30,Atalanta,away,4-2-3-1,1,11,Cisse Sandra,LM,4,757672
Club Brugge,2025-09-30,Atalanta,away,4-2-3-1,1,25,Aleksandar Stankovic,RM,8,757672
Club Brugge,2025-09-30,Atalanta,away,4-2-3-1,1,7,Nicolo Tresoldi,F,9,757672
Club Brugge,2025-09-30,Atalanta,away,4-2-3-1,1,8,Christos Tzolis,AM-L,11,757672
Club Brugge,2025-09-30,Atalanta,away,4-2-3-1,1,9,Carlos Forbs,AM-R,7,757672
Club Brugge,2025-09-30,Atalanta,away,4-2-3-1,0,17,Romeo Vermant,SUB,0,757672
Club Brugge,2025-09-30,Atalanta,away,4-2-3-1,0,16,Dani van den Heuvel,SUB,0,757672
Club Brugge,2025-09-30,Atalanta,away,4-2-3-1,0,67,Mamadou Diakhon,SUB,0,757672
Club Brugge,2025-09-30,Atalanta,away,4-2-3-1,0,19,Gustaf Nilsson,SUB,0,757672
Club Brugge,2025-09-30,Atalanta,away,4-2-3-1,0,24,Vince Osuji,SUB,0,757672
Club Brugge,2025-09-30,Atalanta,away,4-2-3-1,0,6,Ludovit Reis,SUB,0,757672
Club Brugge,2025-09-30,Atalanta,away,4-2-3-1,0,62,Lynnt Audoor,SUB,0,757672
Club Brugge,2025-09-30,Atalanta,away,4-2-3-1,0,2,Zaid Romero,SUB,0,757672
Club Brugge,2025-09-30,Atalanta,away,4-2-3-1,0,41,Hugo Siquet,SUB,0,757672
Club Brugge,2025-09-30,Atalanta,away,4-2-3-1,0,14,Bjorn Meijer,SUB,0,757672
Club Brugge,2025-09-30,Atalanta,away,4-2-3-1,0,10,Hugo Vetlesen,SUB,0,757672
Club Brugge,2025-09-30,Atalanta,away,4-2-3-1,0,84,Shandre Campbell,SUB,0,757672
Union SG,2025-10-01,Newcastle United,home,3-4-1-2,1,37,Kjell Scherpen,G,1,757681
Union SG,2025-10-01,Newcastle United,home,3-4-1-2,1,16,Christian Burgess,CD,5,757681
Union SG,2025-10-01,Newcastle United,home,3-4-1-2,1,48,Fedde Leysen,CD-L,4,757681
Union SG,2025-10-01,Newcastle United,home,3-4-1-2,1,5,Kevin Mac Allister,CD-R,6,757681
Union SG,2025-10-01,Newcastle United,home,3-4-1-2,1,6,Kamiel Van De Perre,CM-L,8,757681
Union SG,2025-10-01,Newcastle United,home,3-4-1-2,1,8,Adem Zorgane,CM-R,7,757681
Union SG,2025-10-01,Newcastle United,home,3-4-1-2,1,10,Anouar Ait El Hadj,AM,9,757681
Union SG,2025-10-01,Newcastle United,home,3-4-1-2,1,22,Ousseynou Niang,LM,3,757681
Union SG,2025-10-01,Newcastle United,home,3-4-1-2,1,25,Anan Khalaili,RM,2,757681
Union SG,2025-10-01,Newcastle United,home,3-4-1-2,1,12,Promise David,CF-L,11,757681
Union SG,2025-10-01,Newcastle United,home,3-4-1-2,1,13,Kevin Rodríguez,CF-R,10,757681
Union SG,2025-10-01,Newcastle United,home,3-4-1-2,0,27,Louis Patris,SUB,0,757681
Union SG,2025-10-01,Newcastle United,home,3-4-1-2,0,1,Vic Chambaere,SUB,0,757681
Union SG,2025-10-01,Newcastle United,home,3-4-1-2,0,33,Soulaimane Berradi,SUB,0,757681
Union SG,2025-10-01,Newcastle United,home,3-4-1-2,0,11,Guilherme Smith,SUB,0,757681
Union SG,2025-10-01,Newcastle United,home,3-4-1-2,0,4,Mathias Rasmussen,SUB,0,757681
Union SG,2025-10-01,Newcastle United,home,3-4-1-2,0,23,Sofiane Boufal,SUB,0,757681
Union SG,2025-10-01,Newcastle United,home,3-4-1-2,0,17,Rob Schoofs,SUB,0,757681
Union SG,2025-10-01,Newcastle United,home,3-4-1-2,0,26,Ross Sykes,SUB,0,757681
Union SG,2025-10-01,Newcastle United,home,3-4-1-2,0,20,Marc Giger,SUB,0,757681
Union SG,2025-10-01,Newcastle United,home,3-4-1-2,0,3,Mamadou Barry,SUB,0,757681
Union SG,2025-10-21,Internazionale,home,3-4-2-1,1,37,Kjell Scherpen,G,1,757692
Union SG,2025-10-21,Internazionale,home,3-4-2-1,1,16,Christian Burgess,CD,5,757692
Union SG,2025-10-21,Internazionale,home,3-4-2-1,1,48,Fedde Leysen,CD-L,4,757692
Union SG,2025-10-21,Internazionale,home,3-4-2-1,1,5,Kevin Mac Allister,CD-R,6,757692
Union SG,2025-10-21,Internazionale,home,3-4-2-1,1,8,Adem Zorgane,CM-L,8,757692
Union SG,2025-10-21,Internazionale,home,3-4-2-1,1,4,Mathias Rasmussen,CM-R,7,757692
Union SG,2025-10-21,Internazionale,home,3-4-2-1,1,22,Ousseynou Niang,LM,3,757692
Union SG,2025-10-21,Internazionale,home,3-4-2-1,1,25,Anan Khalaili,RM,2,757692
Union SG,2025-10-21,Internazionale,home,3-4-2-1,1,12,Promise David,F,9,757692
Union SG,2025-10-21,Internazionale,home,3-4-2-1,1,10,Anouar Ait El Hadj,CF-L,11,757692
Union SG,2025-10-21,Internazionale,home,3-4-2-1,1,6,Kamiel Van De Perre,CF-R,10,757692
Union SG,2025-10-21,Internazionale,home,3-4-2-1,0,26,Ross Sykes,SUB,0,757692
Union SG,2025-10-21,Internazionale,home,3-4-2-1,0,20,Marc Giger,SUB,0,757692
Union SG,2025-10-21,Internazionale,home,3-4-2-1,0,3,Mamadou Barry,SUB,0,757692
Union SG,2025-10-21,Internazionale,home,3-4-2-1,0,30,Raul Florucz,SUB,0,757692
Union SG,2025-10-21,Internazionale,home,3-4-2-1,0,1,Vic Chambaere,SUB,0,757692
Union SG,2025-10-21,Internazionale,home,3-4-2-1,0,27,Louis Patris,SUB,0,757692
Union SG,2025-10-21,Internazionale,home,3-4-2-1,0,23,Sofiane Boufal,SUB,0,757692
Union SG,2025-10-21,Internazionale,home,3-4-2-1,0,13,Kevin Rodríguez,SUB,0,757692
Union SG,2025-10-21,Internazionale,home,3-4-2-1,0,11,Guilherme Smith,SUB,0,757692
Union SG,2025-10-21,Internazionale,home,3-4-2-1,0,17,Rob Schoofs,SUB,0,757692
Club Brugge,2025-10-22,Bayern Munich,away,4-1-4-1,1,29,Nordin Jackers,G,1,757703
Club Brugge,2025-10-22,Bayern Munich,away,4-1-4-1,1,44,Brandon Mechele,CD-L,6,757703
Club Brugge,2025-10-22,Bayern Munich,away,4-1-4-1,1,4,Joel Ordóñez,CD-R,5,757703
Club Brugge,2025-10-22,Bayern Munich,away,4-1-4-1,1,25,Aleksandar Stankovic,DM,4,757703
Club Brugge,2025-10-22,Bayern Munich,away,4-1-4-1,1,14,Bjorn Meijer,LB,3,757703
Club Brugge,2025-10-22,Bayern Munich,away,4-1-4-1,1,64,Kyriani Sabbe,RB,2,757703
Club Brugge,2025-10-22,Bayern Munich,away,4-1-4-1,1,20,Hans Vanaken,CM-L,10,757703
Club Brugge,2025-10-22,Bayern Munich,away,4-1-4-1,1,62,Lynnt Audoor,CM-R,8,757703
Club Brugge,2025-10-22,Bayern Munich,away,4-1-4-1,1,8,Christos Tzolis,LM,11,757703
Club Brugge,2025-10-22,Bayern Munich,away,4-1-4-1,1,9,Carlos Forbs,RM,7,757703
Club Brugge,2025-10-22,Bayern Munich,away,4-1-4-1,1,7,Nicolo Tresoldi,F,9,757703
Club Brugge,2025-10-22,Bayern Munich,away,4-1-4-1,0,84,Shandre Campbell,SUB,0,757703
Club Brugge,2025-10-22,Bayern Munich,away,4-1-4-1,0,58,Jorne Spileers,SUB,0,757703
Club Brugge,2025-10-22,Bayern Munich,away,4-1-4-1,0,2,Zaid Romero,SUB,0,757703
Club Brugge,2025-10-22,Bayern Munich,away,4-1-4-1,0,17,Romeo Vermant,SUB,0,757703
Club Brugge,2025-10-22,Bayern Munich,away,4-1-4-1,0,11,Cisse Sandra,SUB,0,757703
Club Brugge,2025-10-22,Bayern Munich,away,4-1-4-1,0,87,Kaye Furo,SUB,0,757703
Club Brugge,2025-10-22,Bayern Munich,away,4-1-4-1,0,67,Mamadou Diakhon,SUB,0,757703
Club Brugge,2025-10-22,Bayern Munich,away,4-1-4-1,0,16,Dani van den Heuvel,SUB,0,757703
Club Brugge,2025-10-22,Bayern Munich,away,4-1-4-1,0,10,Hugo Vetlesen,SUB,0,757703
Club Brugge,2025-10-22,Bayern Munich,away,4-1-4-1,0,19,Gustaf Nilsson,SUB,0,757703
Club Brugge,2025-10-22,Bayern Munich,away,4-1-4-1,0,41,Hugo Siquet,SUB,0,757703
Club Brugge,2025-10-22,Bayern Munich,away,4-1-4-1,0,65,Joaquin Seys,SUB,0,757703
Union SG,2025-11-04,Atlético Madrid,away,3-5-1-1,1,37,Kjell Scherpen,G,1,757711
Union SG,2025-11-04,Atlético Madrid,away,3-5-1-1,1,16,Christian Burgess,CD,5,757711
Union SG,2025-11-04,Atlético Madrid,away,3-5-1-1,1,26,Ross Sykes,CD-L,4,757711
Union SG,2025-11-04,Atlético Madrid,away,3-5-1-1,1,5,Kevin Mac Allister,CD-R,6,757711
Union SG,2025-11-04,Atlético Madrid,away,3-5-1-1,1,17,Rob Schoofs,CM-L,8,757711
Union SG,2025-11-04,Atlético Madrid,away,3-5-1-1,1,8,Adem Zorgane,CM-R,7,757711
Union SG,2025-11-04,Atlético Madrid,away,3-5-1-1,1,6,Kamiel Van De Perre,AM,11,757711
Union SG,2025-11-04,Atlético Madrid,away,3-5-1-1,1,22,Ousseynou Niang,LM,3,757711
Union SG,2025-11-04,Atlético Madrid,away,3-5-1-1,1,25,Anan Khalaili,RM,2,757711
Union SG,2025-11-04,Atlético Madrid,away,3-5-1-1,1,13,Kevin Rodríguez,F,9,757711
Union SG,2025-11-04,Atlético Madrid,away,3-5-1-1,1,10,Anouar Ait El Hadj,RCF,10,757711
Union SG,2025-11-04,Atlético Madrid,away,3-5-1-1,0,12,Promise David,SUB,0,757711
Union SG,2025-11-04,Atlético Madrid,away,3-5-1-1,0,30,Raul Florucz,SUB,0,757711
Union SG,2025-11-04,Atlético Madrid,away,3-5-1-1,0,20,Marc Giger,SUB,0,757711
Union SG,2025-11-04,Atlético Madrid,away,3-5-1-1,0,3,Mamadou Barry,SUB,0,757711
Union SG,2025-11-04,Atlético Madrid,away,3-5-1-1,0,27,Louis Patris,SUB,0,757711
Union SG,2025-11-04,Atlético Madrid,away,3-5-1-1,0,23,Sofiane Boufal,SUB,0,757711
Union SG,2025-11-04,Atlético Madrid,away,3-5-1-1,0,1,Vic Chambaere,SUB,0,757711
Union SG,2025-11-04,Atlético Madrid,away,3-5-1-1,0,48,Fedde Leysen,SUB,0,757711
Union SG,2025-11-04,Atlético Madrid,away,3-5-1-1,0,4,Mathias Rasmussen,SUB,0,757711
Union SG,2025-11-04,Atlético Madrid,away,3-5-1-1,0,11,Guilherme Smith,SUB,0,757711
Club Brugge,2025-11-05,Barcelona,home,4-2-3-1,1,29,Nordin Jackers,G,1,757723
Club Brugge,2025-11-05,Barcelona,home,4-2-3-1,1,44,Brandon Mechele,CD-L,6,757723
Club Brugge,2025-11-05,Barcelona,home,4-2-3-1,1,4,Joel Ordóñez,CD-R,5,757723
Club Brugge,2025-11-05,Barcelona,home,4-2-3-1,1,65,Joaquin Seys,LB,3,757723
Club Brugge,2025-11-05,Barcelona,home,4-2-3-1,1,64,Kyriani Sabbe,RB,2,757723
Club Brugge,2025-11-05,Barcelona,home,4-2-3-1,1,20,Hans Vanaken,AM,10,757723
Club Brugge,2025-11-05,Barcelona,home,4-2-3-1,1,15,Raphael Onyedika,LM,4,757723
Club Brugge,2025-11-05,Barcelona,home,4-2-3-1,1,25,Aleksandar Stankovic,RM,8,757723
Club Brugge,2025-11-05,Barcelona,home,4-2-3-1,1,7,Nicolo Tresoldi,F,9,757723
Club Brugge,2025-11-05,Barcelona,home,4-2-3-1,1,8,Christos Tzolis,AM-L,11,757723
Club Brugge,2025-11-05,Barcelona,home,4-2-3-1,1,9,Carlos Forbs,AM-R,7,757723
Club Brugge,2025-11-05,Barcelona,home,4-2-3-1,0,58,Jorne Spileers,SUB,0,757723
Club Brugge,2025-11-05,Barcelona,home,4-2-3-1,0,19,Gustaf Nilsson,SUB,0,757723
Club Brugge,2025-11-05,Barcelona,home,4-2-3-1,0,16,Dani van den Heuvel,SUB,0,757723
Club Brugge,2025-11-05,Barcelona,home,4-2-3-1,0,17,Romeo Vermant,SUB,0,757723
Club Brugge,2025-11-05,Barcelona,home,4-2-3-1,0,10,Hugo Vetlesen,SUB,0,757723
Club Brugge,2025-11-05,Barcelona,home,4-2-3-1,0,71,Axl De Corte,SUB,0,757723
Club Brugge,2025-11-05,Barcelona,home,4-2-3-1,0,84,Shandre Campbell,SUB,0,757723
Club Brugge,2025-11-05,Barcelona,home,4-2-3-1,0,41,Hugo Siquet,SUB,0,757723
Club Brugge,2025-11-05,Barcelona,home,4-2-3-1,0,67,Mamadou Diakhon,SUB,0,757723
Club Brugge,2025-11-05,Barcelona,home,4-2-3-1,0,62,Lynnt Audoor,SUB,0,757723
Club Brugge,2025-11-05,Barcelona,home,4-2-3-1,0,2,Zaid Romero,SUB,0,757723
Club Brugge,2025-11-05,Barcelona,home,4-2-3-1,0,11,Cisse Sandra,SUB,0,757723
Union SG,2025-11-25,Galatasaray,away,3-4-1-2,1,37,Kjell Scherpen,G,1,757726
Union SG,2025-11-25,Galatasaray,away,3-4-1-2,1,16,Christian Burgess,CD,5,757726
Union SG,2025-11-25,Galatasaray,away,3-4-1-2,1,26,Ross Sykes,CD-L,4,757726
Union SG,2025-11-25,Galatasaray,away,3-4-1-2,1,5,Kevin Mac Allister,CD-R,6,757726
Union SG,2025-11-25,Galatasaray,away,3-4-1-2,1,6,Kamiel Van De Perre,CM-L,8,757726
Union SG,2025-11-25,Galatasaray,away,3-4-1-2,1,8,Adem Zorgane,CM-R,7,757726
Union SG,2025-11-25,Galatasaray,away,3-4-1-2,1,10,Anouar Ait El Hadj,AM,9,757726
Union SG,2025-11-25,Galatasaray,away,3-4-1-2,1,22,Ousseynou Niang,LM,3,757726
Union SG,2025-11-25,Galatasaray,away,3-4-1-2,1,25,Anan Khalaili,RM,2,757726
Union SG,2025-11-25,Galatasaray,away,3-4-1-2,1,12,Promise David,CF-L,11,757726
Union SG,2025-11-25,Galatasaray,away,3-4-1-2,1,30,Raul Florucz,CF-R,10,757726
Union SG,2025-11-25,Galatasaray,away,3-4-1-2,0,27,Louis Patris,SUB,0,757726
Union SG,2025-11-25,Galatasaray,away,3-4-1-2,0,17,Rob Schoofs,SUB,0,757726
Union SG,2025-11-25,Galatasaray,away,3-4-1-2,0,20,Marc Giger,SUB,0,757726
Union SG,2025-11-25,Galatasaray,away,3-4-1-2,0,11,Guilherme Smith,SUB,0,757726
Union SG,2025-11-25,Galatasaray,away,3-4-1-2,0,4,Mathias Rasmussen,SUB,0,757726
Union SG,2025-11-25,Galatasaray,away,3-4-1-2,0,1,Vic Chambaere,SUB,0,757726
Union SG,2025-11-25,Galatasaray,away,3-4-1-2,0,48,Fedde Leysen,SUB,0,757726
Union SG,2025-11-25,Galatasaray,away,3-4-1-2,0,23,Sofiane Boufal,SUB,0,757726
Union SG,2025-11-25,Galatasaray,away,3-4-1-2,0,3,Mamadou Barry,SUB,0,757726
Union SG,2025-11-25,Galatasaray,away,3-4-1-2,0,13,Kevin Rodríguez,SUB,0,757726
Club Brugge,2025-11-26,Sporting CP,away,4-2-3-1,1,29,Nordin Jackers,G,1,757741
Club Brugge,2025-11-26,Sporting CP,away,4-2-3-1,1,44,Brandon Mechele,CD-L,6,757741
Club Brugge,2025-11-26,Sporting CP,away,4-2-3-1,1,4,Joel Ordóñez,CD-R,5,757741
Club Brugge,2025-11-26,Sporting CP,away,4-2-3-1,1,65,Joaquin Seys,LB,3,757741
Club Brugge,2025-11-26,Sporting CP,away,4-2-3-1,1,41,Hugo Siquet,RB,2,757741
Club Brugge,2025-11-26,Sporting CP,away,4-2-3-1,1,20,Hans Vanaken,AM,10,757741
Club Brugge,2025-11-26,Sporting CP,away,4-2-3-1,1,15,Raphael Onyedika,LM,4,757741
Club Brugge,2025-11-26,Sporting CP,away,4-2-3-1,1,25,Aleksandar Stankovic,RM,8,757741
Club Brugge,2025-11-26,Sporting CP,away,4-2-3-1,1,17,Romeo Vermant,F,9,757741
Club Brugge,2025-11-26,Sporting CP,away,4-2-3-1,1,8,Christos Tzolis,AM-L,11,757741
Club Brugge,2025-11-26,Sporting CP,away,4-2-3-1,1,9,Carlos Forbs,AM-R,7,757741
Club Brugge,2025-11-26,Sporting CP,away,4-2-3-1,0,22,Simon Mignolet,SUB,0,757741
Club Brugge,2025-11-26,Sporting CP,away,4-2-3-1,0,67,Mamadou Diakhon,SUB,0,757741
Club Brugge,2025-11-26,Sporting CP,away,4-2-3-1,0,11,Cisse Sandra,SUB,0,757741
Club Brugge,2025-11-26,Sporting CP,away,4-2-3-1,0,84,Shandre Campbell,SUB,0,757741
Club Brugge,2025-11-26,Sporting CP,away,4-2-3-1,0,10,Hugo Vetlesen,SUB,0,757741
Club Brugge,2025-11-26,Sporting CP,away,4-2-3-1,0,58,Jorne Spileers,SUB,0,757741
Club Brugge,2025-11-26,Sporting CP,away,4-2-3-1,0,7,Nicolo Tresoldi,SUB,0,757741
Club Brugge,2025-11-26,Sporting CP,away,4-2-3-1,0,16,Dani van den Heuvel,SUB,0,757741
Club Brugge,2025-11-26,Sporting CP,away,4-2-3-1,0,24,Vince Osuji,SUB,0,757741
Club Brugge,2025-11-26,Sporting CP,away,4-2-3-1,0,19,Gustaf Nilsson,SUB,0,757741
Club Brugge,2025-11-26,Sporting CP,away,4-2-3-1,0,82,Samuel Gomez Van Hoogen,SUB,0,757741
Club Brugge,2025-11-26,Sporting CP,away,4-2-3-1,0,2,Zaid Romero,SUB,0,757741
Union SG,2025-12-09,Marseille,home,3-1-4-2,0,12,Promise David,,0,757748
Union SG,2025-12-09,Marseille,home,3-1-4-2,0,3,Mamadou Barry,,0,757748
Union SG,2025-12-09,Marseille,home,3-1-4-2,0,10,Anouar Ait El Hadj,,0,757748
Union SG,2025-12-09,Marseille,home,3-1-4-2,0,27,Louis Patris,,0,757748
Union SG,2025-12-09,Marseille,home,3-1-4-2,0,4,Mathias Rasmussen,,0,757748
Union SG,2025-12-09,Marseille,home,3-1-4-2,0,23,Sofiane Boufal,,0,757748
Union SG,2025-12-09,Marseille,home,3-1-4-2,0,11,Guilherme Smith,,0,757748
Union SG,2025-12-09,Marseille,home,3-1-4-2,0,1,Vic Chambaere,,0,757748
Union SG,2025-12-09,Marseille,home,3-1-4-2,0,26,Ross Sykes,,0,757748
Union SG,2025-12-09,Marseille,home,3-1-4-2,0,20,Marc Giger,,0,757748
Union SG,2025-12-09,Marseille,home,3-1-4-2,1,37,Kjell Scherpen,G,1,757748
Union SG,2025-12-09,Marseille,home,3-1-4-2,1,16,Christian Burgess,CD,4,757748
Union SG,2025-12-09,Marseille,home,3-1-4-2,1,48,Fedde Leysen,CD-L,6,757748
Union SG,2025-12-09,Marseille,home,3-1-4-2,1,5,Kevin Mac Allister,CD-R,5,757748
Union SG,2025-12-09,Marseille,home,3-1-4-2,1,6,Kamiel Van De Perre,SW,8,757748
Union SG,2025-12-09,Marseille,home,3-1-4-2,1,17,Rob Schoofs,CM-L,11,757748
Union SG,2025-12-09,Marseille,home,3-1-4-2,1,8,Adem Zorgane,CM-R,7,757748
Union SG,2025-12-09,Marseille,home,3-1-4-2,1,22,Ousseynou Niang,LM,3,757748
Union SG,2025-12-09,Marseille,home,3-1-4-2,1,25,Anan Khalaili,RM,2,757748
Union SG,2025-12-09,Marseille,home,3-1-4-2,1,13,Kevin Rodríguez,CF-L,10,757748
Union SG,2025-12-09,Marseille,home,3-1-4-2,1,30,Raul Florucz,CF-R,9,757748
Club Brugge,2025-12-10,Arsenal,home,4-2-3-1,1,16,Dani van den Heuvel,G,1,757757
Club Brugge,2025-12-10,Arsenal,home,4-2-3-1,1,44,Brandon Mechele,CD-L,6,757757
Club Brugge,2025-12-10,Arsenal,home,4-2-3-1,1,4,Joel Ordóñez,CD-R,5,757757
Club Brugge,2025-12-10,Arsenal,home,4-2-3-1,1,65,Joaquin Seys,LB,3,757757
Club Brugge,2025-12-10,Arsenal,home,4-2-3-1,1,41,Hugo Siquet,RB,2,757757
Club Brugge,2025-12-10,Arsenal,home,4-2-3-1,1,20,Hans Vanaken,AM,10,757757
Club Brugge,2025-12-10,Arsenal,home,4-2-3-1,1,15,Raphael Onyedika,LM,4,757757
Club Brugge,2025-12-10,Arsenal,home,4-2-3-1,1,25,Aleksandar Stankovic,RM,8,757757
Club Brugge,2025-12-10,Arsenal,home,4-2-3-1,1,7,Nicolo Tresoldi,F,9,757757
Club Brugge,2025-12-10,Arsenal,home,4-2-3-1,1,8,Christos Tzolis,AM-L,11,757757
Club Brugge,2025-12-10,Arsenal,home,4-2-3-1,1,9,Carlos Forbs,AM-R,7,757757
Club Brugge,2025-12-10,Arsenal,home,4-2-3-1,0,64,Kyriani Sabbe,SUB,0,757757
Club Brugge,2025-12-10,Arsenal,home,4-2-3-1,0,11,Cisse Sandra,SUB,0,757757
Club Brugge,2025-12-10,Arsenal,home,4-2-3-1,0,87,Kaye Furo,SUB,0,757757
Club Brugge,2025-12-10,Arsenal,home,4-2-3-1,0,14,Bjorn Meijer,SUB,0,757757
Club Brugge,2025-12-10,Arsenal,home,4-2-3-1,0,2,Zaid Romero,SUB,0,757757
Club Brugge,2025-12-10,Arsenal,home,4-2-3-1,0,67,Mamadou Diakhon,SUB,0,757757
Club Brugge,2025-12-10,Arsenal,home,4-2-3-1,0,84,Shandre Campbell,SUB,0,757757
Club Brugge,2025-12-10,Arsenal,home,4-2-3-1,0,71,Axl De Corte,SUB,0,757757
Club Brugge,2025-12-10,Arsenal,home,4-2-3-1,0,58,Jorne Spileers,SUB,0,757757
Club Brugge,2025-12-10,Arsenal,home,4-2-3-1,0,10,Hugo Vetlesen,SUB,0,757757
Club Brugge,2025-12-10,Arsenal,home,4-2-3-1,0,19,Gustaf Nilsson,SUB,0,757757
Club Brugge,2026-01-20,Kairat Almaty,away,3-4-2-1,1,29,Nordin Jackers,G,1,757761
Club Brugge,2026-01-20,Kairat Almaty,away,3-4-2-1,1,4,Joel Ordóñez,CD,5,757761
Club Brugge,2026-01-20,Kairat Almaty,away,3-4-2-1,1,44,Brandon Mechele,CD-L,4,757761
Club Brugge,2026-01-20,Kairat Almaty,away,3-4-2-1,1,64,Kyriani Sabbe,CD-R,6,757761
Club Brugge,2026-01-20,Kairat Almaty,away,3-4-2-1,1,20,Hans Vanaken,CM-L,8,757761
Club Brugge,2026-01-20,Kairat Almaty,away,3-4-2-1,1,25,Aleksandar Stankovic,CM-R,7,757761
Club Brugge,2026-01-20,Kairat Almaty,away,3-4-2-1,1,65,Joaquin Seys,LM,3,757761
Club Brugge,2026-01-20,Kairat Almaty,away,3-4-2-1,1,9,Carlos Forbs,RM,2,757761
Club Brugge,2026-01-20,Kairat Almaty,away,3-4-2-1,1,17,Romeo Vermant,F,9,757761
Club Brugge,2026-01-20,Kairat Almaty,away,3-4-2-1,1,67,Mamadou Diakhon,CF-L,11,757761
Club Brugge,2026-01-20,Kairat Almaty,away,3-4-2-1,1,10,Hugo Vetlesen,CF-R,10,757761
Club Brugge,2026-01-20,Kairat Almaty,away,3-4-2-1,0,6,Ludovit Reis,SUB,0,757761
Club Brugge,2026-01-20,Kairat Almaty,away,3-4-2-1,0,14,Bjorn Meijer,SUB,0,757761
Club Brugge,2026-01-20,Kairat Almaty,away,3-4-2-1,0,22,Simon Mignolet,SUB,0,757761
Club Brugge,2026-01-20,Kairat Almaty,away,3-4-2-1,0,84,Shandre Campbell,SUB,0,757761
Club Brugge,2026-01-20,Kairat Almaty,away,3-4-2-1,0,11,Cisse Sandra,SUB,0,757761
Club Brugge,2026-01-20,Kairat Almaty,away,3-4-2-1,0,41,Hugo Siquet,SUB,0,757761
Club Brugge,2026-01-20,Kairat Almaty,away,3-4-2-1,0,24,Vince Osuji,SUB,0,757761
Club Brugge,2026-01-20,Kairat Almaty,away,3-4-2-1,0,81,Argus Driessche,SUB,0,757761
Club Brugge,2026-01-20,Kairat Almaty,away,3-4-2-1,0,7,Nicolo Tresoldi,SUB,0,757761
Union SG,2026-01-21,Bayern Munich,away,3-4-2-1,1,37,Kjell Scherpen,G,1,757774
Union SG,2026-01-21,Bayern Munich,away,3-4-2-1,1,16,Christian Burgess,CD,5,757774
Union SG,2026-01-21,Bayern Munich,away,3-4-2-1,1,26,Ross Sykes,CD-L,4,757774
Union SG,2026-01-21,Bayern Munich,away,3-4-2-1,1,5,Kevin Mac Allister,CD-R,6,757774
Union SG,2026-01-21,Bayern Munich,away,3-4-2-1,1,6,Kamiel Van De Perre,CM-L,8,757774
Union SG,2026-01-21,Bayern Munich,away,3-4-2-1,1,8,Adem Zorgane,CM-R,7,757774
Union SG,2026-01-21,Bayern Munich,away,3-4-2-1,1,11,Guilherme Smith,LM,3,757774
Union SG,2026-01-21,Bayern Munich,away,3-4-2-1,1,25,Anan Khalaili,RM,2,757774
Union SG,2026-01-21,Bayern Munich,away,3-4-2-1,1,12,Promise David,F,9,757774
Union SG,2026-01-21,Bayern Munich,away,3-4-2-1,1,10,Anouar Ait El Hadj,CF-L,11,757774
Union SG,2026-01-21,Bayern Munich,away,3-4-2-1,1,30,Raul Florucz,CF-R,10,757774
Union SG,2026-01-21,Bayern Munich,away,3-4-2-1,0,3,Mamadou Barry,SUB,0,757774
Union SG,2026-01-21,Bayern Munich,away,3-4-2-1,0,1,Vic Chambaere,SUB,0,757774
Union SG,2026-01-21,Bayern Munich,away,3-4-2-1,0,48,Fedde Leysen,SUB,0,757774
Union SG,2026-01-21,Bayern Munich,away,3-4-2-1,0,17,Rob Schoofs,SUB,0,757774
Union SG,2026-01-21,Bayern Munich,away,3-4-2-1,0,27,Louis Patris,SUB,0,757774
Union SG,2026-01-21,Bayern Munich,away,3-4-2-1,0,4,Mathias Rasmussen,SUB,0,757774
Union SG,2026-01-21,Bayern Munich,away,3-4-2-1,0,7,Mohammed Fuseini,SUB,0,757774
Union SG,2026-01-21,Bayern Munich,away,3-4-2-1,0,32,Sekou Keita,SUB,0,757774
Club Brugge,2026-01-28,Marseille,home,4-2-3-1,1,22,Simon Mignolet,G,1,757787
Club Brugge,2026-01-28,Marseille,home,4-2-3-1,1,44,Brandon Mechele,CD-L,6,757787
Club Brugge,2026-01-28,Marseille,home,4-2-3-1,1,4,Joel Ordóñez,CD-R,5,757787
Club Brugge,2026-01-28,Marseille,home,4-2-3-1,1,65,Joaquin Seys,LB,3,757787
Club Brugge,2026-01-28,Marseille,home,4-2-3-1,1,64,Kyriani Sabbe,RB,2,757787
Club Brugge,2026-01-28,Marseille,home,4-2-3-1,1,20,Hans Vanaken,AM,10,757787
Club Brugge,2026-01-28,Marseille,home,4-2-3-1,1,15,Raphael Onyedika,LM,4,757787
Club Brugge,2026-01-28,Marseille,home,4-2-3-1,1,25,Aleksandar Stankovic,RM,8,757787
Club Brugge,2026-01-28,Marseille,home,4-2-3-1,1,17,Romeo Vermant,F,9,757787
Club Brugge,2026-01-28,Marseille,home,4-2-3-1,1,67,Mamadou Diakhon,AM-L,11,757787
Club Brugge,2026-01-28,Marseille,home,4-2-3-1,1,9,Carlos Forbs,AM-R,7,757787
Club Brugge,2026-01-28,Marseille,home,4-2-3-1,0,58,Jorne Spileers,SUB,0,757787
Club Brugge,2026-01-28,Marseille,home,4-2-3-1,0,11,Cisse Sandra,SUB,0,757787
Club Brugge,2026-01-28,Marseille,home,4-2-3-1,0,8,Christos Tzolis,SUB,0,757787
Club Brugge,2026-01-28,Marseille,home,4-2-3-1,0,10,Hugo Vetlesen,SUB,0,757787
Club Brugge,2026-01-28,Marseille,home,4-2-3-1,0,7,Nicolo Tresoldi,SUB,0,757787
Club Brugge,2026-01-28,Marseille,home,4-2-3-1,0,14,Bjorn Meijer,SUB,0,757787
Club Brugge,2026-01-28,Marseille,home,4-2-3-1,0,29,Nordin Jackers,SUB,0,757787
Club Brugge,2026-01-28,Marseille,home,4-2-3-1,0,84,Shandre Campbell,SUB,0,757787
Club Brugge,2026-01-28,Marseille,home,4-2-3-1,0,6,Ludovit Reis,SUB,0,757787
Club Brugge,2026-01-28,Marseille,home,4-2-3-1,0,41,Hugo Siquet,SUB,0,757787
Union SG,2026-01-28,Atalanta,home,5-4-1,1,37,Kjell Scherpen,G,1,757796
Union SG,2026-01-28,Atalanta,home,5-4-1,1,16,Christian Burgess,CD,5,757796
Union SG,2026-01-28,Atalanta,home,5-4-1,1,26,Ross Sykes,CD-L,4,757796
Union SG,2026-01-28,Atalanta,home,5-4-1,1,5,Kevin Mac Allister,CD-R,6,757796
Union SG,2026-01-28,Atalanta,home,5-4-1,1,27,Louis Patris,LB,3,757796
Union SG,2026-01-28,Atalanta,home,5-4-1,1,25,Anan Khalaili,RB,2,757796
Union SG,2026-01-28,Atalanta,home,5-4-1,1,6,Kamiel Van De Perre,CM-L,10,757796
Union SG,2026-01-28,Atalanta,home,5-4-1,1,8,Adem Zorgane,CM-R,8,757796
Union SG,2026-01-28,Atalanta,home,5-4-1,1,11,Guilherme Smith,LM,11,757796
Union SG,2026-01-28,Atalanta,home,5-4-1,1,30,Raul Florucz,RM,7,757796
Union SG,2026-01-28,Atalanta,home,5-4-1,1,10,Anouar Ait El Hadj,F,9,757796
Union SG,2026-01-28,Atalanta,home,5-4-1,0,32,Sekou Keita,SUB,0,757796
Union SG,2026-01-28,Atalanta,home,5-4-1,0,35,Nathan Huygevelde,SUB,0,757796
Union SG,2026-01-28,Atalanta,home,5-4-1,0,22,Ousseynou Niang,SUB,0,757796
Union SG,2026-01-28,Atalanta,home,5-4-1,0,17,Rob Schoofs,SUB,0,757796
Union SG,2026-01-28,Atalanta,home,5-4-1,0,39,Youssef Hamoutahar,SUB,0,757796
Union SG,2026-01-28,Atalanta,home,5-4-1,0,7,Mohammed Fuseini,SUB,0,757796
Union SG,2026-01-28,Atalanta,home,5-4-1,0,33,Soulaimane Berradi,SUB,0,757796
Union SG,2026-01-28,Atalanta,home,5-4-1,0,1,Vic Chambaere,SUB,0,757796
Union SG,2026-01-28,Atalanta,home,5-4-1,0,48,Fedde Leysen,SUB,0,757796
Club Brugge,2026-02-18,Atlético Madrid,home,4-2-3-1,1,22,Simon Mignolet,G,1,401858760
Club Brugge,2026-02-18,Atlético Madrid,home,4-2-3-1,1,44,Brandon Mechele,CD-L,6,401858760
Club Brugge,2026-02-18,Atlético Madrid,home,4-2-3-1,1,4,Joel Ordóñez,CD-R,5,401858760
Club Brugge,2026-02-18,Atlético Madrid,home,4-2-3-1,1,65,Joaquin Seys,LB,3,401858760
Club Brugge,2026-02-18,Atlético Madrid,home,4-2-3-1,1,64,Kyriani Sabbe,RB,2,401858760
Club Brugge,2026-02-18,Atlético Madrid,home,4-2-3-1,1,20,Hans Vanaken,AM,10,401858760
Club Brugge,2026-02-18,Atlético Madrid,home,4-2-3-1,1,15,Raphael Onyedika,LM,4,401858760
Club Brugge,2026-02-18,Atlético Madrid,home,4-2-3-1,1,25,Aleksandar Stankovic,RM,8,401858760
Club Brugge,2026-02-18,Atlético Madrid,home,4-2-3-1,1,7,Nicolo Tresoldi,F,9,401858760
Club Brugge,2026-02-18,Atlético Madrid,home,4-2-3-1,1,67,Mamadou Diakhon,AM-L,11,401858760
Club Brugge,2026-02-18,Atlético Madrid,home,4-2-3-1,1,8,Christos Tzolis,AM-R,7,401858760
Club Brugge,2026-02-18,Atlético Madrid,home,4-2-3-1,0,29,Nordin Jackers,SUB,0,401858760
Club Brugge,2026-02-18,Atlético Madrid,home,4-2-3-1,0,19,Gustaf Nilsson,SUB,0,401858760
Club Brugge,2026-02-18,Atlético Madrid,home,4-2-3-1,0,58,Jorne Spileers,SUB,0,401858760
Club Brugge,2026-02-18,Atlético Madrid,home,4-2-3-1,0,10,Hugo Vetlesen,SUB,0,401858760
Club Brugge,2026-02-18,Atlético Madrid,home,4-2-3-1,0,17,Romeo Vermant,SUB,0,401858760
Club Brugge,2026-02-18,Atlético Madrid,home,4-2-3-1,0,14,Bjorn Meijer,SUB,0,401858760
Club Brugge,2026-02-18,Atlético Madrid,home,4-2-3-1,0,41,Hugo Siquet,SUB,0,401858760
Club Brugge,2026-02-18,Atlético Madrid,home,4-2-3-1,0,6,Ludovit Reis,SUB,0,401858760
Club Brugge,2026-02-18,Atlético Madrid,home,4-2-3-1,0,24,Vince Osuji,SUB,0,401858760
Club Brugge,2026-02-18,Atlético Madrid,home,4-2-3-1,0,84,Shandre Campbell,SUB,0,401858760
Club Brugge,2026-02-18,Atlético Madrid,home,4-2-3-1,0,80,Felix Lemarechal,SUB,0,401858760
Club Brugge,2026-02-24,Atlético Madrid,away,4-1-4-1,1,22,Simon Mignolet,G,1,401858768
Club Brugge,2026-02-24,Atlético Madrid,away,4-1-4-1,1,44,Brandon Mechele,CD-L,6,401858768
Club Brugge,2026-02-24,Atlético Madrid,away,4-1-4-1,1,4,Joel Ordóñez,CD-R,5,401858768
Club Brugge,2026-02-24,Atlético Madrid,away,4-1-4-1,1,25,Aleksandar Stankovic,DM,4,401858768
Club Brugge,2026-02-24,Atlético Madrid,away,4-1-4-1,1,65,Joaquin Seys,LB,3,401858768
Club Brugge,2026-02-24,Atlético Madrid,away,4-1-4-1,1,64,Kyriani Sabbe,RB,2,401858768
Club Brugge,2026-02-24,Atlético Madrid,away,4-1-4-1,1,20,Hans Vanaken,CM-L,10,401858768
Club Brugge,2026-02-24,Atlético Madrid,away,4-1-4-1,1,10,Hugo Vetlesen,CM-R,8,401858768
Club Brugge,2026-02-24,Atlético Madrid,away,4-1-4-1,1,8,Christos Tzolis,LM,11,401858768
Club Brugge,2026-02-24,Atlético Madrid,away,4-1-4-1,1,9,Carlos Forbs,RM,7,401858768
Club Brugge,2026-02-24,Atlético Madrid,away,4-1-4-1,1,7,Nicolo Tresoldi,F,9,401858768
Club Brugge,2026-02-24,Atlético Madrid,away,4-1-4-1,0,24,Vince Osuji,SUB,0,401858768
Club Brugge,2026-02-24,Atlético Madrid,away,4-1-4-1,0,67,Mamadou Diakhon,SUB,0,401858768
Club Brugge,2026-02-24,Atlético Madrid,away,4-1-4-1,0,58,Jorne Spileers,SUB,0,401858768
Club Brugge,2026-02-24,Atlético Madrid,away,4-1-4-1,0,84,Shandre Campbell,SUB,0,401858768
Club Brugge,2026-02-24,Atlético Madrid,away,4-1-4-1,0,19,Gustaf Nilsson,SUB,0,401858768
Club Brugge,2026-02-24,Atlético Madrid,away,4-1-4-1,0,80,Felix Lemarechal,SUB,0,401858768
Club Brugge,2026-02-24,Atlético Madrid,away,4-1-4-1,0,11,Cisse Sandra,SUB,0,401858768
Club Brugge,2026-02-24,Atlético Madrid,away,4-1-4-1,0,14,Bjorn Meijer,SUB,0,401858768
Club Brugge,2026-02-24,Atlético Madrid,away,4-1-4-1,0,41,Hugo Siquet,SUB,0,401858768
Club Brugge,2026-02-24,Atlético Madrid,away,4-1-4-1,0,29,Nordin Jackers,SUB,0,401858768
Club Brugge,2026-02-24,Atlético Madrid,away,4-1-4-1,0,17,Romeo Vermant,SUB,0,401858768
Club Brugge,2026-02-24,Atlético Madrid,away,4-1-4-1,0,71,Axl De Corte,SUB,0,401858768
Genk,2025-09-25,Rangers,away,4-1-4-1,1,1,Hendrik van Crombrugge,G,1,757810
Genk,2025-09-25,Rangers,away,4-1-4-1,1,6,Matte Smets,CD-L,6,757810
Genk,2025-09-25,Rangers,away,4-1-4-1,1,3,Mujaid Sadick,CD-R,5,757810
Genk,2025-09-25,Rangers,away,4-1-4-1,1,21,Ibrahima Bangoura,DM,4,757810
Genk,2025-09-25,Rangers,away,4-1-4-1,1,18,Joris Kayembe,LB,3,757810
Genk,2025-09-25,Rangers,away,4-1-4-1,1,77,Zakaria El Ouahdi,RB,2,757810
Genk,2025-09-25,Rangers,away,4-1-4-1,1,8,Bryan Heynen,CM-L,10,757810
Genk,2025-09-25,Rangers,away,4-1-4-1,1,17,Patrik Hrosovský,CM-R,8,757810
Genk,2025-09-25,Rangers,away,4-1-4-1,1,19,Yaimar Medina,LM,11,757810
Genk,2025-09-25,Rangers,away,4-1-4-1,1,7,Jarne Steuckers,RM,7,757810
Genk,2025-09-25,Rangers,away,4-1-4-1,1,9,Oh Hyeon-Gyu,F,9,757810
Genk,2025-09-25,Rangers,away,4-1-4-1,0,29,Robin Mirisola,SUB,0,757810
Genk,2025-09-25,Rangers,away,4-1-4-1,0,24,Nikolas Sattlberger,SUB,0,757810
Genk,2025-09-25,Rangers,away,4-1-4-1,0,20,Konstantinos Karetsas,SUB,0,757810
Genk,2025-09-25,Rangers,away,4-1-4-1,0,27,Ken Nkuba Tshiend,SUB,0,757810
Genk,2025-09-25,Rangers,away,4-1-4-1,0,23,Aaron Bibout,SUB,0,757810
Genk,2025-09-25,Rangers,away,4-1-4-1,0,34,Adrian Palacios,SUB,0,757810
Genk,2025-09-25,Rangers,away,4-1-4-1,0,32,Noah Adedeji-Sternberg,SUB,0,757810
Genk,2025-09-25,Rangers,away,4-1-4-1,0,30,Ayumu Yokoyama,SUB,0,757810
Genk,2025-09-25,Rangers,away,4-1-4-1,0,10,Junya Ito,SUB,0,757810
Genk,2025-09-25,Rangers,away,4-1-4-1,0,44,Josué Ndenge,SUB,0,757810
Genk,2025-09-25,Rangers,away,4-1-4-1,0,99,Jusef Erabi,SUB,0,757810
Genk,2025-09-25,Rangers,away,4-1-4-1,0,28,Lucca Kiaba Mounganga,SUB,0,757810
Genk,2025-10-02,Ferencvaros,home,4-2-3-1,1,1,Hendrik van Crombrugge,G,1,757829
Genk,2025-10-02,Ferencvaros,home,4-2-3-1,1,6,Matte Smets,CD-L,6,757829
Genk,2025-10-02,Ferencvaros,home,4-2-3-1,1,3,Mujaid Sadick,CD-R,5,757829
Genk,2025-10-02,Ferencvaros,home,4-2-3-1,1,18,Joris Kayembe,LB,3,757829
Genk,2025-10-02,Ferencvaros,home,4-2-3-1,1,77,Zakaria El Ouahdi,RB,2,757829
Genk,2025-10-02,Ferencvaros,home,4-2-3-1,1,17,Patrik Hrosovský,AM,10,757829
Genk,2025-10-02,Ferencvaros,home,4-2-3-1,1,8,Bryan Heynen,LM,4,757829
Genk,2025-10-02,Ferencvaros,home,4-2-3-1,1,21,Ibrahima Bangoura,RM,8,757829
Genk,2025-10-02,Ferencvaros,home,4-2-3-1,1,9,Oh Hyeon-Gyu,F,9,757829
Genk,2025-10-02,Ferencvaros,home,4-2-3-1,1,10,Junya Ito,AM-L,11,757829
Genk,2025-10-02,Ferencvaros,home,4-2-3-1,1,7,Jarne Steuckers,AM-R,7,757829
Genk,2025-10-02,Ferencvaros,home,4-2-3-1,0,19,Yaimar Medina,SUB,0,757829
Genk,2025-10-02,Ferencvaros,home,4-2-3-1,0,27,Ken Nkuba Tshiend,SUB,0,757829
Genk,2025-10-02,Ferencvaros,home,4-2-3-1,0,20,Konstantinos Karetsas,SUB,0,757829
Genk,2025-10-02,Ferencvaros,home,4-2-3-1,0,14,Yira Sor,SUB,0,757829
Genk,2025-10-02,Ferencvaros,home,4-2-3-1,0,29,Robin Mirisola,SUB,0,757829
Genk,2025-10-02,Ferencvaros,home,4-2-3-1,0,24,Nikolas Sattlberger,SUB,0,757829
Genk,2025-10-02,Ferencvaros,home,4-2-3-1,0,99,Jusef Erabi,SUB,0,757829
Genk,2025-10-02,Ferencvaros,home,4-2-3-1,0,44,Josué Ndenge,SUB,0,757829
Genk,2025-10-02,Ferencvaros,home,4-2-3-1,0,32,Noah Adedeji-Sternberg,SUB,0,757829
Genk,2025-10-02,Ferencvaros,home,4-2-3-1,0,28,Lucca Kiaba Mounganga,SUB,0,757829
Genk,2025-10-02,Ferencvaros,home,4-2-3-1,0,23,Aaron Bibout,SUB,0,757829
Genk,2025-10-02,Ferencvaros,home,4-2-3-1,0,34,Adrian Palacios,SUB,0,757829
Genk,2025-10-23,Real Betis,home,4-2-3-1,1,1,Hendrik van Crombrugge,G,1,757833
Genk,2025-10-23,Real Betis,home,4-2-3-1,1,6,Matte Smets,CD-L,6,757833
Genk,2025-10-23,Real Betis,home,4-2-3-1,1,3,Mujaid Sadick,CD-R,5,757833
Genk,2025-10-23,Real Betis,home,4-2-3-1,1,18,Joris Kayembe,LB,3,757833
Genk,2025-10-23,Real Betis,home,4-2-3-1,1,27,Ken Nkuba Tshiend,RB,2,757833
Genk,2025-10-23,Real Betis,home,4-2-3-1,1,17,Patrik Hrosovský,AM,10,757833
Genk,2025-10-23,Real Betis,home,4-2-3-1,1,8,Bryan Heynen,LM,4,757833
Genk,2025-10-23,Real Betis,home,4-2-3-1,1,24,Nikolas Sattlberger,RM,8,757833
Genk,2025-10-23,Real Betis,home,4-2-3-1,1,9,Oh Hyeon-Gyu,F,9,757833
Genk,2025-10-23,Real Betis,home,4-2-3-1,1,19,Yaimar Medina,AM-L,11,757833
Genk,2025-10-23,Real Betis,home,4-2-3-1,1,20,Konstantinos Karetsas,AM-R,7,757833
Genk,2025-10-23,Real Betis,home,4-2-3-1,0,14,Yira Sor,SUB,0,757833
Genk,2025-10-23,Real Betis,home,4-2-3-1,0,38,Daan Heymans,SUB,0,757833
Genk,2025-10-23,Real Betis,home,4-2-3-1,0,44,Josué Ndenge,SUB,0,757833
Genk,2025-10-23,Real Betis,home,4-2-3-1,0,32,Noah Adedeji-Sternberg,SUB,0,757833
Genk,2025-10-23,Real Betis,home,4-2-3-1,0,99,Jusef Erabi,SUB,0,757833
Genk,2025-10-23,Real Betis,home,4-2-3-1,0,28,Lucca Kiaba Mounganga,SUB,0,757833
Genk,2025-10-23,Real Betis,home,4-2-3-1,0,23,Aaron Bibout,SUB,0,757833
Genk,2025-10-23,Real Betis,home,4-2-3-1,0,71,Brent Stevens,SUB,0,757833
Genk,2025-10-23,Real Betis,home,4-2-3-1,0,34,Adrian Palacios,SUB,0,757833
Genk,2025-10-23,Real Betis,home,4-2-3-1,0,30,Ayumu Yokoyama,SUB,0,757833
Genk,2025-10-23,Real Betis,home,4-2-3-1,0,29,Robin Mirisola,SUB,0,757833
Genk,2025-10-23,Real Betis,home,4-2-3-1,0,21,Ibrahima Bangoura,SUB,0,757833
Genk,2025-11-06,Braga,away,4-2-3-1,1,1,Hendrik van Crombrugge,G,1,757867
Genk,2025-11-06,Braga,away,4-2-3-1,1,6,Matte Smets,CD-L,6,757867
Genk,2025-11-06,Braga,away,4-2-3-1,1,3,Mujaid Sadick,CD-R,5,757867
Genk,2025-11-06,Braga,away,4-2-3-1,1,18,Joris Kayembe,LB,3,757867
Genk,2025-11-06,Braga,away,4-2-3-1,1,27,Ken Nkuba Tshiend,RB,2,757867
Genk,2025-11-06,Braga,away,4-2-3-1,1,38,Daan Heymans,AM,10,757867
Genk,2025-11-06,Braga,away,4-2-3-1,1,8,Bryan Heynen,LM,4,757867
Genk,2025-11-06,Braga,away,4-2-3-1,1,17,Patrik Hrosovský,RM,8,757867
Genk,2025-11-06,Braga,away,4-2-3-1,1,9,Oh Hyeon-Gyu,F,9,757867
Genk,2025-11-06,Braga,away,4-2-3-1,1,14,Yira Sor,AM-L,11,757867
Genk,2025-11-06,Braga,away,4-2-3-1,1,20,Konstantinos Karetsas,AM-R,7,757867
Genk,2025-11-06,Braga,away,4-2-3-1,0,29,Robin Mirisola,SUB,0,757867
Genk,2025-11-06,Braga,away,4-2-3-1,0,44,Josué Ndenge,SUB,0,757867
Genk,2025-11-06,Braga,away,4-2-3-1,0,34,Adrian Palacios,SUB,0,757867
Genk,2025-11-06,Braga,away,4-2-3-1,0,19,Yaimar Medina,SUB,0,757867
Genk,2025-11-06,Braga,away,4-2-3-1,0,7,Jarne Steuckers,SUB,0,757867
Genk,2025-11-06,Braga,away,4-2-3-1,0,23,Aaron Bibout,SUB,0,757867
Genk,2025-11-06,Braga,away,4-2-3-1,0,71,Brent Stevens,SUB,0,757867
Genk,2025-11-06,Braga,away,4-2-3-1,0,99,Jusef Erabi,SUB,0,757867
Genk,2025-11-06,Braga,away,4-2-3-1,0,32,Noah Adedeji-Sternberg,SUB,0,757867
Genk,2025-11-06,Braga,away,4-2-3-1,0,24,Nikolas Sattlberger,SUB,0,757867
Genk,2025-11-06,Braga,away,4-2-3-1,0,30,Ayumu Yokoyama,SUB,0,757867
Genk,2025-11-06,Braga,away,4-2-3-1,0,26,Tobias Lawal,SUB,0,757867
Genk,2025-11-27,FC Basel,home,4-2-3-1,1,1,Hendrik van Crombrugge,G,1,757880
Genk,2025-11-27,FC Basel,home,4-2-3-1,1,6,Matte Smets,CD-L,6,757880
Genk,2025-11-27,FC Basel,home,4-2-3-1,1,3,Mujaid Sadick,CD-R,5,757880
Genk,2025-11-27,FC Basel,home,4-2-3-1,1,19,Yaimar Medina,LB,3,757880
Genk,2025-11-27,FC Basel,home,4-2-3-1,1,77,Zakaria El Ouahdi,RB,2,757880
Genk,2025-11-27,FC Basel,home,4-2-3-1,1,38,Daan Heymans,AM,10,757880
Genk,2025-11-27,FC Basel,home,4-2-3-1,1,8,Bryan Heynen,LM,4,757880
Genk,2025-11-27,FC Basel,home,4-2-3-1,1,17,Patrik Hrosovský,RM,8,757880
Genk,2025-11-27,FC Basel,home,4-2-3-1,1,9,Oh Hyeon-Gyu,F,9,757880
Genk,2025-11-27,FC Basel,home,4-2-3-1,1,14,Yira Sor,AM-L,11,757880
Genk,2025-11-27,FC Basel,home,4-2-3-1,1,20,Konstantinos Karetsas,AM-R,7,757880
Genk,2025-11-27,FC Basel,home,4-2-3-1,0,26,Tobias Lawal,SUB,0,757880
Genk,2025-11-27,FC Basel,home,4-2-3-1,0,29,Robin Mirisola,SUB,0,757880
Genk,2025-11-27,FC Basel,home,4-2-3-1,0,44,Josué Ndenge,SUB,0,757880
Genk,2025-11-27,FC Basel,home,4-2-3-1,0,23,Aaron Bibout,SUB,0,757880
Genk,2025-11-27,FC Basel,home,4-2-3-1,0,71,Brent Stevens,SUB,0,757880
Genk,2025-11-27,FC Basel,home,4-2-3-1,0,7,Jarne Steuckers,SUB,0,757880
Genk,2025-11-27,FC Basel,home,4-2-3-1,0,32,Noah Adedeji-Sternberg,SUB,0,757880
Genk,2025-11-27,FC Basel,home,4-2-3-1,0,21,Ibrahima Bangoura,SUB,0,757880
Genk,2025-11-27,FC Basel,home,4-2-3-1,0,30,Ayumu Yokoyama,SUB,0,757880
Genk,2025-11-27,FC Basel,home,4-2-3-1,0,99,Jusef Erabi,SUB,0,757880
Genk,2025-11-27,FC Basel,home,4-2-3-1,0,34,Adrian Palacios,SUB,0,757880
Genk,2025-11-27,FC Basel,home,4-2-3-1,0,24,Nikolas Sattlberger,SUB,0,757880
Genk,2025-12-11,FC Midtjylland,away,4-2-3-1,1,1,Hendrik van Crombrugge,G,1,757895
Genk,2025-12-11,FC Midtjylland,away,4-2-3-1,1,6,Matte Smets,CD-L,6,757895
Genk,2025-12-11,FC Midtjylland,away,4-2-3-1,1,3,Mujaid Sadick,CD-R,5,757895
Genk,2025-12-11,FC Midtjylland,away,4-2-3-1,1,34,Adrian Palacios,LB,3,757895
Genk,2025-12-11,FC Midtjylland,away,4-2-3-1,1,77,Zakaria El Ouahdi,RB,2,757895
Genk,2025-12-11,FC Midtjylland,away,4-2-3-1,1,38,Daan Heymans,AM,10,757895
Genk,2025-12-11,FC Midtjylland,away,4-2-3-1,1,17,Patrik Hrosovský,LM,4,757895
Genk,2025-12-11,FC Midtjylland,away,4-2-3-1,1,8,Bryan Heynen,RM,8,757895
Genk,2025-12-11,FC Midtjylland,away,4-2-3-1,1,9,Oh Hyeon-Gyu,F,9,757895
Genk,2025-12-11,FC Midtjylland,away,4-2-3-1,1,19,Yaimar Medina,AM-L,11,757895
Genk,2025-12-11,FC Midtjylland,away,4-2-3-1,1,20,Konstantinos Karetsas,AM-R,7,757895
Genk,2025-12-11,FC Midtjylland,away,4-2-3-1,0,14,Yira Sor,SUB,0,757895
Genk,2025-12-11,FC Midtjylland,away,4-2-3-1,0,23,Aaron Bibout,SUB,0,757895
Genk,2025-12-11,FC Midtjylland,away,4-2-3-1,0,29,Robin Mirisola,SUB,0,757895
Genk,2025-12-11,FC Midtjylland,away,4-2-3-1,0,71,Brent Stevens,SUB,0,757895
Genk,2025-12-11,FC Midtjylland,away,4-2-3-1,0,44,Josué Ndenge,SUB,0,757895
Genk,2025-12-11,FC Midtjylland,away,4-2-3-1,0,21,Ibrahima Bangoura,SUB,0,757895
Genk,2025-12-11,FC Midtjylland,away,4-2-3-1,0,7,Jarne Steuckers,SUB,0,757895
Genk,2025-12-11,FC Midtjylland,away,4-2-3-1,0,24,Nikolas Sattlberger,SUB,0,757895
Genk,2025-12-11,FC Midtjylland,away,4-2-3-1,0,26,Tobias Lawal,SUB,0,757895
Genk,2025-12-11,FC Midtjylland,away,4-2-3-1,0,30,Ayumu Yokoyama,SUB,0,757895
Genk,2025-12-11,FC Midtjylland,away,4-2-3-1,0,99,Jusef Erabi,SUB,0,757895
Genk,2026-01-22,FC Utrecht,away,4-1-4-1,1,26,Tobias Lawal,G,1,757916
Genk,2026-01-22,FC Utrecht,away,4-1-4-1,1,6,Matte Smets,CD-L,6,757916
Genk,2026-01-22,FC Utrecht,away,4-1-4-1,1,3,Mujaid Sadick,CD-R,5,757916
Genk,2026-01-22,FC Utrecht,away,4-1-4-1,1,8,Bryan Heynen,DM,4,757916
Genk,2026-01-22,FC Utrecht,away,4-1-4-1,1,19,Yaimar Medina,LB,3,757916
Genk,2026-01-22,FC Utrecht,away,4-1-4-1,1,77,Zakaria El Ouahdi,RB,2,757916
Genk,2026-01-22,FC Utrecht,away,4-1-4-1,1,20,Konstantinos Karetsas,CM-L,10,757916
Genk,2026-01-22,FC Utrecht,away,4-1-4-1,1,38,Daan Heymans,CM-R,8,757916
Genk,2026-01-22,FC Utrecht,away,4-1-4-1,1,14,Yira Sor,LM,11,757916
Genk,2026-01-22,FC Utrecht,away,4-1-4-1,1,10,Junya Ito,RM,7,757916
Genk,2026-01-22,FC Utrecht,away,4-1-4-1,1,23,Aaron Bibout,F,9,757916
Genk,2026-01-22,FC Utrecht,away,4-1-4-1,0,24,Nikolas Sattlberger,SUB,0,757916
Genk,2026-01-22,FC Utrecht,away,4-1-4-1,0,7,Jarne Steuckers,SUB,0,757916
Genk,2026-01-22,FC Utrecht,away,4-1-4-1,0,29,Robin Mirisola,SUB,0,757916
Genk,2026-01-22,FC Utrecht,away,4-1-4-1,0,34,Adrian Palacios,SUB,0,757916
Genk,2026-01-22,FC Utrecht,away,4-1-4-1,0,56,August De Wannemacker,SUB,0,757916
Genk,2026-01-22,FC Utrecht,away,4-1-4-1,0,71,Brent Stevens,SUB,0,757916
Genk,2026-01-22,FC Utrecht,away,4-1-4-1,0,99,Jusef Erabi,SUB,0,757916
Genk,2026-01-22,FC Utrecht,away,4-1-4-1,0,1,Hendrik van Crombrugge,SUB,0,757916
Genk,2026-01-22,FC Utrecht,away,4-1-4-1,0,9,Oh Hyeon-Gyu,SUB,0,757916
Genk,2026-01-22,FC Utrecht,away,4-1-4-1,0,27,Ken Nkuba Tshiend,SUB,0,757916
Genk,2026-01-22,FC Utrecht,away,4-1-4-1,0,44,Josué Ndenge,SUB,0,757916
Genk,2026-01-22,FC Utrecht,away,4-1-4-1,0,21,Ibrahima Bangoura,SUB,0,757916
Genk,2026-01-29,Malmö FF,home,4-3-3,1,26,Tobias Lawal,G,1,757932
Genk,2026-01-29,Malmö FF,home,4-3-3,1,6,Matte Smets,CD-L,6,757932
Genk,2026-01-29,Malmö FF,home,4-3-3,1,3,Mujaid Sadick,CD-R,5,757932
Genk,2026-01-29,Malmö FF,home,4-3-3,1,19,Yaimar Medina,LB,3,757932
Genk,2026-01-29,Malmö FF,home,4-3-3,1,77,Zakaria El Ouahdi,RB,2,757932
Genk,2026-01-29,Malmö FF,home,4-3-3,1,21,Ibrahima Bangoura,CM,4,757932
Genk,2026-01-29,Malmö FF,home,4-3-3,1,38,Daan Heymans,LM,8,757932
Genk,2026-01-29,Malmö FF,home,4-3-3,1,8,Bryan Heynen,RM,7,757932
Genk,2026-01-29,Malmö FF,home,4-3-3,1,9,Oh Hyeon-Gyu,F,9,757932
Genk,2026-01-29,Malmö FF,home,4-3-3,1,10,Junya Ito,LF,11,757932
Genk,2026-01-29,Malmö FF,home,4-3-3,1,7,Jarne Steuckers,RF,10,757932
Genk,2026-01-29,Malmö FF,home,4-3-3,0,1,Hendrik van Crombrugge,SUB,0,757932
Genk,2026-01-29,Malmö FF,home,4-3-3,0,56,August De Wannemacker,SUB,0,757932
Genk,2026-01-29,Malmö FF,home,4-3-3,0,20,Konstantinos Karetsas,SUB,0,757932
Genk,2026-01-29,Malmö FF,home,4-3-3,0,44,Josué Ndenge,SUB,0,757932
Genk,2026-01-29,Malmö FF,home,4-3-3,0,27,Ken Nkuba Tshiend,SUB,0,757932
Genk,2026-01-29,Malmö FF,home,4-3-3,0,23,Aaron Bibout,SUB,0,757932
Genk,2026-01-29,Malmö FF,home,4-3-3,0,14,Yira Sor,SUB,0,757932
Genk,2026-01-29,Malmö FF,home,4-3-3,0,24,Nikolas Sattlberger,SUB,0,757932
Genk,2026-01-29,Malmö FF,home,4-3-3,0,18,Joris Kayembe,SUB,0,757932
Genk,2026-01-29,Malmö FF,home,4-3-3,0,71,Brent Stevens,SUB,0,757932
Genk,2026-01-29,Malmö FF,home,4-3-3,0,29,Robin Mirisola,SUB,0,757932
Genk,2026-01-29,Malmö FF,home,4-3-3,0,99,Jusef Erabi,SUB,0,757932
Genk,2026-02-19,Dinamo Zagreb,away,4-2-3-1,1,26,Tobias Lawal,G,1,401858777
Genk,2026-02-19,Dinamo Zagreb,away,4-2-3-1,1,6,Matte Smets,CD-L,6,401858777
Genk,2026-02-19,Dinamo Zagreb,away,4-2-3-1,1,3,Mujaid Sadick,CD-R,5,401858777
Genk,2026-02-19,Dinamo Zagreb,away,4-2-3-1,1,18,Joris Kayembe,LB,3,401858777
Genk,2026-02-19,Dinamo Zagreb,away,4-2-3-1,1,77,Zakaria El Ouahdi,RB,2,401858777
Genk,2026-02-19,Dinamo Zagreb,away,4-2-3-1,1,20,Konstantinos Karetsas,AM,10,401858777
Genk,2026-02-19,Dinamo Zagreb,away,4-2-3-1,1,38,Daan Heymans,LM,4,401858777
Genk,2026-02-19,Dinamo Zagreb,away,4-2-3-1,1,8,Bryan Heynen,RM,8,401858777
Genk,2026-02-19,Dinamo Zagreb,away,4-2-3-1,1,23,Aaron Bibout,F,9,401858777
Genk,2026-02-19,Dinamo Zagreb,away,4-2-3-1,1,10,Junya Ito,AM-L,11,401858777
Genk,2026-02-19,Dinamo Zagreb,away,4-2-3-1,1,7,Jarne Steuckers,AM-R,7,401858777
Genk,2026-02-19,Dinamo Zagreb,away,4-2-3-1,0,24,Nikolas Sattlberger,SUB,0,401858777
Genk,2026-02-19,Dinamo Zagreb,away,4-2-3-1,0,32,Noah Adedeji-Sternberg,SUB,0,401858777
Genk,2026-02-19,Dinamo Zagreb,away,4-2-3-1,0,34,Adrian Palacios,SUB,0,401858777
Genk,2026-02-19,Dinamo Zagreb,away,4-2-3-1,0,99,Jusef Erabi,SUB,0,401858777
Genk,2026-02-19,Dinamo Zagreb,away,4-2-3-1,0,27,Ken Nkuba Tshiend,SUB,0,401858777
Genk,2026-02-19,Dinamo Zagreb,away,4-2-3-1,0,29,Robin Mirisola,SUB,0,401858777
Genk,2026-02-19,Dinamo Zagreb,away,4-2-3-1,0,19,Yaimar Medina,SUB,0,401858777
Genk,2026-02-19,Dinamo Zagreb,away,4-2-3-1,0,97,Emile Doucouré,SUB,0,401858777
Genk,2026-02-19,Dinamo Zagreb,away,4-2-3-1,0,1,Hendrik van Crombrugge,SUB,0,401858777
Genk,2026-02-19,Dinamo Zagreb,away,4-2-3-1,0,21,Ibrahima Bangoura,SUB,0,401858777
Genk,2026-02-19,Dinamo Zagreb,away,4-2-3-1,0,14,Yira Sor,SUB,0,401858777
Genk,2026-02-26,Dinamo Zagreb,home,4-4-2,1,26,Tobias Lawal,G,1,401858781
Genk,2026-02-26,Dinamo Zagreb,home,4-4-2,1,6,Matte Smets,CD-L,6,401858781
Genk,2026-02-26,Dinamo Zagreb,home,4-4-2,1,3,Mujaid Sadick,CD-R,5,401858781
Genk,2026-02-26,Dinamo Zagreb,home,4-4-2,1,18,Joris Kayembe,LB,3,401858781
Genk,2026-02-26,Dinamo Zagreb,home,4-4-2,1,77,Zakaria El Ouahdi,RB,2,401858781
Genk,2026-02-26,Dinamo Zagreb,home,4-4-2,1,21,Ibrahima Bangoura,CM-L,8,401858781
Genk,2026-02-26,Dinamo Zagreb,home,4-4-2,1,8,Bryan Heynen,CM-R,4,401858781
Genk,2026-02-26,Dinamo Zagreb,home,4-4-2,1,14,Yira Sor,LM,11,401858781
Genk,2026-02-26,Dinamo Zagreb,home,4-4-2,1,10,Junya Ito,RM,7,401858781
Genk,2026-02-26,Dinamo Zagreb,home,4-4-2,1,29,Robin Mirisola,CF-L,9,401858781
Genk,2026-02-26,Dinamo Zagreb,home,4-4-2,1,38,Daan Heymans,CF-R,10,401858781
Genk,2026-02-26,Dinamo Zagreb,home,4-4-2,0,1,Hendrik van Crombrugge,SUB,0,401858781
Genk,2026-02-26,Dinamo Zagreb,home,4-4-2,0,23,Aaron Bibout,SUB,0,401858781
Genk,2026-02-26,Dinamo Zagreb,home,4-4-2,0,34,Adrian Palacios,SUB,0,401858781
Genk,2026-02-26,Dinamo Zagreb,home,4-4-2,0,32,Noah Adedeji-Sternberg,SUB,0,401858781
Genk,2026-02-26,Dinamo Zagreb,home,4-4-2,0,30,Ayumu Yokoyama,SUB,0,401858781
Genk,2026-02-26,Dinamo Zagreb,home,4-4-2,0,28,Lucca Kiaba Mounganga,SUB,0,401858781
Genk,2026-02-26,Dinamo Zagreb,home,4-4-2,0,19,Yaimar Medina,SUB,0,401858781
Genk,2026-02-26,Dinamo Zagreb,home,4-4-2,0,99,Jusef Erabi,SUB,0,401858781
Genk,2026-02-26,Dinamo Zagreb,home,4-4-2,0,7,Jarne Steuckers,SUB,0,401858781
Genk,2026-02-26,Dinamo Zagreb,home,4-4-2,0,27,Ken Nkuba Tshiend,SUB,0,401858781
Genk,2026-02-26,Dinamo Zagreb,home,4-4-2,0,24,Nikolas Sattlberger,SUB,0,401858781
Genk,2026-03-12,SC Freiburg,home,4-1-4-1,1,26,Tobias Lawal,G,1,401862769
Genk,2026-03-12,SC Freiburg,home,4-1-4-1,1,6,Matte Smets,CD-L,6,401862769
Genk,2026-03-12,SC Freiburg,home,4-1-4-1,1,44,Josué Ndenge,CD-R,5,401862769
Genk,2026-03-12,SC Freiburg,home,4-1-4-1,1,21,Ibrahima Bangoura,DM,4,401862769
Genk,2026-03-12,SC Freiburg,home,4-1-4-1,1,18,Joris Kayembe,LB,3,401862769
Genk,2026-03-12,SC Freiburg,home,4-1-4-1,1,77,Zakaria El Ouahdi,RB,2,401862769
Genk,2026-03-12,SC Freiburg,home,4-1-4-1,1,38,Daan Heymans,CM-L,10,401862769
Genk,2026-03-12,SC Freiburg,home,4-1-4-1,1,8,Bryan Heynen,CM-R,8,401862769
Genk,2026-03-12,SC Freiburg,home,4-1-4-1,1,32,Noah Adedeji-Sternberg,LM,11,401862769
Genk,2026-03-12,SC Freiburg,home,4-1-4-1,1,20,Konstantinos Karetsas,RM,7,401862769
Genk,2026-03-12,SC Freiburg,home,4-1-4-1,1,23,Aaron Bibout,F,9,401862769
Genk,2026-03-12,SC Freiburg,home,4-1-4-1,0,10,Junya Ito,SUB,0,401862769
Genk,2026-03-12,SC Freiburg,home,4-1-4-1,0,24,Nikolas Sattlberger,SUB,0,401862769
Genk,2026-03-12,SC Freiburg,home,4-1-4-1,0,30,Ayumu Yokoyama,SUB,0,401862769
Genk,2026-03-12,SC Freiburg,home,4-1-4-1,0,14,Yira Sor,SUB,0,401862769
Genk,2026-03-12,SC Freiburg,home,4-1-4-1,0,3,Mujaid Sadick,SUB,0,401862769
Genk,2026-03-12,SC Freiburg,home,4-1-4-1,0,34,Adrian Palacios,SUB,0,401862769
Genk,2026-03-12,SC Freiburg,home,4-1-4-1,0,99,Jusef Erabi,SUB,0,401862769
Genk,2026-03-12,SC Freiburg,home,4-1-4-1,0,7,Jarne Steuckers,SUB,0,401862769
Genk,2026-03-12,SC Freiburg,home,4-1-4-1,0,27,Ken Nkuba Tshiend,SUB,0,401862769
Genk,2026-03-12,SC Freiburg,home,4-1-4-1,0,19,Yaimar Medina,SUB,0,401862769
Genk,2026-03-12,SC Freiburg,home,4-1-4-1,0,29,Robin Mirisola,SUB,0,401862769
Genk,2026-03-12,SC Freiburg,home,4-1-4-1,0,1,Hendrik van Crombrugge,SUB,0,401862769
Genk,2026-03-19,SC Freiburg,away,4-2-3-1,1,26,Tobias Lawal,G,1,401862873
Genk,2026-03-19,SC Freiburg,away,4-2-3-1,1,6,Matte Smets,CD-L,6,401862873
Genk,2026-03-19,SC Freiburg,away,4-2-3-1,1,44,Josué Ndenge,CD-R,5,401862873
Genk,2026-03-19,SC Freiburg,away,4-2-3-1,1,18,Joris Kayembe,LB,3,401862873
Genk,2026-03-19,SC Freiburg,away,4-2-3-1,1,27,Ken Nkuba Tshiend,RB,2,401862873
Genk,2026-03-19,SC Freiburg,away,4-2-3-1,1,38,Daan Heymans,AM,10,401862873
Genk,2026-03-19,SC Freiburg,away,4-2-3-1,1,21,Ibrahima Bangoura,LM,4,401862873
Genk,2026-03-19,SC Freiburg,away,4-2-3-1,1,8,Bryan Heynen,RM,8,401862873
Genk,2026-03-19,SC Freiburg,away,4-2-3-1,1,23,Aaron Bibout,F,9,401862873
Genk,2026-03-19,SC Freiburg,away,4-2-3-1,1,32,Noah Adedeji-Sternberg,AM-L,11,401862873
Genk,2026-03-19,SC Freiburg,away,4-2-3-1,1,20,Konstantinos Karetsas,AM-R,7,401862873
Genk,2026-03-19,SC Freiburg,away,4-2-3-1,0,34,Adrian Palacios,SUB,0,401862873
Genk,2026-03-19,SC Freiburg,away,4-2-3-1,0,99,Jusef Erabi,SUB,0,401862873
Genk,2026-03-19,SC Freiburg,away,4-2-3-1,0,7,Jarne Steuckers,SUB,0,401862873
Genk,2026-03-19,SC Freiburg,away,4-2-3-1,0,14,Yira Sor,SUB,0,401862873
Genk,2026-03-19,SC Freiburg,away,4-2-3-1,0,19,Yaimar Medina,SUB,0,401862873
Genk,2026-03-19,SC Freiburg,away,4-2-3-1,0,24,Nikolas Sattlberger,SUB,0,401862873
Genk,2026-03-19,SC Freiburg,away,4-2-3-1,0,3,Mujaid Sadick,SUB,0,401862873
Genk,2026-03-19,SC Freiburg,away,4-2-3-1,0,1,Hendrik van Crombrugge,SUB,0,401862873
Genk,2026-03-19,SC Freiburg,away,4-2-3-1,0,28,Lucca Kiaba Mounganga,SUB,0,401862873
Genk,2026-03-19,SC Freiburg,away,4-2-3-1,0,30,Ayumu Yokoyama,SUB,0,401862873
Genk,2026-03-19,SC Freiburg,away,4-2-3-1,0,10,Junya Ito,SUB,0,401862873
Genk,2026-03-19,SC Freiburg,away,4-2-3-1,0,29,Robin Mirisola,SUB,0,401862873
