player,norm_key,squad,pos,90s,dead_ball_passes_per90,free_kick_passes_per90,throw_ins_per90,corner_kicks_per90,inswing_corners_per90,outswing_corners_per90,straight_corners_per90,sca_sca90,dead_ball_sca_per90,gca_gca90,dead_ball_gca_per90,fouls_per90_fbref,fouled_per90_fbref,pens_won_per90_fbref,pens_conceded_per90_fbref
Aaron Hickey,aaron hickey,Brentford,"DF,MF",7.7,,,,,,,,,,,,0.9090909090909091,1.1688311688311688,,
Aaron Ramsdale,aaron ramsdale,Newcastle United,GK,11.2,,,,,,,,,,,,0.0,0.08928571428571429,,
Aaron Wan-Bissaka,aaron wan-bissaka,West Ham United,"DF,MF",23.1,,,,,,,,,,,,0.9956709956709956,0.5194805194805194,,
Abdukodir Khusanov,abdukodir khusanov,Manchester City,DF,15.9,,,,,,,,,,,,0.8805031446540881,0.3773584905660377,,
Adam Armstrong,adam armstrong,Wolves,"FW,MF",12.7,,,,,,,,,,,,0.9448818897637796,0.2362204724409449,,
Adam Smith,adam smith,Bournemouth,DF,12.0,,,,,,,,,,,,1.5833333333333333,0.9166666666666666,,
Adam Wharton,adam wharton,Crystal Palace,MF,28.4,,,,,,,,,,,,1.2323943661971832,1.091549295774648,,
Adama Traoré,adama traore,Fulham,MF,3.0,,,,,,,,,,,,2.0,2.6666666666666665,,
Adama Traoré,adama traore,West Ham United,"FW,MF",1.3,,,,,,,,,,,,0.7692307692307692,0.0,,
Adrien Truffert,adrien truffert,Bournemouth,DF,37.5,,,,,,,,,,,,1.04,0.8533333333333334,,
Alejandro Garnacho,alejandro garnacho,Chelsea,MF,14.1,,,,,,,,,,,,0.6382978723404256,1.6312056737588654,,
Alex Iwobi,alex iwobi,Fulham,MF,26.9,,,,,,,,,,,,0.29739776951672864,0.3717472118959108,,
Alex Murphy,alex murphy,Newcastle United,DF,0.1,,,,,,,,,,,,0.0,0.0,,
Alex Scott,alex scott,Bournemouth,MF,31.7,,,,,,,,,,,,1.4195583596214512,1.8927444794952681,,
Alex Tóth,alex toth,Bournemouth,MF,1.6,,,,,,,,,,,,0.625,1.25,,
Alexander Isak,alexander isak,Liverpool,FW,7.8,,,,,,,,,,,,0.6410256410256411,0.12820512820512822,,
Alexis Mac Allister,alexis mac allister,Liverpool,MF,29.5,,,,,,,,,,,,1.1864406779661016,1.0847457627118644,,
Alisson,alisson,Liverpool,GK,26.0,,,,,,,,,,,,0.038461538461538464,0.2692307692307692,,
Alphonse Areola,alphonse areola,West Ham United,GK,20.0,,,,,,,,,,,,0.05,0.05,,
Altay Bayındır,altay bayindir,Manchester Utd,GK,6.0,,,,,,,,,,,,0.0,0.5,,
Alysson Edward,alysson edward,Aston Villa,MF,0.5,,,,,,,,,,,,0.0,2.0,,
Amad Diallo,amad diallo,Manchester Utd,MF,26.0,,,,,,,,,,,,0.9230769230769231,1.4615384615384615,,
Amadou Onana,amadou onana,Aston Villa,MF,19.5,,,,,,,,,,,,1.0256410256410255,1.2820512820512822,,
Amine Adli,amine adli,Bournemouth,MF,12.1,,,,,,,,,,,,2.396694214876033,1.9008264462809918,,
Andrey Santos,andrey santos,Chelsea,MF,14.0,,,,,,,,,,,,0.9285714285714286,1.5714285714285714,,
André,andre,Wolves,MF,30.7,,,,,,,,,,,,1.5309446254071661,1.4006514657980456,,
Andrés García,andres garcia,Aston Villa,DF,1.0,,,,,,,,,,,,1.0,0.0,,
Andy Irving,andy irving,West Ham United,MF,1.8,,,,,,,,,,,,0.5555555555555556,0.0,,
Andy Robertson,andy robertson,Liverpool,DF,13.1,,,,,,,,,,,,0.3053435114503817,0.07633587786259542,,
Angel Gomes,angel gomes,Wolves,"MF,FW",5.1,,,,,,,,,,,,1.3725490196078431,1.7647058823529413,,
Angus Gunn,angus gunn,Nottingham Forest,GK,0.5,,,,,,,,,,,,0.0,0.0,,
Anthony Elanga,anthony elanga,Newcastle United,"FW,MF",14.7,,,,,,,,,,,,0.54421768707483,1.7006802721088436,,
Anthony Gordon,anthony gordon,Newcastle United,FW,19.9,,,,,,,,,,,,0.6532663316582915,2.0100502512562817,,
Antoine Semenyo,antoine semenyo,Bournemouth,MF,20.0,,,,,,,,,,,,1.85,0.7,,
Antoine Semenyo,antoine semenyo,Manchester City,"MF,FW",15.5,,,,,,,,,,,,1.096774193548387,0.45161290322580644,,
Anton Stach,anton stach,Leeds United,MF,26.3,,,,,,,,,,,,1.3688212927756653,0.9125475285171103,,
Antonee Robinson,antonee robinson,Fulham,"DF,MF",16.6,,,,,,,,,,,,0.9036144578313252,0.5421686746987951,,
Antoni Milambo,antoni milambo,Brentford,MF,0.5,,,,,,,,,,,,0.0,0.0,,
Antonín Kinský,antonin kinsky,Tottenham Hotspur,GK,7.0,,,,,,,,,,,,0.0,0.14285714285714285,,
Ao Tanaka,ao tanaka,Leeds United,MF,14.6,,,,,,,,,,,,0.8904109589041096,0.684931506849315,,
Archie Gray,archie gray,Tottenham Hotspur,"MF,DF",16.4,,,,,,,,,,,,0.7317073170731708,0.12195121951219513,,
Armando Broja,armando broja,Burnley,FW,9.6,,,,,,,,,,,,1.4583333333333335,1.6666666666666667,,
Arnaud Kalimuendo,arnaud kalimuendo,Nottingham Forest,FW,1.1,,,,,,,,,,,,1.8181818181818181,0.0,,
Arthur Masuaku,arthur masuaku,Sunderland,DF,1.4,,,,,,,,,,,,2.142857142857143,0.0,,
Ashley Barnes,ashley barnes,Burnley,"FW,MF",0.5,,,,,,,,,,,,4.0,4.0,,
Axel Disasi,axel disasi,West Ham United,DF,13.9,,,,,,,,,,,,0.3597122302158273,0.28776978417266186,,
Axel Tuanzebe,axel tuanzebe,Burnley,DF,13.3,,,,,,,,,,,,0.9774436090225563,0.15037593984962405,,
Ayden Heaven,ayden heaven,Manchester Utd,DF,10.3,,,,,,,,,,,,0.6796116504854368,0.8737864077669902,,
Bafodé Diakité,bafode diakite,Bournemouth,DF,14.2,,,,,,,,,,,,0.5633802816901409,0.28169014084507044,,
Bart Verbruggen,bart verbruggen,Brighton,GK,38.0,,,,,,,,,,,,0.05263157894736842,0.05263157894736842,,
Bashir Humphreys,bashir humphreys,Burnley,"DF,MF",17.5,,,,,,,,,,,,0.8,0.5714285714285714,,
Ben Davies,ben davies,Tottenham Hotspur,DF,1.5,,,,,,,,,,,,1.3333333333333333,0.0,,
Ben Gannon-Doak,ben gannon-doak,Bournemouth,MF,1.3,,,,,,,,,,,,2.3076923076923075,0.7692307692307692,,
Ben White,ben white,Arsenal,DF,7.8,,,,,,,,,,,,0.6410256410256411,0.7692307692307693,,
Ben Winterburn,ben winterburn,Bournemouth,MF,0.1,,,,,,,,,,,,0.0,0.0,,
Bendito Mantato,bendito mantato,Manchester Utd,MF,0.2,,,,,,,,,,,,0.0,0.0,,
Benjamin Šeško,benjamin sesko,Manchester Utd,FW,18.3,,,,,,,,,,,,0.9289617486338797,0.32786885245901637,,
Benoît Badiashile,benoit badiashile,Chelsea,DF,5.2,,,,,,,,,,,,1.1538461538461537,0.3846153846153846,,
Bernardo Silva,bernardo silva,Manchester City,MF,31.9,,,,,,,,,,,,1.1285266457680252,0.6896551724137931,,
Bernd Leno,bernd leno,Fulham,GK,38.0,,,,,,,,,,,,0.0,0.15789473684210525,,
Bertrand Traoré,bertrand traore,Sunderland,"MF,FW",7.0,,,,,,,,,,,,1.5714285714285714,1.7142857142857142,,
Beto,beto,Everton,FW,17.4,,,,,,,,,,,,1.8390804597701151,0.6896551724137931,,
Borna Sosa,borna sosa,Crystal Palace,"DF,MF",1.1,,,,,,,,,,,,3.6363636363636362,0.0,,
Boubacar Kamara,boubacar kamara,Aston Villa,MF,15.7,,,,,,,,,,,,1.019108280254777,1.910828025477707,,
Bradley Burrowes,bradley burrowes,Aston Villa,MF,0.2,,,,,,,,,,,,0.0,5.0,,
Brajan Gruda,brajan gruda,Brighton,MF,8.0,,,,,,,,,,,,1.375,1.75,,
Brenden Aaronson,brenden aaronson,Leeds United,"MF,FW",27.2,,,,,,,,,,,,0.7352941176470589,1.875,,
Brennan Johnson,brennan johnson,Crystal Palace,"MF,FW",12.4,,,,,,,,,,,,1.4516129032258065,0.8870967741935484,,
Brennan Johnson,brennan johnson,Tottenham Hotspur,"MF,FW",6.8,,,,,,,,,,,,0.29411764705882354,0.5882352941176471,,
Brian Brobbey,brian brobbey,Sunderland,FW,21.4,,,,,,,,,,,,1.5420560747663552,1.7289719626168225,,
Bruno Fernandes,bruno fernandes,Manchester Utd,MF,34.0,,,,,,,,,,,,0.7058823529411765,1.0294117647058822,,
Bruno Guimarães,bruno guimaraes,Newcastle United,MF,27.3,,,,,,,,,,,,1.6483516483516483,2.7472527472527473,,
Bryan Mbeumo,bryan mbeumo,Manchester Utd,"MF,FW",29.0,,,,,,,,,,,,0.7931034482758621,0.9655172413793104,,
Bukayo Saka,bukayo saka,Arsenal,"FW,MF",24.7,,,,,,,,,,,,1.3360323886639676,2.1862348178137654,,
Callum Hudson-Odoi,callum hudson-odoi,Nottingham Forest,MF,20.5,,,,,,,,,,,,0.5853658536585366,0.5853658536585366,,
Callum Marshall,callum marshall,West Ham United,FW,0.7,,,,,,,,,,,,0.0,0.0,,
Callum Olusesi,callum olusesi,Tottenham Hotspur,MF,0.2,,,,,,,,,,,,0.0,0.0,,
Callum Wilson,callum wilson,West Ham United,FW,13.9,,,,,,,,,,,,0.8633093525179856,1.0071942446043165,,
Calvin Bassey,calvin bassey,Fulham,DF,28.2,,,,,,,,,,,,0.9929078014184397,1.4184397163120568,,
Caoimhín Kelleher,caoimhin kelleher,Brentford,GK,37.0,,,,,,,,,,,,0.08108108108108109,0.16216216216216217,,
Carlos Alcaraz,carlos alcaraz,Everton,MF,7.7,,,,,,,,,,,,1.2987012987012987,1.5584415584415585,,
Carlos Baleba,carlos baleba,Brighton,MF,18.4,,,,,,,,,,,,1.6847826086956523,1.3043478260869565,,
Casemiro,casemiro,Manchester Utd,MF,28.6,,,,,,,,,,,,1.6083916083916083,1.2587412587412588,,
Chadi Riad,chadi riad,Crystal Palace,DF,6.1,,,,,,,,,,,,0.819672131147541,0.49180327868852464,,
Charalampos Kostoulas,charalampos kostoulas,Brighton,FW,4.1,,,,,,,,,,,,1.707317073170732,1.707317073170732,,
Chemsdine Talbi,chemsdine talbi,Sunderland,"MF,FW",17.3,,,,,,,,,,,,0.2890173410404624,0.057803468208092484,,
Chris Richards,chris richards,Crystal Palace,DF,31.4,,,,,,,,,,,,0.5414012738853503,0.15923566878980894,,
Chris Rigg,chris rigg,Sunderland,MF,8.5,,,,,,,,,,,,0.9411764705882353,0.9411764705882353,,
Chris Wood,chris wood,Nottingham Forest,FW,10.0,,,,,,,,,,,,0.6,0.6,,
Christantus Uche,christantus uche,Crystal Palace,FW,1.9,,,,,,,,,,,,2.1052631578947367,3.68421052631579,,
Christian Nørgaard,christian norgaard,Arsenal,MF,1.2,,,,,,,,,,,,2.5,0.0,,
Cody Gakpo,cody gakpo,Liverpool,"MF,FW",30.4,,,,,,,,,,,,1.381578947368421,1.4473684210526316,,
Cole Palmer,cole palmer,Chelsea,MF,21.7,,,,,,,,,,,,0.599078341013825,1.7050691244239633,,
Conor Bradley,conor bradley,Liverpool,DF,10.3,,,,,,,,,,,,1.7475728155339805,1.9417475728155338,,
Conor Gallagher,conor gallagher,Tottenham Hotspur,MF,13.2,,,,,,,,,,,,1.893939393939394,1.7424242424242424,,
Cristhian Mosquera,cristhian mosquera,Arsenal,DF,11.0,,,,,,,,,,,,1.5454545454545454,0.6363636363636364,,
Cristian Romero,cristian romero,Tottenham Hotspur,DF,20.8,,,,,,,,,,,,1.5384615384615383,0.7692307692307692,,
Crysencio Summerville,crysencio summerville,West Ham United,"MF,FW",27.4,,,,,,,,,,,,1.7883211678832118,2.445255474452555,,
Curtis Jones,curtis jones,Liverpool,"MF,DF",21.5,,,,,,,,,,,,0.7906976744186046,1.3488372093023255,,
Daichi Kamada,daichi kamada,Crystal Palace,MF,21.1,,,,,,,,,,,,1.4218009478672984,1.3270142180094786,,
Dan Burn,dan burn,Newcastle United,DF,24.4,,,,,,,,,,,,1.4754098360655739,0.5327868852459017,,
Dan Ndoye,dan ndoye,Nottingham Forest,MF,13.0,,,,,,,,,,,,1.2307692307692308,1.6923076923076923,,
Dan Neil,dan neil,Sunderland,MF,0.2,,,,,,,,,,,,0.0,5.0,,
Dane Scarlett,dane scarlett,Tottenham Hotspur,FW,0.1,,,,,,,,,,,,10.0,0.0,,
Dango Ouattara,dango ouattara,Brentford,MF,25.3,,,,,,,,,,,,1.0671936758893281,1.541501976284585,,
Daniel Ballard,daniel ballard,Sunderland,DF,23.9,,,,,,,,,,,,1.2133891213389123,1.2133891213389123,,
Daniel Bentley,daniel bentley,Wolves,GK,3.0,,,,,,,,,,,,0.0,0.6666666666666666,,
Daniel James,daniel james,Leeds United,"FW,MF",6.2,,,,,,,,,,,,0.16129032258064516,1.2903225806451613,,
Daniel Muñoz,daniel munoz,Crystal Palace,MF,26.7,,,,,,,,,,,,1.2734082397003745,0.6741573033707865,,
Danny Welbeck,danny welbeck,Brighton,FW,25.1,,,,,,,,,,,,1.2350597609561753,0.398406374501992,,
Dario Essugo,dario essugo,Chelsea,MF,0.3,,,,,,,,,,,,10.0,3.3333333333333335,,
David Brooks,david brooks,Bournemouth,MF,13.4,,,,,,,,,,,,0.8208955223880596,0.9701492537313433,,
David Møller Wolfe,david moller wolfe,Wolves,"MF,DF",11.7,,,,,,,,,,,,0.8547008547008548,0.3418803418803419,,
David Raya,david raya,Arsenal,GK,37.0,,,,,,,,,,,,0.0,0.3783783783783784,,
Dean Henderson,dean henderson,Crystal Palace,GK,37.0,,,,,,,,,,,,0.05405405405405406,0.13513513513513514,,
Declan Rice,declan rice,Arsenal,MF,34.4,,,,,,,,,,,,0.7558139534883721,0.31976744186046513,,
Dennis Cirkin,dennis cirkin,Sunderland,DF,3.6,,,,,,,,,,,,1.1111111111111112,0.5555555555555556,,
Destiny Udogie,destiny udogie,Tottenham Hotspur,"DF,MF",14.9,,,,,,,,,,,,1.1409395973154361,1.4765100671140938,,
Diego Coppola,diego coppola,Brighton,DF,2.2,,,,,,,,,,,,1.8181818181818181,0.0,,
Diego Gómez,diego gomez,Brighton,"MF,FW",23.6,,,,,,,,,,,,2.0762711864406778,0.4661016949152542,,
Dilane Bakwa,dilane bakwa,Nottingham Forest,MF,6.1,,,,,,,,,,,,1.4754098360655739,2.295081967213115,,
Diogo Dalot,diogo dalot,Manchester Utd,"DF,MF",29.0,,,,,,,,,,,,0.8620689655172413,0.4827586206896552,,
Divine Mukasa,divine mukasa,Manchester City,MF,0.3,,,,,,,,,,,,3.3333333333333335,0.0,,
Djed Spence,djed spence,Tottenham Hotspur,"DF,MF",22.8,,,,,,,,,,,,1.2280701754385965,0.9210526315789473,,
Dominic Calvert-Lewin,dominic calvert-lewin,Leeds United,FW,30.2,,,,,,,,,,,,1.490066225165563,1.2251655629139073,,
Dominic Solanke,dominic solanke,Tottenham Hotspur,FW,11.1,,,,,,,,,,,,1.0810810810810811,0.8108108108108109,,
Dominik Szoboszlai,dominik szoboszlai,Liverpool,"MF,DF",35.9,,,,,,,,,,,,1.16991643454039,0.8356545961002786,,
Donyell Malen,donyell malen,Aston Villa,"FW,MF",7.3,,,,,,,,,,,,0.273972602739726,0.8219178082191781,,
Douglas Luiz,douglas luiz,Aston Villa,MF,6.7,,,,,,,,,,,,1.3432835820895521,1.4925373134328357,,
Douglas Luiz,douglas luiz,Nottingham Forest,MF,3.5,,,,,,,,,,,,1.1428571428571428,1.4285714285714286,,
Dwight McNeil,dwight mcneil,Everton,MF,13.0,,,,,,,,,,,,0.8461538461538461,0.5384615384615384,,
Eberechi Eze,eberechi eze,Arsenal,"MF,FW",20.1,,,,,,,,,,,,0.6965174129353233,1.8905472636815919,,
Eberechi Eze,eberechi eze,Crystal Palace,MF,0.9,,,,,,,,,,,,2.2222222222222223,1.1111111111111112,,
Eddie Nketiah,eddie nketiah,Crystal Palace,MF,4.7,,,,,,,,,,,,1.4893617021276595,1.4893617021276595,,
El Hadji Malick Diouf,el hadji malick diouf,West Ham United,"DF,MF",30.1,,,,,,,,,,,,0.9302325581395349,0.8305647840531561,,
Eli Junior Kroupi,eli junior kroupi,Bournemouth,"MF,FW",18.6,,,,,,,,,,,,1.4516129032258063,0.6451612903225806,,
Eliezer Mayenda,eliezer mayenda,Sunderland,"FW,MF",8.4,,,,,,,,,,,,0.7142857142857143,1.3095238095238095,,
Elliot Anderson,elliot anderson,Nottingham Forest,MF,37.0,,,,,,,,,,,,1.5405405405405406,2.1621621621621623,,
Emi Buendía,emi buendia,Aston Villa,MF,19.5,,,,,,,,,,,,2.1025641025641026,2.3076923076923075,,
Emil Krafth,emil krafth,Newcastle United,DF,0.5,,,,,,,,,,,,2.0,0.0,,
Emile Smith Rowe,emile smith rowe,Fulham,MF,21.4,,,,,,,,,,,,0.4672897196261683,0.7943925233644861,,
Emiliano Martínez,emiliano martinez,Aston Villa,GK,31.5,,,,,,,,,,,,0.0,0.5396825396825397,,
Emmanuel Agbadou,emmanuel agbadou,Wolves,DF,12.2,,,,,,,,,,,,0.819672131147541,0.4098360655737705,,
Enes Ünal,enes unal,Bournemouth,FW,2.6,,,,,,,,,,,,2.3076923076923075,3.846153846153846,,
Enzo Fernández,enzo fernandez,Chelsea,MF,34.6,,,,,,,,,,,,1.0404624277456647,1.3005780346820808,,
Enzo Le Fée,enzo le fee,Sunderland,"MF,FW",32.6,,,,,,,,,,,,0.950920245398773,1.1349693251533741,,
Erling Haaland,erling haaland,Manchester City,FW,32.8,,,,,,,,,,,,0.7317073170731708,0.7621951219512195,,
Estêvão Willian,estevao willian,Chelsea,MF,9.4,,,,,,,,,,,,1.276595744680851,0.9574468085106382,,
Ethan Ampadu,ethan ampadu,Leeds United,MF,34.7,,,,,,,,,,,,1.440922190201729,1.037463976945245,,
Ethan Nwaneri,ethan nwaneri,Arsenal,MF,1.9,,,,,,,,,,,,1.0526315789473684,0.0,,
Ethan Pinnock,ethan pinnock,Brentford,DF,3.5,,,,,,,,,,,,0.0,0.5714285714285714,,
Evanilson,evanilson,Bournemouth,FW,30.5,,,,,,,,,,,,0.8524590163934426,1.2131147540983607,,
Evann Guessand,evann guessand,Aston Villa,MF,6.5,,,,,,,,,,,,1.6923076923076923,1.8461538461538463,,
Evann Guessand,evann guessand,Crystal Palace,MF,3.7,,,,,,,,,,,,1.081081081081081,2.162162162162162,,
Ezra Mayers,ezra mayers,West Ham United,DF,1.3,,,,,,,,,,,,0.0,0.0,,
Ezri Konsa,ezri konsa,Aston Villa,DF,33.7,,,,,,,,,,,,0.32640949554896137,1.2462908011869436,,
Fabian Schär,fabian schar,Newcastle United,DF,12.1,,,,,,,,,,,,1.2396694214876034,0.578512396694215,,
Fabio Carvalho,fabio carvalho,Brentford,MF,1.1,,,,,,,,,,,,0.0,0.0,,
Facundo Buonanotte,facundo buonanotte,Chelsea,MF,0.5,,,,,,,,,,,,0.0,0.0,,
Facundo Buonanotte,facundo buonanotte,Leeds United,MF,0.4,,,,,,,,,,,,2.5,0.0,,
Federico Chiesa,federico chiesa,Liverpool,MF,3.8,,,,,,,,,,,,2.8947368421052633,1.842105263157895,,
Fer López,fer lopez,Wolves,MF,2.6,,,,,,,,,,,,2.3076923076923075,1.5384615384615383,,
Ferdi Kadioglu,ferdi kadioglu,Brighton,"DF,MF",34.8,,,,,,,,,,,,0.632183908045977,1.0344827586206897,,
Filip Jørgensen,filip jorgensen,Chelsea,GK,4.2,,,,,,,,,,,,0.0,0.0,,
Florentino Luís,florentino luis,Burnley,MF,23.4,,,,,,,,,,,,1.7094017094017095,0.3418803418803419,,
Florian Wirtz,florian wirtz,Liverpool,MF,26.4,,,,,,,,,,,,0.8333333333333334,0.7196969696969697,,
Frank Onyeka,frank onyeka,Brentford,MF,1.0,,,,,,,,,,,,3.0,3.0,,
Freddie Potts,freddie potts,West Ham United,MF,13.0,,,,,,,,,,,,1.1538461538461537,1.0769230769230769,,
Freddie Woodman,freddie woodman,Liverpool,GK,2.4,,,,,,,,,,,,0.0,0.0,,
Gabriel Gudmundsson,gabriel gudmundsson,Leeds United,"DF,MF",29.2,,,,,,,,,,,,1.0616438356164384,1.9178082191780823,,
Gabriel Jesus,gabriel jesus,Arsenal,FW,4.8,,,,,,,,,,,,1.875,0.20833333333333334,,
Gabriel Magalhães,gabriel magalhaes,Arsenal,DF,30.6,,,,,,,,,,,,0.6862745098039216,1.1111111111111112,,
Gabriel Martinelli,gabriel martinelli,Arsenal,"FW,MF",12.0,,,,,,,,,,,,0.8333333333333334,1.1666666666666667,,
George Earthy,george earthy,West Ham United,MF,0.1,,,,,,,,,,,,0.0,0.0,,
George Hemmings,george hemmings,Aston Villa,MF,0.3,,,,,,,,,,,,3.3333333333333335,0.0,,
Georginio Rutter,georginio rutter,Brighton,"MF,FW",19.8,,,,,,,,,,,,1.5151515151515151,1.7171717171717171,,
Gianluigi Donnarumma,gianluigi donnarumma,Manchester City,GK,34.0,,,,,,,,,,,,0.0,0.11764705882352941,,
Giorgi Mamardashvili,giorgi mamardashvili,Liverpool,GK,9.6,,,,,,,,,,,,0.10416666666666667,0.20833333333333334,,
Granit Xhaka,granit xhaka,Sunderland,MF,32.3,,,,,,,,,,,,0.7120743034055729,1.238390092879257,,
Guglielmo Vicario,guglielmo vicario,Tottenham Hotspur,GK,31.0,,,,,,,,,,,,0.0,0.0967741935483871,,
Guido Rodríguez,guido rodriguez,West Ham United,MF,2.0,,,,,,,,,,,,1.0,2.0,,
Habib Diarra,habib diarra,Sunderland,MF,15.6,,,,,,,,,,,,1.217948717948718,1.7307692307692308,,
Hamed Junior Traorè,hamed junior traore,Bournemouth,MF,0.2,,,,,,,,,,,,0.0,0.0,,
Hannibal Mejbri,hannibal mejbri,Burnley,MF,13.7,,,,,,,,,,,,1.6788321167883213,3.3576642335766427,,
Harrison Armstrong,harrison armstrong,Everton,MF,5.9,,,,,,,,,,,,1.0169491525423728,2.542372881355932,,
Harrison Reed,harrison reed,Fulham,MF,1.0,,,,,,,,,,,,2.0,1.0,,
Harry Howell,harry howell,Brighton,MF,1.0,,,,,,,,,,,,0.0,0.0,,
Harry Maguire,harry maguire,Manchester Utd,DF,18.4,,,,,,,,,,,,0.8695652173913044,0.8695652173913044,,
Harry Wilson,harry wilson,Fulham,MF,29.7,,,,,,,,,,,,0.4377104377104377,1.245791245791246,,
Harvey Barnes,harvey barnes,Newcastle United,"FW,MF",21.8,,,,,,,,,,,,0.7798165137614679,1.055045871559633,,
Harvey Elliott,harvey elliott,Aston Villa,MF,1.2,,,,,,,,,,,,0.0,1.6666666666666667,,
Harvey Elliott,harvey elliott,Liverpool,"FW,MF",0.0,,,,,,,,,,,,,,,
Hjalmar Ekdal,hjalmar ekdal,Burnley,DF,17.1,,,,,,,,,,,,0.29239766081871343,0.4093567251461988,,
Hugo Bueno,hugo bueno,Wolves,"MF,DF",26.3,,,,,,,,,,,,0.6463878326996197,0.9125475285171103,,
Hugo Ekitike,hugo ekitike,Liverpool,FW,20.0,,,,,,,,,,,,1.75,0.6,,
Hwang Hee-chan,hwang hee-chan,Wolves,"FW,MF",16.1,,,,,,,,,,,,1.7391304347826086,1.1180124223602483,,
Hákon Valdimarsson,hakon valdimarsson,Brentford,GK,1.0,,,,,,,,,,,,0.0,0.0,,
Ian Maatsen,ian maatsen,Aston Villa,DF,17.8,,,,,,,,,,,,0.9550561797752809,1.0674157303370786,,
Ibrahim Sangaré,ibrahim sangare,Nottingham Forest,MF,23.1,,,,,,,,,,,,1.8181818181818181,0.7792207792207791,,
Ibrahima Konaté,ibrahima konate,Liverpool,DF,34.3,,,,,,,,,,,,0.9620991253644315,1.1953352769679302,,
Idrissa Gueye,idrissa gueye,Everton,MF,23.3,,,,,,,,,,,,0.9012875536480687,1.3304721030042919,,
Igor,igor,West Ham United,DF,1.2,,,,,,,,,,,,0.8333333333333334,0.0,,
Igor Jesus,igor jesus,Nottingham Forest,FW,25.5,,,,,,,,,,,,1.6470588235294117,1.5686274509803921,,
Igor Thiago,igor thiago,Brentford,FW,36.5,,,,,,,,,,,,2.0273972602739727,0.7123287671232876,,
Ilia Gruev,ilia gruev,Leeds United,MF,14.7,,,,,,,,,,,,1.08843537414966,0.6122448979591837,,
Iliman Ndiaye,iliman ndiaye,Everton,MF,30.9,,,,,,,,,,,,0.970873786407767,1.197411003236246,,
Ismaila Sarr,ismaila sarr,Crystal Palace,MF,24.2,,,,,,,,,,,,0.49586776859504134,1.7355371900826446,,
Issa Diop,issa diop,Fulham,DF,9.1,,,,,,,,,,,,0.989010989010989,0.32967032967032966,,
Jack Fletcher,jack fletcher,Manchester Utd,MF,1.2,,,,,,,,,,,,1.6666666666666667,0.8333333333333334,,
Jack Grealish,jack grealish,Everton,MF,18.1,,,,,,,,,,,,0.718232044198895,3.2044198895027622,,
Jack Harrison,jack harrison,Leeds United,FW,3.0,,,,,,,,,,,,0.3333333333333333,1.3333333333333333,,
Jack Hinshelwood,jack hinshelwood,Brighton,MF,19.3,,,,,,,,,,,,1.6580310880829014,0.6217616580310881,,
Jackson Tchatchoua,jackson tchatchoua,Wolves,"MF,DF",20.5,,,,,,,,,,,,0.3902439024390244,0.43902439024390244,,
Jacob Bruun Larsen,jacob bruun larsen,Burnley,"MF,FW",11.4,,,,,,,,,,,,0.08771929824561403,0.0,,
Jacob Murphy,jacob murphy,Newcastle United,"FW,MF",18.0,,,,,,,,,,,,0.5,0.7222222222222222,,
Jacob Ramsey,jacob ramsey,Newcastle United,MF,16.1,,,,,,,,,,,,0.9937888198757763,0.8695652173913043,,
Jadon Sancho,jadon sancho,Aston Villa,MF,9.7,,,,,,,,,,,,0.30927835051546393,0.2061855670103093,,
Jaidon Anthony,jaidon anthony,Burnley,MF,30.2,,,,,,,,,,,,0.8940397350993378,1.5562913907284768,,
Jair Cunha,jair cunha,Nottingham Forest,DF,5.7,,,,,,,,,,,,0.0,1.0526315789473684,,
Jaka Bijol,jaka bijol,Leeds United,DF,21.0,,,,,,,,,,,,0.9047619047619048,0.47619047619047616,,
Jake O'Brien,jake o'brien,Everton,DF,34.7,,,,,,,,,,,,0.6628242074927954,0.48991354466858783,,
Jamaal Lascelles,jamaal lascelles,Newcastle United,DF,0.2,,,,,,,,,,,,0.0,0.0,,
Jamaldeen Jimoh,jamaldeen jimoh,Aston Villa,MF,0.1,,,,,,,,,,,,0.0,10.0,,
James Garner,james garner,Everton,"MF,DF",37.9,,,,,,,,,,,,1.029023746701847,1.108179419525066,,
James Hill,james hill,Bournemouth,DF,23.4,,,,,,,,,,,,0.7264957264957266,0.5555555555555556,,
James Justin,james justin,Leeds United,"DF,MF",21.1,,,,,,,,,,,,0.6161137440758293,1.4691943127962084,,
James Maddison,james maddison,Tottenham Hotspur,"FW,MF",0.4,,,,,,,,,,,,2.5,2.5,,
James Mcatee,james mcatee,Nottingham Forest,MF,3.3,,,,,,,,,,,,1.2121212121212122,1.5151515151515151,,
James Milner,james milner,Brighton,MF,8.7,,,,,,,,,,,,1.7241379310344829,0.3448275862068966,,
James Rowswell,james rowswell,Tottenham Hotspur,DF,0.0,,,,,,,,,,,,,,,
James Tarkowski,james tarkowski,Everton,DF,37.0,,,,,,,,,,,,0.8648648648648649,0.9459459459459459,,
James Trafford,james trafford,Manchester City,GK,4.0,,,,,,,,,,,,0.0,0.25,,
James Ward-Prowse,james ward-prowse,Burnley,MF,7.6,,,,,,,,,,,,0.5263157894736842,1.4473684210526316,,
James Ward-Prowse,james ward-prowse,West Ham United,MF,4.6,,,,,,,,,,,,0.8695652173913044,0.4347826086956522,,
Jamie Gittens,jamie gittens,Chelsea,MF,5.5,,,,,,,,,,,,1.0909090909090908,1.4545454545454546,,
Jan Paul van Hecke,jan paul van hecke,Brighton,DF,35.7,,,,,,,,,,,,0.7563025210084033,1.2044817927170868,,
Jarrad Branthwaite,jarrad branthwaite,Everton,DF,7.6,,,,,,,,,,,,0.39473684210526316,0.13157894736842105,,
Jarrod Bowen,jarrod bowen,West Ham United,"MF,FW",37.8,,,,,,,,,,,,0.5026455026455027,1.2962962962962965,,
Jaydee Canvot,jaydee canvot,Crystal Palace,DF,14.8,,,,,,,,,,,,0.8108108108108107,0.47297297297297297,,
Jayden Bogle,jayden bogle,Leeds United,"MF,DF",31.0,,,,,,,,,,,,1.2580645161290323,0.9354838709677419,,
Jaydon Amauri Banel,jaydon amauri banel,Burnley,"FW,MF",0.1,,,,,,,,,,,,0.0,10.0,,
Jean-Clair Todibo,jean-clair todibo,West Ham United,DF,20.2,,,,,,,,,,,,0.44554455445544555,0.1485148514851485,,
Jean-Philippe Mateta,jean-philippe mateta,Crystal Palace,FW,24.6,,,,,,,,,,,,0.8536585365853658,0.7723577235772358,,
Jean-Ricner Bellegarde,jean-ricner bellegarde,Wolves,"MF,FW",13.9,,,,,,,,,,,,1.4388489208633093,2.949640287769784,,
Jefferson Lerma,jefferson lerma,Crystal Palace,"MF,DF",19.3,,,,,,,,,,,,1.2953367875647668,1.2435233160621761,,
Jenson Seelt,jenson seelt,Sunderland,DF,1.5,,,,,,,,,,,,0.6666666666666666,0.6666666666666666,,
Jeremie Frimpong,jeremie frimpong,Liverpool,"DF,MF",11.6,,,,,,,,,,,,0.6896551724137931,1.8103448275862069,,
Jeremy Doku,jeremy doku,Manchester City,"MF,FW",19.8,,,,,,,,,,,,1.1616161616161615,3.080808080808081,,
Jerome Abbey,jerome abbey,Wolves,MF,0.2,,,,,,,,,,,,0.0,0.0,,
Jesse Derry,jesse derry,Chelsea,MF,0.5,,,,,,,,,,,,0.0,2.0,,
Jhon Arias,jhon arias,Wolves,"FW,MF",12.5,,,,,,,,,,,,2.08,0.72,,
Joachim Andersen,joachim andersen,Fulham,DF,31.9,,,,,,,,,,,,0.9404388714733543,0.40752351097178685,,
Jocelin Ta Bi,jocelin ta bi,Sunderland,MF,0.4,,,,,,,,,,,,0.0,2.5,,
Joe Gomez,joe gomez,Liverpool,DF,6.7,,,,,,,,,,,,2.08955223880597,0.0,,
Joe Knight,joe knight,Brighton,MF,0.0,,,,,,,,,,,,,,,
Joe Rodon,joe rodon,Leeds United,DF,32.8,,,,,,,,,,,,0.5182926829268293,0.5792682926829269,,
Joe Willock,joe willock,Newcastle United,MF,10.9,,,,,,,,,,,,1.4678899082568806,1.0091743119266054,,
Joe Worrall,joe worrall,Burnley,DF,5.6,,,,,,,,,,,,0.7142857142857143,0.17857142857142858,,
Joelinton,joelinton,Newcastle United,MF,21.7,,,,,,,,,,,,2.119815668202765,1.2442396313364055,,
John,john,Nottingham Forest,GK,4.9,,,,,,,,,,,,0.0,0.0,,
John McGinn,john mcginn,Aston Villa,MF,23.7,,,,,,,,,,,,1.3080168776371308,2.0253164556962027,,
John Stones,john stones,Manchester City,DF,4.9,,,,,,,,,,,,0.0,0.0,,
Jonah Kusi-Asare,jonah kusi-asare,Fulham,FW,0.6,,,,,,,,,,,,6.666666666666667,3.3333333333333335,,
Jordan Henderson,jordan henderson,Brentford,MF,21.3,,,,,,,,,,,,0.6103286384976525,0.32863849765258213,,
Jordan Pickford,jordan pickford,Everton,GK,38.0,,,,,,,,,,,,0.02631578947368421,0.15789473684210525,,
Jorge Cuenca,jorge cuenca,Fulham,DF,10.4,,,,,,,,,,,,0.9615384615384615,0.09615384615384615,,
Jorrel Hato,jorrel hato,Chelsea,DF,12.8,,,,,,,,,,,,1.171875,0.15625,,
Josh Cullen,josh cullen,Burnley,MF,16.8,,,,,,,,,,,,0.9523809523809523,1.0714285714285714,,
Josh Dasilva,josh dasilva,Brentford,MF,0.0,,,,,,,,,,,,,,,
Josh Laurent,josh laurent,Burnley,"DF,MF",19.6,,,,,,,,,,,,1.5816326530612244,0.5612244897959183,,
Joshua Acheampong,joshua acheampong,Chelsea,DF,7.4,,,,,,,,,,,,0.27027027027027023,1.2162162162162162,,
Joshua King,joshua king,Fulham,MF,14.5,,,,,,,,,,,,0.896551724137931,2.0689655172413794,,
Joshua Zirkzee,joshua zirkzee,Manchester Utd,"FW,MF",7.0,,,,,,,,,,,,1.1428571428571428,0.8571428571428571,,
José Sá,jose sa,Wolves,GK,23.0,,,,,,,,,,,,0.0,0.2608695652173913,,
Jota Silva,jota silva,Nottingham Forest,FW,0.1,,,,,,,,,,,,0.0,10.0,,
João Gomes,joao gomes,Wolves,MF,31.4,,,,,,,,,,,,2.1974522292993632,1.5605095541401275,,
João Palhinha,joao palhinha,Tottenham Hotspur,MF,24.4,,,,,,,,,,,,1.1475409836065575,1.4754098360655739,,
João Pedro,joao pedro,Chelsea,"FW,MF",29.6,,,,,,,,,,,,1.2837837837837838,1.8581081081081081,,
Joél Drakes-Thomas,joel drakes-thomas,Crystal Palace,MF,0.1,,,,,,,,,,,,10.0,0.0,,
Joël Piroe,joel piroe,Leeds United,FW,2.9,,,,,,,,,,,,1.3793103448275863,0.0,,
Joël Veltman,joel veltman,Brighton,DF,11.7,,,,,,,,,,,,0.8547008547008548,1.8803418803418805,,
Joško Gvardiol,josko gvardiol,Manchester City,DF,15.2,,,,,,,,,,,,1.0526315789473684,0.46052631578947373,,
Julio Soler,julio soler,Bournemouth,DF,0.4,,,,,,,,,,,,5.0,5.0,,
Jun'ai Byfield,jun'ai byfield,Tottenham Hotspur,DF,0.0,,,,,,,,,,,,,,,
Jurriën Timber,jurrien timber,Arsenal,DF,27.3,,,,,,,,,,,,1.3919413919413919,1.0622710622710623,,
Justin Devenny,justin devenny,Crystal Palace,"MF,FW",8.8,,,,,,,,,,,,1.25,1.1363636363636362,,
Justin Kluivert,justin kluivert,Bournemouth,MF,10.6,,,,,,,,,,,,1.6981132075471699,0.9433962264150944,,
Jørgen Strand Larsen,jorgen strand larsen,Crystal Palace,FW,10.0,,,,,,,,,,,,2.1,1.0,,
Jørgen Strand Larsen,jorgen strand larsen,Wolves,FW,15.6,,,,,,,,,,,,1.9230769230769231,0.7051282051282052,,
Kaden Rodney,kaden rodney,Crystal Palace,"DF,MF",0.0,,,,,,,,,,,,,,,
Kai Havertz,kai havertz,Arsenal,"FW,MF",6.5,,,,,,,,,,,,1.2307692307692308,1.2307692307692308,,
Kaoru Mitoma,kaoru mitoma,Brighton,"MF,FW",19.1,,,,,,,,,,,,1.6230366492146595,1.0994764397905759,,
Karl Darlow,karl darlow,Leeds United,GK,22.0,,,,,,,,,,,,0.0,0.3181818181818182,,
Kaye Furo,kaye furo,Brentford,FW,0.0,,,,,,,,,,,,,,,
Keane Lewis-Potter,keane lewis-potter,Brentford,"DF,MF",21.9,,,,,,,,,,,,0.6849315068493151,1.6438356164383563,,
Kenny Tete,kenny tete,Fulham,DF,19.9,,,,,,,,,,,,1.35678391959799,1.5577889447236182,,
Kepa Arrizabalaga,kepa arrizabalaga,Arsenal,GK,1.0,,,,,,,,,,,,0.0,0.0,,
Kevin,kevin,Fulham,MF,11.6,,,,,,,,,,,,1.206896551724138,1.4655172413793105,,
Kevin Danso,kevin danso,Tottenham Hotspur,DF,16.6,,,,,,,,,,,,1.2650602409638554,0.7831325301204819,,
Kevin Schade,kevin schade,Brentford,"MF,FW",30.5,,,,,,,,,,,,1.639344262295082,1.4098360655737705,,
Ki-Jana Hoever,ki-jana hoever,Wolves,"MF,DF",4.7,,,,,,,,,,,,0.6382978723404255,0.6382978723404255,,
Kieran Trippier,kieran trippier,Newcastle United,DF,17.6,,,,,,,,,,,,1.25,1.0795454545454544,,
Kiernan Dewsbury-Hall,kiernan dewsbury-hall,Everton,MF,29.2,,,,,,,,,,,,1.095890410958904,1.6438356164383563,,
Kobbie Mainoo,kobbie mainoo,Manchester Utd,MF,18.5,,,,,,,,,,,,0.6486486486486487,1.1891891891891893,,
Konstantinos Mavropanos,konstantinos mavropanos,West Ham United,DF,28.2,,,,,,,,,,,,0.5673758865248227,0.3191489361702128,,
Kristoffer Ajer,kristoffer ajer,Brentford,DF,20.1,,,,,,,,,,,,1.144278606965174,0.24875621890547261,,
Kyle Walker,kyle walker,Burnley,"DF,MF",34.4,,,,,,,,,,,,0.9302325581395349,0.6395348837209303,,
Kyle Walker-Peters,kyle walker-peters,West Ham United,DF,15.4,,,,,,,,,,,,0.7792207792207793,1.6233766233766234,,
Ladislav Krejčí,ladislav krejci,Wolves,"DF,MF",26.2,,,,,,,,,,,,1.2595419847328244,0.26717557251908397,,
Lamare Bogarde,lamare bogarde,Aston Villa,"MF,DF",11.7,,,,,,,,,,,,1.4529914529914532,1.7094017094017095,,
Leandro Trossard,leandro trossard,Arsenal,"FW,MF",22.2,,,,,,,,,,,,0.5855855855855856,1.7567567567567568,,
Leny Yoro,leny yoro,Manchester Utd,DF,19.3,,,,,,,,,,,,0.8808290155440415,0.25906735751295334,,
Leon Bailey,leon bailey,Aston Villa,MF,5.1,,,,,,,,,,,,1.1764705882352942,0.9803921568627452,,
Lesley Ugochukwu,lesley ugochukwu,Burnley,MF,26.0,,,,,,,,,,,,1.0769230769230769,1.1538461538461537,,
Levi Colwill,levi colwill,Chelsea,DF,2.5,,,,,,,,,,,,0.4,0.8,,
Lewis Cook,lewis cook,Bournemouth,"MF,DF",9.7,,,,,,,,,,,,0.8247422680412372,0.5154639175257733,,
Lewis Dunk,lewis dunk,Brighton,DF,31.5,,,,,,,,,,,,0.4444444444444444,0.38095238095238093,,
Lewis Hall,lewis hall,Newcastle United,DF,24.2,,,,,,,,,,,,0.7024793388429752,1.6528925619834711,,
Lewis Miley,lewis miley,Newcastle United,"MF,DF",16.6,,,,,,,,,,,,0.3012048192771084,0.24096385542168672,,
Liam Delap,liam delap,Chelsea,FW,12.3,,,,,,,,,,,,2.0325203252032518,1.5447154471544715,,
Lisandro Martínez,lisandro martinez,Manchester Utd,DF,13.7,,,,,,,,,,,,0.6569343065693432,0.14598540145985403,,
Lorenzo Lucca,lorenzo lucca,Nottingham Forest,FW,1.4,,,,,,,,,,,,0.7142857142857143,1.4285714285714286,,
Loum Tchaouna,loum tchaouna,Burnley,"MF,FW",14.1,,,,,,,,,,,,0.851063829787234,1.1347517730496455,,
Luca Netz,luca netz,Nottingham Forest,"DF,MF",4.0,,,,,,,,,,,,1.25,0.5,,
Lucas,lucas,Burnley,"MF,DF",15.7,,,,,,,,,,,,0.9554140127388535,0.25477707006369427,,
Lucas Bergvall,lucas bergvall,Tottenham Hotspur,MF,10.7,,,,,,,,,,,,2.2429906542056077,0.6542056074766356,,
Lucas Digne,lucas digne,Aston Villa,DF,20.6,,,,,,,,,,,,0.6796116504854368,0.5825242718446602,,
Lucas Paquetá,lucas paqueta,West Ham United,"MF,FW",16.8,,,,,,,,,,,,1.607142857142857,1.7857142857142856,,
Lucas Perri,lucas perri,Leeds United,GK,16.0,,,,,,,,,,,,0.0625,0.1875,,
Luis Guilherme,luis guilherme,West Ham United,FW,1.4,,,,,,,,,,,,0.0,0.0,,
Lukas Nmecha,lukas nmecha,Leeds United,FW,12.0,,,,,,,,,,,,1.5,1.5,,
Luke O'Nien,luke o'nien,Sunderland,DF,6.3,,,,,,,,,,,,1.1111111111111112,1.2698412698412698,,
Luke Shaw,luke shaw,Manchester Utd,DF,35.8,,,,,,,,,,,,1.340782122905028,0.558659217877095,,
Lutsharel Geertruida,lutsharel geertruida,Sunderland,"DF,MF",18.8,,,,,,,,,,,,0.7978723404255319,0.3723404255319149,,
Lyle Foster,lyle foster,Burnley,"FW,MF",15.2,,,,,,,,,,,,1.4473684210526316,0.8552631578947368,,
Mads Hermansen,mads hermansen,West Ham United,GK,18.0,,,,,,,,,,,,0.0,0.1111111111111111,,
Malick Thiaw,malick thiaw,Newcastle United,DF,32.9,,,,,,,,,,,,0.729483282674772,0.3343465045592705,,
Malo Gusto,malo gusto,Chelsea,"DF,MF",25.1,,,,,,,,,,,,0.796812749003984,0.796812749003984,,
Mamadou Sarr,mamadou sarr,Chelsea,DF,1.1,,,,,,,,,,,,0.0,0.0,,
Manuel Ugarte,manuel ugarte,Manchester Utd,MF,9.9,,,,,,,,,,,,2.4242424242424243,1.5151515151515151,,
Marc Cucurella,marc cucurella,Chelsea,DF,30.1,,,,,,,,,,,,1.495016611295681,0.9634551495016611,,
Marc Guiu,marc guiu,Chelsea,FW,2.9,,,,,,,,,,,,3.103448275862069,0.6896551724137931,,
Marc Guiu,marc guiu,Sunderland,FW,0.2,,,,,,,,,,,,0.0,0.0,,
Marc Guéhi,marc guehi,Crystal Palace,DF,20.0,,,,,,,,,,,,0.7,0.9,,
Marc Guéhi,marc guehi,Manchester City,DF,15.0,,,,,,,,,,,,0.7333333333333333,1.3333333333333333,,
Marco Bizot,marco bizot,Aston Villa,GK,6.5,,,,,,,,,,,,0.15384615384615385,0.15384615384615385,,
Marcos Senesi,marcos senesi,Bournemouth,DF,36.5,,,,,,,,,,,,0.958904109589041,1.0136986301369864,,
Marcus Edwards,marcus edwards,Burnley,"MF,FW",11.9,,,,,,,,,,,,0.5882352941176471,1.5126050420168067,,
Marcus Tavernier,marcus tavernier,Bournemouth,MF,30.4,,,,,,,,,,,,1.0197368421052633,1.1513157894736843,,
Marshall Munetsi,marshall munetsi,Wolves,"MF,FW",9.7,,,,,,,,,,,,1.9587628865979383,1.0309278350515465,,
Martin Dúbravka,martin dubravka,Burnley,GK,35.0,,,,,,,,,,,,0.0,0.22857142857142856,,
Martin Ødegaard,martin odegaard,Arsenal,MF,15.2,,,,,,,,,,,,0.5921052631578948,0.5921052631578948,,
Martín Zubimendi,martin zubimendi,Arsenal,MF,33.2,,,,,,,,,,,,0.9939759036144578,0.4518072289156626,,
Mason Mount,mason mount,Manchester Utd,MF,11.3,,,,,,,,,,,,1.5044247787610618,1.0619469026548671,,
Mateo Kovačić,mateo kovacic,Manchester City,MF,1.4,,,,,,,,,,,,0.0,1.4285714285714286,,
Mateus Fernandes,mateus fernandes,West Ham United,MF,33.5,,,,,,,,,,,,1.462686567164179,1.462686567164179,,
Mateus Mane,mateus mane,Wolves,MF,19.9,,,,,,,,,,,,1.306532663316583,2.361809045226131,,
Matheus Cunha,matheus cunha,Manchester Utd,"MF,FW",27.7,,,,,,,,,,,,1.0108303249097472,1.9494584837545126,,
Matheus Nunes,matheus nunes,Manchester City,DF,31.8,,,,,,,,,,,,0.5345911949685535,0.9433962264150944,,
Mathias Jensen,mathias jensen,Brentford,MF,25.0,,,,,,,,,,,,0.8,0.6,,
Mathys Tel,mathys tel,Tottenham Hotspur,"MF,FW",15.0,,,,,,,,,,,,1.2666666666666666,1.5333333333333334,,
Mats Wieffer,mats wieffer,Brighton,DF,21.1,,,,,,,,,,,,1.4218009478672984,1.0426540284360188,,
Matt Doherty,matt doherty,Wolves,"DF,MF",8.7,,,,,,,,,,,,1.8390804597701151,0.6896551724137931,,
Matt O'Riley,matt o'riley,Brighton,MF,2.3,,,,,,,,,,,,0.8695652173913044,0.4347826086956522,,
Matthijs de Ligt,matthijs de ligt,Manchester Utd,DF,13.0,,,,,,,,,,,,0.46153846153846156,0.38461538461538464,,
Matty Cash,matty cash,Aston Villa,DF,33.5,,,,,,,,,,,,1.2537313432835822,0.8955223880597015,,
Matz Sels,matz sels,Nottingham Forest,GK,29.6,,,,,,,,,,,,0.0,0.13513513513513511,,
Max Alleyne,max alleyne,Manchester City,DF,1.5,,,,,,,,,,,,0.0,0.0,,
Max Dowman,max dowman,Arsenal,MF,1.7,,,,,,,,,,,,1.1764705882352942,4.11764705882353,,
Max Kilman,max kilman,West Ham United,DF,17.3,,,,,,,,,,,,0.9248554913294798,0.11560693641618497,,
Max Weiß,max weiss,Burnley,GK,3.0,,,,,,,,,,,,0.0,0.0,,
Maxence Lacroix,maxence lacroix,Crystal Palace,DF,34.3,,,,,,,,,,,,0.9912536443148688,0.5539358600583091,,
Maxim De Cuyper,maxim de cuyper,Brighton,"DF,MF",15.7,,,,,,,,,,,,1.1464968152866242,1.337579617834395,,
Maxime Estève,maxime esteve,Burnley,DF,32.6,,,,,,,,,,,,0.3987730061349693,0.36809815950920244,,
Melker Ellborg,melker ellborg,Sunderland,GK,3.0,,,,,,,,,,,,0.0,0.3333333333333333,,
Merlin Röhl,merlin rohl,Everton,MF,7.6,,,,,,,,,,,,2.6315789473684212,0.9210526315789475,,
Michael Kayode,michael kayode,Brentford,DF,36.2,,,,,,,,,,,,0.718232044198895,1.3812154696132595,,
Michael Keane,michael keane,Everton,DF,28.8,,,,,,,,,,,,0.5555555555555556,0.20833333333333331,,
Micky van de Ven,micky van de ven,Tottenham Hotspur,DF,33.8,,,,,,,,,,,,0.8284023668639054,0.6508875739644971,,
Mike Trésor,mike tresor,Burnley,"FW,MF",0.5,,,,,,,,,,,,0.0,0.0,,
Mikel Merino,mikel merino,Arsenal,"MF,FW",11.5,,,,,,,,,,,,1.9130434782608696,1.7391304347826086,,
Mikkel Damsgaard,mikkel damsgaard,Brentford,MF,22.8,,,,,,,,,,,,0.7894736842105263,1.0087719298245614,,
Milos Kerkez,milos kerkez,Liverpool,DF,25.1,,,,,,,,,,,,0.8764940239043825,1.195219123505976,,
Mohamadou Kanté,mohamadou kante,West Ham United,MF,0.8,,,,,,,,,,,,5.0,1.25,,
Mohamed Salah,mohamed salah,Liverpool,MF,23.8,,,,,,,,,,,,0.42016806722689076,0.6722689075630252,,
Mohammed Kudus,mohammed kudus,Tottenham Hotspur,"MF,FW",17.1,,,,,,,,,,,,1.3450292397660817,0.8771929824561403,,
Moisés Caicedo,moises caicedo,Chelsea,MF,31.1,,,,,,,,,,,,1.7363344051446945,1.7684887459807073,,
Morato,morato,Nottingham Forest,DF,14.9,,,,,,,,,,,,1.0738255033557047,0.4697986577181208,,
Morgan Gibbs-White,morgan gibbs-white,Nottingham Forest,MF,34.4,,,,,,,,,,,,0.7558139534883721,1.1918604651162792,,
Morgan Rogers,morgan rogers,Aston Villa,MF,36.4,,,,,,,,,,,,1.2637362637362637,1.3461538461538463,,
Murillo,murillo,Nottingham Forest,DF,23.7,,,,,,,,,,,,0.9704641350210971,0.29535864978902954,,
Myles Lewis-Skelly,myles lewis-skelly,Arsenal,"MF,DF",7.9,,,,,,,,,,,,1.2658227848101264,2.0253164556962022,,
Myles Peart-Harris,myles peart-harris,Brentford,MF,0.0,,,,,,,,,,,,,,,
Nathan Aké,nathan ake,Manchester City,DF,7.7,,,,,,,,,,,,0.38961038961038963,1.0389610389610389,,
Nathan Collins,nathan collins,Brentford,DF,33.1,,,,,,,,,,,,0.6042296072507553,0.5135951661631419,,
Nathan Patterson,nathan patterson,Everton,DF,2.7,,,,,,,,,,,,0.7407407407407407,0.7407407407407407,,
Nathaniel Clyne,nathaniel clyne,Crystal Palace,"MF,DF",6.6,,,,,,,,,,,,0.6060606060606061,0.30303030303030304,,
Nayef Aguerd,nayef aguerd,West Ham United,DF,2.0,,,,,,,,,,,,0.0,0.5,,
Neco Williams,neco williams,Nottingham Forest,DF,35.6,,,,,,,,,,,,0.8146067415730337,1.4606741573033708,,
Nehemiah Oriola,nehemiah oriola,Brighton,MF,0.0,,,,,,,,,,,,,,,
Nick Pope,nick pope,Newcastle United,GK,26.8,,,,,,,,,,,,0.03731343283582089,0.07462686567164178,,
Nick Woltemade,nick woltemade,Newcastle United,"FW,MF",21.1,,,,,,,,,,,,0.947867298578199,0.947867298578199,,
Niclas Füllkrug,niclas fullkrug,West Ham United,FW,4.5,,,,,,,,,,,,2.4444444444444446,0.2222222222222222,,
Nico O’Reilly,nico o'reilly,Manchester City,"DF,MF",29.4,,,,,,,,,,,,1.5306122448979593,0.6122448979591837,,
Nicolás Domínguez,nicolas dominguez,Nottingham Forest,MF,13.1,,,,,,,,,,,,1.2213740458015268,0.8396946564885497,,
Nicolás González,nicolas gonzalez,Manchester City,MF,17.4,,,,,,,,,,,,1.7241379310344829,1.0344827586206897,,
Nicolò Savona,nicolo savona,Nottingham Forest,DF,11.4,,,,,,,,,,,,1.0526315789473684,0.43859649122807015,,
Nikola Milenković,nikola milenkovic,Nottingham Forest,DF,37.5,,,,,,,,,,,,0.56,0.5333333333333333,,
Nilson Angulo,nilson angulo,Sunderland,MF,4.5,,,,,,,,,,,,2.4444444444444446,0.6666666666666666,,
Noah Okafor,noah okafor,Leeds United,"FW,MF",17.3,,,,,,,,,,,,1.0404624277456647,0.8092485549132947,,
Noah Sadiki,noah sadiki,Sunderland,MF,32.1,,,,,,,,,,,,0.9657320872274143,1.2461059190031152,,
Noni Madueke,noni madueke,Arsenal,"FW,MF",13.5,,,,,,,,,,,,1.1111111111111112,1.1111111111111112,,
Nordi Mukiele,nordi mukiele,Sunderland,DF,30.9,,,,,,,,,,,,1.132686084142395,0.8414239482200647,,
Noussair Mazraoui,noussair mazraoui,Manchester Utd,"DF,MF",10.9,,,,,,,,,,,,1.1009174311926606,1.2844036697247705,,
Odsonne Édouard,odsonne edouard,Crystal Palace,FW,0.0,,,,,,,,,,,,,,,
Ola Aina,ola aina,Nottingham Forest,DF,17.6,,,,,,,,,,,,0.7386363636363635,0.8522727272727272,,
Oleksandr Zinchenko,oleksandr zinchenko,Nottingham Forest,DF,3.9,,,,,,,,,,,,0.25641025641025644,0.5128205128205129,,
Oliver Scarles,oliver scarles,West Ham United,"DF,MF",7.3,,,,,,,,,,,,0.9589041095890412,0.9589041095890412,,
Oliver Sonne,oliver sonne,Burnley,DF,1.9,,,,,,,,,,,,2.1052631578947367,0.0,,
Olivier Boscagli,olivier boscagli,Brighton,DF,8.9,,,,,,,,,,,,0.7865168539325842,1.1235955056179774,,
Ollie Watkins,ollie watkins,Aston Villa,FW,31.5,,,,,,,,,,,,1.1111111111111112,1.0158730158730158,,
Omar Alderete,omar alderete,Sunderland,DF,31.1,,,,,,,,,,,,1.0932475884244373,0.3215434083601286,,
Omar Marmoush,omar marmoush,Manchester City,"FW,MF",7.8,,,,,,,,,,,,1.2820512820512822,2.6923076923076925,,
Omari Hutchinson,omari hutchinson,Nottingham Forest,MF,18.8,,,,,,,,,,,,1.2234042553191489,1.276595744680851,,
Oscar Bobb,oscar bobb,Fulham,MF,6.3,,,,,,,,,,,,0.6349206349206349,1.2698412698412698,,
Oscar Bobb,oscar bobb,Manchester City,"MF,FW",5.2,,,,,,,,,,,,0.9615384615384615,1.7307692307692306,,
Pablo,pablo,West Ham United,"MF,FW",9.1,,,,,,,,,,,,2.5274725274725274,0.8791208791208791,,
Pape Matar Sarr,pape matar sarr,Tottenham Hotspur,MF,15.5,,,,,,,,,,,,1.8709677419354838,0.8387096774193549,,
Pascal Groß,pascal gross,Brighton,MF,18.2,,,,,,,,,,,,0.9340659340659341,0.6593406593406593,,
Pascal Struijk,pascal struijk,Leeds United,DF,32.6,,,,,,,,,,,,0.8282208588957055,0.6748466257668712,,
Patrick Dorgu,patrick dorgu,Manchester Utd,MF,16.1,,,,,,,,,,,,1.4285714285714284,2.919254658385093,,
Patrick Roberts,patrick roberts,Sunderland,"FW,MF",0.3,,,,,,,,,,,,0.0,0.0,,
Pau Torres,pau torres,Aston Villa,DF,18.6,,,,,,,,,,,,0.3763440860215054,0.26881720430107525,,
Pedro Lima,pedro lima,Wolves,MF,2.9,,,,,,,,,,,,2.0689655172413794,0.3448275862068966,,
Pedro Neto,pedro neto,Chelsea,"MF,FW",29.2,,,,,,,,,,,,0.5821917808219178,0.8561643835616438,,
Pedro Porro,pedro porro,Tottenham Hotspur,DF,31.1,,,,,,,,,,,,1.0289389067524115,0.8360128617363344,,
Phil Foden,phil foden,Manchester City,MF,23.2,,,,,,,,,,,,0.7758620689655172,1.3362068965517242,,
Piero Hincapié,piero hincapie,Arsenal,DF,19.9,,,,,,,,,,,,0.9045226130653267,0.7035175879396985,,
Quilindschy Hartman,quilindschy hartman,Burnley,DF,20.3,,,,,,,,,,,,0.6403940886699507,0.14778325123152708,,
Radu Drăgușin,radu dragusin,Tottenham Hotspur,DF,5.7,,,,,,,,,,,,1.5789473684210527,0.17543859649122806,,
Randal Kolo Muani,randal kolo muani,Tottenham Hotspur,"FW,MF",18.5,,,,,,,,,,,,2.2162162162162162,0.918918918918919,,
Rayan,rayan,Bournemouth,MF,12.3,,,,,,,,,,,,0.7317073170731707,0.4878048780487805,,
Rayan Aït-Nouri,rayan ait-nouri,Manchester City,DF,10.8,,,,,,,,,,,,1.574074074074074,0.9259259259259258,,
Rayan Cherki,rayan cherki,Manchester City,MF,19.8,,,,,,,,,,,,0.9090909090909091,1.7171717171717171,,
Raúl Jiménez,raul jimenez,Fulham,FW,24.3,,,,,,,,,,,,1.8930041152263375,1.3991769547325101,,
Reece James,reece james,Chelsea,"DF,MF",21.8,,,,,,,,,,,,1.1926605504587156,1.0091743119266054,,
Reinildo Mandava,reinildo mandava,Sunderland,DF,21.8,,,,,,,,,,,,1.4678899082568806,1.6055045871559632,,
Reiss Nelson,reiss nelson,Brentford,"FW,MF",1.4,,,,,,,,,,,,0.0,1.4285714285714286,,
Riccardo Calafiori,riccardo calafiori,Arsenal,DF,18.9,,,,,,,,,,,,1.3756613756613758,0.5291005291005292,,
Richarlison,richarlison,Tottenham Hotspur,"FW,MF",21.8,,,,,,,,,,,,1.055045871559633,1.5137614678899083,,
Rico Henry,rico henry,Brentford,DF,14.8,,,,,,,,,,,,1.0135135135135134,1.1486486486486487,,
Rico Lewis,rico lewis,Manchester City,DF,4.5,,,,,,,,,,,,1.1111111111111112,2.0,,
Rio Cardines,rio cardines,Crystal Palace,MF,1.0,,,,,,,,,,,,0.0,1.0,,
Rio Ngumoha,rio ngumoha,Liverpool,MF,6.2,,,,,,,,,,,,0.6451612903225806,1.9354838709677418,,
Robert Sánchez,robert sanchez,Chelsea,GK,33.8,,,,,,,,,,,,0.0591715976331361,0.38461538461538464,,
Robin Roefs,robin roefs,Sunderland,GK,35.0,,,,,,,,,,,,0.0,0.4,,
Rodri,rodri,Manchester City,MF,16.8,,,,,,,,,,,,0.8333333333333333,1.8452380952380951,,
Rodrigo Bentancur,rodrigo bentancur,Tottenham Hotspur,MF,20.9,,,,,,,,,,,,0.9090909090909092,0.3827751196172249,,
Rodrigo Gomes,rodrigo gomes,Wolves,"MF,FW",10.7,,,,,,,,,,,,0.5607476635514019,0.7476635514018692,,
Rodrigo Muniz,rodrigo muniz,Fulham,FW,11.1,,,,,,,,,,,,1.8918918918918919,1.6216216216216217,,
Romain Esse,romain esse,Crystal Palace,MF,0.5,,,,,,,,,,,,4.0,4.0,,
Romaine Mundle,romaine mundle,Sunderland,MF,4.6,,,,,,,,,,,,1.5217391304347827,1.7391304347826089,,
Romelle Donovan,romelle donovan,Brentford,FW,0.5,,,,,,,,,,,,4.0,6.0,,
Roméo Lavia,romeo lavia,Chelsea,MF,4.2,,,,,,,,,,,,1.9047619047619047,1.9047619047619047,,
Ross Barkley,ross barkley,Aston Villa,MF,9.5,,,,,,,,,,,,0.9473684210526315,0.8421052631578947,,
Ryan Christie,ryan christie,Bournemouth,MF,11.0,,,,,,,,,,,,1.4545454545454546,2.0,,
Ryan Gravenberch,ryan gravenberch,Liverpool,MF,33.2,,,,,,,,,,,,1.1445783132530118,1.2650602409638554,,
Ryan Sessegnon,ryan sessegnon,Fulham,"DF,MF",20.3,,,,,,,,,,,,1.625615763546798,0.14778325123152708,,
Ryan Yates,ryan yates,Nottingham Forest,MF,6.9,,,,,,,,,,,,1.8840579710144927,1.8840579710144927,,
Rúben Dias,ruben dias,Manchester City,DF,23.8,,,,,,,,,,,,0.6302521008403361,0.37815126050420167,,
Sam Byram,sam byram,Leeds United,"DF,MF",0.1,,,,,,,,,,,,10.0,0.0,,
Sam Johnstone,sam johnstone,Wolves,GK,12.0,,,,,,,,,,,,0.0,0.0,,
Samuel Chukwueze,samuel chukwueze,Fulham,MF,12.0,,,,,,,,,,,,0.4166666666666667,1.0,,
Sander Berge,sander berge,Fulham,MF,32.3,,,,,,,,,,,,1.08359133126935,0.43343653250774,,
Sandro Tonali,sandro tonali,Newcastle United,MF,28.2,,,,,,,,,,,,0.851063829787234,1.4893617021276595,,
Santiago Bueno,santiago bueno,Wolves,DF,28.4,,,,,,,,,,,,1.0211267605633803,0.38732394366197187,,
Saša Kalajdžić,sasa kalajdzic,Wolves,"FW,MF",0.2,,,,,,,,,,,,0.0,0.0,,
Saša Lukić,sasa lukic,Fulham,MF,19.3,,,,,,,,,,,,2.7461139896373057,1.2953367875647668,,
Sean Longstaff,sean longstaff,Leeds United,MF,11.2,,,,,,,,,,,,1.1607142857142858,1.517857142857143,,
Sean Neave,sean neave,Newcastle United,FW,0.2,,,,,,,,,,,,0.0,0.0,,
Sebastiaan Bornauw,sebastiaan bornauw,Leeds United,DF,4.8,,,,,,,,,,,,1.4583333333333335,0.0,,
Senne Lammens,senne lammens,Manchester Utd,GK,32.0,,,,,,,,,,,,0.0,0.125,,
Sepp van den Berg,sepp van den berg,Brentford,DF,30.7,,,,,,,,,,,,0.48859934853420195,0.3583061889250814,,
Shea Lacey,shea lacey,Manchester Utd,FW,0.5,,,,,,,,,,,,4.0,4.0,,
Shumaira Mheuka,shumaira mheuka,Chelsea,FW,0.0,,,,,,,,,,,,,,,
Simon Adingra,simon adingra,Sunderland,"MF,FW",7.3,,,,,,,,,,,,2.4657534246575343,0.4109589041095891,,
Solly March,solly march,Brighton,MF,0.5,,,,,,,,,,,,0.0,2.0,,
Soungoutou Magassa,soungoutou magassa,West Ham United,MF,10.9,,,,,,,,,,,,1.5596330275229358,1.5596330275229358,,
Souza,souza,Tottenham Hotspur,MF,1.6,,,,,,,,,,,,1.875,1.25,,
Stefan Ortega,stefan ortega,Nottingham Forest,GK,3.0,,,,,,,,,,,,0.0,0.0,,
Stefanos Tzimas,stefanos tzimas,Brighton,FW,1.5,,,,,,,,,,,,2.6666666666666665,0.6666666666666666,,
Sven Botman,sven botman,Newcastle United,DF,20.4,,,,,,,,,,,,0.6372549019607844,0.9313725490196079,,
Sávio,savio,Manchester City,MF,9.3,,,,,,,,,,,,0.9677419354838709,1.6129032258064515,,
Séamus Coleman,seamus coleman,Everton,DF,0.2,,,,,,,,,,,,0.0,5.0,,
Taiwo Awoniyi,taiwo awoniyi,Nottingham Forest,FW,5.5,,,,,,,,,,,,1.8181818181818181,1.2727272727272727,,
Tammy Abraham,tammy abraham,Aston Villa,FW,3.2,,,,,,,,,,,,0.625,0.0,,
Tawanda Chirewa,tawanda chirewa,Wolves,MF,0.3,,,,,,,,,,,,10.0,3.3333333333333335,,
Thierno Barry,thierno barry,Everton,FW,21.3,,,,,,,,,,,,2.15962441314554,0.3755868544600939,,
Tijjani Reijnders,tijjani reijnders,Manchester City,MF,18.1,,,,,,,,,,,,1.0497237569060773,0.8287292817679557,,
Tim Iroegbunam,tim iroegbunam,Everton,MF,16.5,,,,,,,,,,,,1.7575757575757576,1.2121212121212122,,
Timothy Castagne,timothy castagne,Fulham,"DF,MF",20.5,,,,,,,,,,,,0.8780487804878049,0.5365853658536586,,
Tino Livramento,tino livramento,Newcastle United,DF,14.8,,,,,,,,,,,,0.47297297297297297,1.081081081081081,,
Tolu Arokodare,tolu arokodare,Wolves,FW,15.8,,,,,,,,,,,,1.1392405063291138,1.0759493670886076,,
Tom Cairney,tom cairney,Fulham,MF,8.6,,,,,,,,,,,,1.1627906976744187,1.2790697674418605,,
Tom Edozie,tom edozie,Wolves,MF,0.2,,,,,,,,,,,,0.0,0.0,,
Tom Watson,tom watson,Brighton,MF,0.7,,,,,,,,,,,,4.285714285714286,0.0,,
Tomáš Souček,tomas soucek,West Ham United,MF,24.4,,,,,,,,,,,,1.5163934426229508,0.9016393442622951,,
Tosin Adarabioyo,tosin adarabioyo,Chelsea,DF,8.8,,,,,,,,,,,,0.6818181818181818,0.0,,
Toti Gomes,toti gomes,Wolves,DF,15.8,,,,,,,,,,,,0.6962025316455696,0.6962025316455696,,
Trai Hume,trai hume,Sunderland,"DF,MF",33.7,,,,,,,,,,,,0.890207715133531,1.1275964391691393,,
Trevoh Chalobah,trevoh chalobah,Chelsea,DF,30.9,,,,,,,,,,,,0.6472491909385114,0.5825242718446603,,
Trey Nyoni,trey nyoni,Liverpool,MF,0.3,,,,,,,,,,,,3.3333333333333335,0.0,,
Tyler Adams,tyler adams,Bournemouth,MF,19.7,,,,,,,,,,,,1.8274111675126905,0.6598984771573604,,
Tyler Dibling,tyler dibling,Everton,MF,4.0,,,,,,,,,,,,2.75,2.75,,
Tyler Fletcher,tyler fletcher,Manchester Utd,MF,0.2,,,,,,,,,,,,0.0,0.0,,
Tyler Fredricson,tyler fredricson,Manchester Utd,DF,0.0,,,,,,,,,,,,,,,
Tyrell Malacia,tyrell malacia,Manchester Utd,DF,0.2,,,,,,,,,,,,0.0,0.0,,
Tyrick Mitchell,tyrick mitchell,Crystal Palace,MF,36.1,,,,,,,,,,,,0.6648199445983379,0.7756232686980609,,
Tyrique George,tyrique george,Chelsea,FW,1.6,,,,,,,,,,,,3.75,0.625,,
Tyrique George,tyrique george,Everton,MF,2.4,,,,,,,,,,,,1.25,0.4166666666666667,,
Tyrone Mings,tyrone mings,Aston Villa,DF,14.7,,,,,,,,,,,,0.6802721088435374,0.54421768707483,,
Valentín Castellanos,valentin castellanos,West Ham United,FW,15.4,,,,,,,,,,,,2.0779220779220777,1.0389610389610389,,
Veljko Milosavljević,veljko milosavljevic,Bournemouth,DF,4.1,,,,,,,,,,,,0.0,0.0,,
Victor Lindelöf,victor lindelof,Aston Villa,"DF,MF",10.5,,,,,,,,,,,,0.19047619047619047,0.0,,
Viktor Gyökeres,viktor gyokeres,Arsenal,FW,24.7,,,,,,,,,,,,1.417004048582996,1.2550607287449393,,
Virgil van Dijk,virgil van dijk,Liverpool,DF,38.0,,,,,,,,,,,,0.5,0.47368421052631576,,
Vitaliy Mykolenko,vitaliy mykolenko,Everton,DF,32.9,,,,,,,,,,,,0.8814589665653496,0.851063829787234,,
Vitaly Janelt,vitaly janelt,Brentford,MF,16.0,,,,,,,,,,,,1.25,0.8125,,
Walter Benítez,walter benitez,Crystal Palace,GK,1.0,,,,,,,,,,,,0.0,0.0,,
Wataru Endo,wataru endo,Liverpool,DF,1.9,,,,,,,,,,,,1.0526315789473684,1.5789473684210527,,
Wesley Fofana,wesley fofana,Chelsea,DF,19.1,,,,,,,,,,,,1.413612565445026,0.8900523560209423,,
Wilfried Gnonto,wilfried gnonto,Leeds United,FW,6.0,,,,,,,,,,,,1.1666666666666667,1.8333333333333333,,
Will Hughes,will hughes,Crystal Palace,MF,17.5,,,,,,,,,,,,1.3714285714285714,1.4285714285714286,,
William Osula,william osula,Newcastle United,FW,9.1,,,,,,,,,,,,2.6373626373626373,1.7582417582417582,,
William Saliba,william saliba,Arsenal,DF,29.0,,,,,,,,,,,,0.7586206896551724,0.5517241379310345,,
Wilson Isidor,wilson isidor,Sunderland,FW,12.9,,,,,,,,,,,,1.0852713178294573,0.5426356589147286,,
Wilson Odobert,wilson odobert,Tottenham Hotspur,"MF,FW",10.9,,,,,,,,,,,,0.18348623853211007,0.9174311926605504,,
Xavi Simons,xavi simons,Tottenham Hotspur,"MF,FW",19.5,,,,,,,,,,,,1.0769230769230769,2.2564102564102564,,
Yankuba Minteh,yankuba minteh,Brighton,MF,26.6,,,,,,,,,,,,1.2030075187969924,0.8270676691729323,,
Yasin Ayari,yasin ayari,Brighton,MF,21.4,,,,,,,,,,,,1.1214953271028039,1.3084112149532712,,
Yehor Yarmoliuk,yehor yarmoliuk,Brentford,MF,29.5,,,,,,,,,,,,1.2542372881355932,0.4067796610169492,,
Yeremi Pino,yeremi pino,Crystal Palace,"MF,FW",23.1,,,,,,,,,,,,1.2987012987012987,1.0389610389610389,,
Yerson Mosquera,yerson mosquera,Wolves,DF,23.7,,,,,,,,,,,,1.4345991561181435,1.8565400843881856,,
Yoane Wissa,yoane wissa,Newcastle United,FW,5.9,,,,,,,,,,,,1.0169491525423728,0.3389830508474576,,
Youri Tielemans,youri tielemans,Aston Villa,MF,20.7,,,,,,,,,,,,1.2077294685990339,1.9323671497584543,,
Yves Bissouma,yves bissouma,Tottenham Hotspur,MF,6.7,,,,,,,,,,,,1.1940298507462686,0.8955223880597015,,
Zach Abbott,zach abbott,Nottingham Forest,DF,1.8,,,,,,,,,,,,1.6666666666666665,0.5555555555555556,,
Zeki Amdouni,zeki amdouni,Burnley,"FW,MF",0.8,,,,,,,,,,,,1.25,1.25,,
Zian Flemming,zian flemming,Burnley,FW,19.6,,,,,,,,,,,,2.6020408163265305,1.3265306122448979,,
Álex Jiménez,alex jimenez,Bournemouth,"DF,MF",25.7,,,,,,,,,,,,1.3618677042801557,0.7782101167315175,,
Đorđe Petrović,dorde petrovic,Bournemouth,GK,38.0,,,,,,,,,,,,0.0,0.05263157894736842,,
