squad,fl_number,fl_name,age,fl_pos,fl_pos2,starts,move,formation
Arsenal,,Kepa,30,GK,,12,,4-3-3
Arsenal,,D. Raya,29,GK,,53,,4-3-3
Arsenal,,Mitchell,21,GK,,-,out12Nov,4-3-3
Arsenal,,Rojas,19,GK,,1,out12Nov,4-3-3
Arsenal,,Setford (c),19,GK,,2,,4-3-3
Arsenal,,Ranson,17,GK,,-,out08Apr,4-3-3
Arsenal,,Porter,16,GK,,-,out29Jan,4-3-3
Arsenal,,Gabriel (c),27,CB,,52,,4-3-3
Arsenal,,Kiwior,25,CB,LB,1,out31Aug,4-3-3
Arsenal,,Timber,24,CB,RB,45,,4-3-3
Arsenal,,Saliba,24,CB,,51,,4-3-3
Arsenal,,Mosquera,21,CB,RB,31,,4-3-3
Arsenal,,Clarke,17,CB,RB,2,out29Oct,4-3-3
Arsenal,,Dixon in31Jan,18,CB,,-,out08Mar,4-3-3
Arsenal,,Sweet,18,CB,,2,out30Jan,4-3-3
Arsenal,,Hamill,16,CB,,2,out29Oct,4-3-3
Arsenal,,Onyekac.,17,CB,,1,out12Nov,4-3-3
Arsenal,,Salmon,15,CB,,3,out30Apr,4-3-3
Arsenal,,Calafio.,23,LB,CB,36,,4-3-3
Arsenal,,Hincapié,23,LB,CB,38,,4-3-3
Arsenal,,Lewis-S.,18,LB,,32,,4-3-3
Arsenal,,Washing.,17,LB,,3,out12Nov,4-3-3
Arsenal,,Ogunnai.,17,LB,,2,out12Nov,4-3-3
Arsenal,,White (c),27,RB,CB,28,,4-3-3
Arsenal,,Nichols,18,RB,,2,out11Dec,4-3-3
Arsenal,,Julienne,17,RB,,1,out12Nov,4-3-3
Arsenal,,King,16,RB,,1,out12Nov,4-3-3
Arsenal,,Owusu-G.,16,RB,,-,out12Nov,4-3-3
Arsenal,,Ødegaard (c),26,AM,RW,36,,4-3-3
Arsenal,,Eze,27,AM,LM,43,,4-3-3
Arsenal,,Nwaneri,18,AM,,10,out22Jan,4-3-3
Arsenal,,Merino (c),29,BX,,29,,4-3-3
Arsenal,,Dudziak in22Jan,19,BX,,3,out16Apr,4-3-3
Arsenal,,Copley out08Jan (c),18,BX,,2,,4-3-3
Arsenal,,Murisa,16,BX,,1,out29Oct,4-3-3
Arsenal,,Nørgaard,31,DM,,17,,4-3-3
Arsenal,,Rice (c),26,DM,CB,53,,4-3-3
Arsenal,,Zubimen.,26,DM,,52,,4-3-3
Arsenal,,Ibrahim,17,DM,,3,out08Mar,4-3-3
Arsenal,,Stevens,19,RM,,1,out12Nov,4-3-3
Arsenal,,Havertz,26,FW,,21,,4-3-3
Arsenal,,Trossard,30,LW,,45,,4-3-3
Arsenal,,Martine.,24,LW,,46,,4-3-3
Arsenal,,Sagoe,20,LW,,3,out09Feb,4-3-3
Arsenal,,Kamara,18,LW,ST,3,out01Feb,4-3-3
Arsenal,,Bailey-.,16,LW,,1,out29Jan,4-3-3
Arsenal,,Saka (c),23,RW,LW,47,,4-3-3
Arsenal,,Madueke,23,RW,,35,,4-3-3
Arsenal,,Ferdina.,19,RW,,1,out29Oct,4-3-3
Arsenal,,Dowman,15,RW,,8,,4-3-3
Arsenal,,O'Neill,17,RW,,1,out05Apr,4-3-3
Arsenal,,G. Jesus (c),28,ST,WF,22,,4-3-3
Arsenal,,Gyökeres,27,ST,LW,54,,4-3-3
Arsenal,,Harrima.,17,ST,,3,,4-3-3
Aston Villa,23.0,Martínez,32,GK,,44,,4-2-3-1
Aston Villa,40.0,Bizot,34,GK,,14,,4-2-3-1
Aston Villa,64.0,Wright,20,GK,,-,out25May,4-2-3-1
Aston Villa,60.0,Holling.,20,GK,,-,out04Dec,4-2-3-1
Aston Villa,52.0,Proctor,18,GK,,-,out08Feb,4-2-3-1
Aston Villa,95.0,Oakley,18,GK,,-,out12Dec,4-2-3-1
Aston Villa,3.0,Lindelöf,30,CB,,24,,4-2-3-1
Aston Villa,5.0,Mings (c),32,CB,,20,,4-2-3-1
Aston Villa,14.0,Torres,28,CB,,36,,4-2-3-1
Aston Villa,4.0,Konsa (c),27,CB,RB,48,,4-2-3-1
Aston Villa,56.0,Routh,17,CB,,-,out31Dec,4-2-3-1
Aston Villa,71.0,Carroll,18,CB,,-,out04Jan,4-2-3-1
Aston Villa,12.0,Digne (c),31,LB,,41,,4-2-3-1
Aston Villa,22.0,Maatsen,23,LB,LM,37,,4-2-3-1
Aston Villa,55.0,Patters.,19,LB,LM,-,out10Feb,4-2-3-1
Aston Villa,2.0,Cash,27,RB,RM,49,,4-2-3-1
Aston Villa,16.0,García,22,RB,,3,,4-2-3-1
Aston Villa,45.0,Rowe,19,RB,,-,out31Aug,4-2-3-1
Aston Villa,79.0,Koné,17,MF,,-,out15Feb,4-2-3-1
Aston Villa,6.0,Barkley,31,AM,,19,,4-2-3-1
Aston Villa,10.0,Buendía,28,AM,,46,,4-2-3-1
Aston Villa,27.0,Rogers,22,AM,LW,53,,4-2-3-1
Aston Villa,9.0,Elliott,22,AM,RW,6,,4-2-3-1
Aston Villa,7.0,McGinn (c),30,BX,,41,,4-2-3-1
Aston Villa,8.0,Tielema. (c),28,BX,,33,,4-2-3-1
Aston Villa,21.0,D. Luiz,27,BX,,16,in28Jan,4-2-3-1
Aston Villa,20.0,Jimoh,18,BX,,1,out01Feb,4-2-3-1
Aston Villa,53.0,Hemmings,18,BX,,2,out25May,4-2-3-1
Aston Villa,44.0,Kamara,25,DM,CB,24,,4-2-3-1
Aston Villa,24.0,Onana,23,DM,,37,,4-2-3-1
Aston Villa,26.0,Bogarde,21,DM,DF,33,,4-2-3-1
Aston Villa,54.0,Borland,18,DM,,-,out02Jan,4-2-3-1
Aston Villa,47.0,Edward,19,FW,,1,in01Jan,4-2-3-1
Aston Villa,19.0,Iling,21,LW,,-,out31Aug,4-2-3-1
Aston Villa,62.0,Broggio,18,LW,,-,out01Feb,4-2-3-1
Aston Villa,51.0,Young,19,RW,,-,,4-2-3-1
Aston Villa,83.0,Burrowes,17,RW,,1,,4-2-3-1
Aston Villa,11.0,Watkins,29,ST,,51,,4-2-3-1
Aston Villa,18.0,Abraham,27,ST,,8,,4-2-3-1
Aston Villa,17.0,Malen,26,ST,WF,24,out15Jan,4-2-3-1
Aston Villa,29.0,Guessand,24,ST,WF,18,,4-2-3-1
Aston Villa,31.0,Bailey,27,WF,,16,in21Jan,4-2-3-1
Aston Villa,19.0,Sancho,25,WF,,35,,4-2-3-1
Bournemouth,17.0,Forster,37,GK,,-,in01Jan,4-2-3-1
Bournemouth,1.0,Petrović,25,GK,,40,,4-2-3-1
Bournemouth,29.0,Mandas,23,GK,,-,in27Jan,4-2-3-1
Bournemouth,40.0,Dennis,24,GK,,-,,4-2-3-1
Bournemouth,5.0,Senesi (c),28,CB,,38,,4-2-3-1
Bournemouth,23.0,Hill,23,CB,,31,,4-2-3-1
Bournemouth,44.0,Milosav.,18,CB,DM,4,,4-2-3-1
Bournemouth,3.0,Truffert,23,LB,,38,,4-2-3-1
Bournemouth,,Soler,20,LB,,3,out12Sep,4-2-3-1
Bournemouth,15.0,Smith (c),34,RB,LB,19,,4-2-3-1
Bournemouth,18.0,Diakité,24,RB,CB,19,,4-2-3-1
Bournemouth,2.0,Araujo,23,RB,RM,1,out31Dec,4-2-3-1
Bournemouth,20.0,Jiménez,20,RB,LB,32,,4-2-3-1
Bournemouth,51.0,Dacosta,17,MF,,-,out08Feb,4-2-3-1
Bournemouth,29.0,Billing,29,AM,,-,out25Aug,4-2-3-1
Bournemouth,19.0,Kluivert,26,AM,,15,,4-2-3-1
Bournemouth,25.0,Traorè,25,AM,LW,1,out28Aug,4-2-3-1
Bournemouth,4.0,Cook (c),28,BX,,18,,4-2-3-1
Bournemouth,8.0,Scott,21,BX,,38,,4-2-3-1
Bournemouth,12.0,Adams,26,DM,RB,26,,4-2-3-1
Bournemouth,27.0,Tóth,19,DM,BX,4,in20Jan,4-2-3-1
Bournemouth,53.0,Stevens,18,DM,,-,out20Jan,4-2-3-1
Bournemouth,47.0,Winterb.,20,DM,,-,out31Aug,4-2-3-1
Bournemouth,16.0,Taverni. (c),26,LM,,34,,4-2-3-1
Bournemouth,,Adli,25,FW,,26,,4-2-3-1
Bournemouth,22.0,Kroupi,19,FW,,30,,4-2-3-1
Bournemouth,50.0,Rees-Do.,19,FW,,-,out01Feb,4-2-3-1
Bournemouth,7.0,Brooks (c),27,RW,,26,,4-2-3-1
Bournemouth,24.0,Semenyo out08Jan (c),25,RW,,21,,4-2-3-1
Bournemouth,11.0,Gannon-.,19,RW,,6,,4-2-3-1
Bournemouth,51.0,DaCosta,20,RW,LW,-,out11Jan,4-2-3-1
Bournemouth,37.0,R. Vitor,18,RW,ST,15,,4-2-3-1
Bournemouth,26.0,Ünal,28,ST,,14,,4-2-3-1
Bournemouth,9.0,Evanils.,25,ST,,34,,4-2-3-1
Bournemouth,49.0,Sadi in01Jan,21,WF,AM,-,out12Feb,4-2-3-1
Brentford,31.0,Balcombe,25,GK,,-,,4-2-3-1
Brentford,1.0,Kelleher,26,GK,,38,,4-2-3-1
Brentford,12.0,Valdima.,23,GK,,7,,4-2-3-1
Brentford,41.0,Eyestone,19,GK,,-,,4-2-3-1
Brentford,20.0,Ajer,27,CB,RB,31,,4-2-3-1
Brentford,22.0,Collins (c),24,CB,,39,,4-2-3-1
Brentford,5.0,Pinnock,32,CB,,8,,4-2-3-1
Brentford,4.0,v. Berg,23,CB,RB,38,,4-2-3-1
Brentford,43.0,Arthur,19,CB,,3,,4-2-3-1
Brentford,50.0,Stephen.,17,CB,,-,,4-2-3-1
Brentford,3.0,Henry,27,LB,LM,28,,4-2-3-1
Brentford,51.0,McManus,21,LB,,-,out22Mar,4-2-3-1
Brentford,30.0,Roerslev,26,RB,,-,out20Aug,4-2-3-1
Brentford,33.0,Kayode,20,RB,RM,41,,4-2-3-1
Brentford,52.0,Owen,19,MF,,-,out12Apr,4-2-3-1
Brentford,48.0,Bentt,17,MF,,1,out19Apr,4-2-3-1
Brentford,49.0,Shield,18,MF,,-,out28Apr,4-2-3-1
Brentford,24.0,Damsgaa.,24,AM,,34,,4-2-3-1
Brentford,25.0,Peart-H.,22,AM,,-,out07Jan,4-2-3-1
Brentford,14.0,Carvalho,22,AM,,8,,4-2-3-1
Brentford,6.0,Henders.,35,BX,,32,,4-2-3-1
Brentford,8.0,Jensen (c),29,BX,,36,,4-2-3-1
Brentford,10.0,Dasilva,26,BX,,1,,4-2-3-1
Brentford,15.0,Onyeka,27,BX,,9,out01Feb,4-2-3-1
Brentford,18.0,Yarmoli.,21,BX,,42,,4-2-3-1
Brentford,17.0,Milambo,20,BX,,3,,4-2-3-1
Brentford,27.0,Janelt (c),27,DM,,28,,4-2-3-1
Brentford,26.0,Konak,19,DM,,-,out14Jan,4-2-3-1
Brentford,23.0,Lewis-P.,24,LM,LB,36,,4-2-3-1
Brentford,47.0,Furo,18,FW,,2,in11Jan,4-2-3-1
Brentford,39.0,G. Nunes,19,LW,,1,out21Jan,4-2-3-1
Brentford,9.0,Thiago,24,ST,,40,,4-2-3-1
Brentford,11.0,Nelson,25,WF,,13,,4-2-3-1
Brentford,7.0,Schade,23,WF,ST,36,,4-2-3-1
Brentford,19.0,Ouattara,23,WF,LB,34,,4-2-3-1
Brentford,45.0,Donovan,18,WF,ST,6,,4-2-3-1
Brighton,,Steele (c),34,GK,,5,,4-2-3-1
Brighton,,Verbrug.,22,GK,,38,,4-2-3-1
Brighton,,McGill,25,GK,,-,,4-2-3-1
Brighton,,Ramming,18,GK,,-,out30Oct,4-2-3-1
Brighton,,Tasker,19,DF,,2,out12Jan,4-2-3-1
Brighton,,Simmonds,17,DF,,-,out21Dec,4-2-3-1
Brighton,,Dunk (c),33,CB,,33,,4-2-3-1
Brighton,,Boscagli,27,CB,LB,14,,4-2-3-1
Brighton,,Santos,27,CB,LB,1,out31Aug,4-2-3-1
Brighton,,v. Hecke,25,CB,,39,,4-2-3-1
Brighton,,Coppola,21,CB,,9,out28Jan,4-2-3-1
Brighton,,Cuyper,24,LB,LM,27,,4-2-3-1
Brighton,,Veltman,33,RB,CB,24,,4-2-3-1
Brighton,,Lamptey,24,RB,LB,-,out31Aug,4-2-3-1
Brighton,,Wieffer,25,RB,DM,27,,4-2-3-1
Brighton,,Kasvosve,17,MF,,-,,4-2-3-1
Brighton,,Howell,16,AM,,3,out15Mar,4-2-3-1
Brighton,,Groß in01Jan (c),34,BX,RB,21,,4-2-3-1
Brighton,,O'Riley,24,BX,,4,,4-2-3-1
Brighton,,Ayari,21,BX,,30,,4-2-3-1
Brighton,,Hinshel.,20,BX,RB,28,,4-2-3-1
Brighton,,Knight,19,BX,,1,out29Jan,4-2-3-1
Brighton,,Baleba,21,DM,,34,,4-2-3-1
Brighton,,Mitoma,28,LW,,25,,4-2-3-1
Brighton,,Watson,19,LW,,4,out31Jan,4-2-3-1
Brighton,,Oriola,18,LW,,1,out21Dec,4-2-3-1
Brighton,,March,30,RW,,2,,4-2-3-1
Brighton,,Minteh,20,RW,,35,,4-2-3-1
Brighton,,Gruda,21,RW,AM,16,out01Feb,4-2-3-1
Brighton,,Welbeck (c),34,ST,LW,35,,4-2-3-1
Brighton,,Rutter (c),23,ST,AM,32,,4-2-3-1
Brighton,,Tzimas,19,ST,,6,,4-2-3-1
Brighton,,Kostoul.,18,ST,AM,13,,4-2-3-1
Burnley,,Dúbravka,36,GK,,35,,4-2-3-1
Burnley,,Hladký,34,GK,,-,,4-2-3-1
Burnley,,Weiß,21,GK,,7,,4-2-3-1
Burnley,,Tuanzebe,27,CB,RB,16,,4-2-3-1
Burnley,,Worrall (c),28,CB,,12,,4-2-3-1
Burnley,,Delcroix,26,CB,,-,out14Jan,4-2-3-1
Burnley,,Humphre.,22,CB,,21,,4-2-3-1
Burnley,,Ekdal,26,CB,,21,,4-2-3-1
Burnley,,Estève (c),23,CB,,36,,4-2-3-1
Burnley,,Campbell,18,CB,,-,,4-2-3-1
Burnley,,Hartman,23,LB,,23,,4-2-3-1
Burnley,,L. Pires,24,LB,,21,,4-2-3-1
Burnley,,Walker (c),35,RB,,35,,4-2-3-1
Burnley,,Roberts,29,RB,,-,,4-2-3-1
Burnley,,Sonne,24,RB,RM,10,out28Jan,4-2-3-1
Burnley,,Laurent,30,MF,,33,,4-2-3-1
Burnley,,Leuluai,18,MF,,-,,4-2-3-1
Burnley,,Pimlott,18,MF,,-,,4-2-3-1
Burnley,,Clark,18,MF,,1,,4-2-3-1
Burnley,,Brierley,17,MF,,-,,4-2-3-1
Burnley,,Tresor,26,AM,LW,5,,4-2-3-1
Burnley,,Ramsey,22,AM,,1,out31Aug,4-2-3-1
Burnley,,Pouani,17,AM,,-,,4-2-3-1
Burnley,,Ward-Pr.,30,BX,RM,13,,4-2-3-1
Burnley,,Cullen (c),29,BX,,18,,4-2-3-1
Burnley,,Hannibal,22,BX,,28,,4-2-3-1
Burnley,,Florent.,25,DM,,32,,4-2-3-1
Burnley,,Ugochuk.,21,DM,,34,,4-2-3-1
Burnley,,Larsen,26,LW,,25,,4-2-3-1
Burnley,,Anthony,25,LW,,35,,4-2-3-1
Burnley,,Banel,20,LW,ST,3,out28Jan,4-2-3-1
Burnley,,Tweedy,20,LW,RW,-,out01Sep,4-2-3-1
Burnley,,Edwards,26,RW,AM,22,,4-2-3-1
Burnley,,Tchaouna,21,RW,,24,,4-2-3-1
Burnley,,Agyei,20,RW,,-,,4-2-3-1
Burnley,,McMahon.,16,RW,,-,,4-2-3-1
Burnley,,Barnes,35,ST,LW,5,,4-2-3-1
Burnley,,Flemming,26,ST,,27,,4-2-3-1
Burnley,,Foster,24,ST,,25,,4-2-3-1
Burnley,,Broja,23,ST,,16,,4-2-3-1
Burnley,,Amdouni,24,ST,AM,3,,4-2-3-1
Chelsea,,Sánchez,27,GK,,53,,4-2-3-1
Chelsea,,Sharman.,22,GK,,-,,4-2-3-1
Chelsea,,Słonina,21,GK,,1,,4-2-3-1
Chelsea,,Jörgens.,23,GK,,11,,4-2-3-1
Chelsea,,Curd,19,GK,,-,out11Nov,4-2-3-1
Chelsea,,Merrick,19,GK,,-,out18Mar,4-2-3-1
Chelsea,,Sands,17,GK,,-,,4-2-3-1
Chelsea,,Bernal,16,GK,,-,out27Aug,4-2-3-1
Chelsea,,Olise,20,DF,,1,,4-2-3-1
Chelsea,,Wilson,19,DF,,1,,4-2-3-1
Chelsea,,Antwi,18,DF,,1,out27Aug,4-2-3-1
Chelsea,,Adarabi. (c),27,CB,,23,,4-2-3-1
Chelsea,,Chalobah,25,CB,DM,50,,4-2-3-1
Chelsea,,Badiash.,24,CB,,15,,4-2-3-1
Chelsea,,Fofana,24,CB,,37,,4-2-3-1
Chelsea,,Colwill,22,CB,LB,6,,4-2-3-1
Chelsea,,Hato,19,CB,LB,33,,4-2-3-1
Chelsea,,Sarr,19,CB,,5,,4-2-3-1
Chelsea,,Murray-.,18,CB,,1,out27Aug,4-2-3-1
Chelsea,,Subuloye,17,CB,,-,,4-2-3-1
Chelsea,,Cucurel.,26,LB,LM,53,,4-2-3-1
Chelsea,,Best,19,LB,CB,1,out27Aug,4-2-3-1
Chelsea,,James (c),25,RB,DM,39,,4-2-3-1
Chelsea,,Gusto,22,RB,,52,,4-2-3-1
Chelsea,,Acheamp.,19,RB,CB,24,,4-2-3-1
Chelsea,,Harrison,17,MF,,1,out24Sep,4-2-3-1
Chelsea,,Walsh,16,MF,,2,out22Jan,4-2-3-1
Chelsea,,Palmer (c),23,AM,RW,36,,4-2-3-1
Chelsea,,Buonano.,20,AM,RM,8,out14Jan,4-2-3-1
Chelsea,,Cardoso,18,AM,,1,out27Aug,4-2-3-1
Chelsea,,Eboué,16,AM,,-,out10May,4-2-3-1
Chelsea,,Fernánd. (c),24,BX,,57,,4-2-3-1
Chelsea,,Santos,21,BX,,42,,4-2-3-1
Chelsea,,Tauriai.,21,BX,,1,out27Aug,4-2-3-1
Chelsea,,McMahon,19,BX,,1,out27Aug,4-2-3-1
Chelsea,,Caicedo (c),23,DM,,52,,4-2-3-1
Chelsea,,Lavia,21,DM,,17,,4-2-3-1
Chelsea,,Essugo,20,DM,,5,,4-2-3-1
Chelsea,,Emenalo,17,DM,,1,out22Jan,4-2-3-1
Chelsea,,Nicoll-.,15,DM,,-,,4-2-3-1
Chelsea,,Holland in01Jan,15,DM,,-,out04Feb,4-2-3-1
Chelsea,,J. Pedro,23,FW,,49,,4-2-3-1
Chelsea,,George,19,FW,,11,out01Feb,4-2-3-1
Chelsea,,Mheuka (c),17,FW,,1,,4-2-3-1
Chelsea,,Bynoe-G.,20,LW,RW,19,,4-2-3-1
Chelsea,,Garnacho,20,LW,,38,,4-2-3-1
Chelsea,,Derry,18,LW,,2,out25May,4-2-3-1
Chelsea,,Willian,18,RW,,33,,4-2-3-1
Chelsea,,Barbour,17,RW,,-,,4-2-3-1
Chelsea,,Delap,22,ST,RW,35,,4-2-3-1
Chelsea,,Guiu,19,ST,,9,,4-2-3-1
Chelsea,,Ezenwata,16,ST,,-,out27Aug,4-2-3-1
Chelsea,,P. Neto,25,WF,ST,51,,4-2-3-1
Crystal Palace,44.0,Benítez,32,GK,,8,,3-4-2-1
Crystal Palace,31.0,Matthews,31,GK,,-,,3-4-2-1
Crystal Palace,1.0,Henders. (c),28,GK,,52,,3-4-2-1
Crystal Palace,41.0,Lee,20,GK,,1,out03Sep,3-4-2-1
Crystal Palace,53.0,Izquier.,20,GK,,-,out20Mar,3-4-2-1
Crystal Palace,75.0,Walker-.,17,DF,,1,out03Sep,3-4-2-1
Crystal Palace,5.0,Lacroix (c),25,CB,,55,,3-4-2-1
Crystal Palace,6.0,Guéhi (c),24,CB,LB,33,,3-4-2-1
Crystal Palace,26.0,Richards,25,CB,,49,,3-4-2-1
Crystal Palace,34.0,Riad,22,CB,,11,,3-4-2-1
Crystal Palace,54.0,Grante,19,CB,RB,1,out03Sep,3-4-2-1
Crystal Palace,40.0,Browne,19,CB,,1,out31Dec,3-4-2-1
Crystal Palace,23.0,Canvot,18,CB,,34,,3-4-2-1
Crystal Palace,78.0,Fasida,16,CB,,1,out03Sep,3-4-2-1
Crystal Palace,60.0,King,18,CB,,1,out11Jan,3-4-2-1
Crystal Palace,24.0,Sosa,27,LB,LM,13,,3-4-2-1
Crystal Palace,3.0,Mitchell,25,LB,,55,,3-4-2-1
Crystal Palace,72.0,Benamar,17,LB,,1,out11Jan,3-4-2-1
Crystal Palace,17.0,Clyne,34,RB,,10,,3-4-2-1
Crystal Palace,2.0,Muñoz,29,RB,,45,,3-4-2-1
Crystal Palace,30.0,Imray,21,RB,RM,-,,3-4-2-1
Crystal Palace,62.0,Whyte,18,RB,,1,out03Sep,3-4-2-1
Crystal Palace,58.0,Williams,18,MF,,-,out03Sep,3-4-2-1
Crystal Palace,50.0,Gibbard,19,MF,,-,out03Sep,3-4-2-1
Crystal Palace,18.0,Kamada,28,AM,,43,,3-4-2-1
Crystal Palace,10.0,Eze,27,AM,LM,2,,3-4-2-1
Crystal Palace,19.0,Hughes (c),30,BX,,43,,3-4-2-1
Crystal Palace,55.0,Devenny,21,BX,,28,,3-4-2-1
Crystal Palace,8.0,Lerma (c),30,DM,RB,46,,3-4-2-1
Crystal Palace,45.0,Reid,20,DM,,1,out03Sep,3-4-2-1
Crystal Palace,20.0,Wharton,21,DM,,53,,3-4-2-1
Crystal Palace,42.0,Rodney,20,DM,RB,3,,3-4-2-1
Crystal Palace,86.0,Drakes-.,16,RM,,2,out18Jan,3-4-2-1
Crystal Palace,11.0,Johnson,24,FW,,23,in01Jan,3-4-2-1
Crystal Palace,63.0,Marsh,19,FW,,1,out02Feb,3-4-2-1
Crystal Palace,73.0,Casey,17,FW,,2,out11Jan,3-4-2-1
Crystal Palace,64.0,Agbinone,19,LW,,1,out03Sep,3-4-2-1
Crystal Palace,7.0,Sarr,27,RW,,44,,3-4-2-1
Crystal Palace,10.0,Pino,22,RW,LW,47,,3-4-2-1
Crystal Palace,21.0,Esse,20,RW,,5,,3-4-2-1
Crystal Palace,22.0,Édouard,27,ST,,2,out31Aug,3-4-2-1
Crystal Palace,14.0,Mateta,28,ST,,45,,3-4-2-1
Crystal Palace,9.0,Nketiah,26,ST,,14,,3-4-2-1
Crystal Palace,22.0,Larsen,25,ST,,22,,3-4-2-1
Crystal Palace,29.0,Guessand,24,ST,WF,14,in30Jan,3-4-2-1
Crystal Palace,12.0,Uche,22,ST,,15,,3-4-2-1
Crystal Palace,49.0,Rak-Sak.,22,WF,,-,out11Sep,3-4-2-1
Crystal Palace,47.0,Nascime.,20,WF,,1,out03Sep,3-4-2-1
Everton,,Pickford (c),31,GK,,39,,4-2-3-1
Everton,,King,30,GK,,-,,4-2-3-1
Everton,,Travers,26,GK,,2,,4-2-3-1
Everton,,Tyrer,23,GK,,-,out15Jan,4-2-3-1
Everton,,Pickford,18,GK,,1,out03Sep,4-2-3-1
Everton,,Schoor,18,DF,,1,out03Sep,4-2-3-1
Everton,,Tarkows. (c),32,CB,,40,,4-2-3-1
Everton,,Keane,32,CB,,35,,4-2-3-1
Everton,,Branthw.,23,CB,,10,,4-2-3-1
Everton,,Welch,21,CB,,1,out19Jan,4-2-3-1
Everton,,O'Brien,24,CB,,40,,4-2-3-1
Everton,,Campbell,20,CB,LB,2,out31Jan,4-2-3-1
Everton,,Tamen (c),19,CB,,1,,4-2-3-1
Everton,,Moonan,19,CB,,-,out03Sep,4-2-3-1
Everton,,Samuels.,19,CB,,1,out03Sep,4-2-3-1
Everton,,Thomas,18,CB,,1,out03Sep,4-2-3-1
Everton,,Davis,18,CB,,-,out03Sep,4-2-3-1
Everton,,Mykolen.,26,LB,,36,,4-2-3-1
Everton,,Aznou,19,LB,LM,2,,4-2-3-1
Everton,,Coleman (c),36,RB,,7,,4-2-3-1
Everton,,Patters.,23,RB,RM,7,,4-2-3-1
Everton,,Finney,18,RB,CB,1,out12Jan,4-2-3-1
Everton,,Olayiwo.,16,MF,,-,out11Jan,4-2-3-1
Everton,,Gueye,35,BX,,25,,4-2-3-1
Everton,,Dewsbur.,26,BX,,32,,4-2-3-1
Everton,,Onyango,22,BX,,-,out31Aug,4-2-3-1
Everton,,Alcaraz,22,BX,,20,,4-2-3-1
Everton,,Röhl,22,BX,RM,16,,4-2-3-1
Everton,,Armstro.,18,BX,LM,14,out31Aug,4-2-3-1
Everton,,Garner,24,DM,RB,41,,4-2-3-1
Everton,,Iroegbu.,22,DM,,28,,4-2-3-1
Everton,,Bates,19,DM,,1,out11Jan,4-2-3-1
Everton,,Gomez,19,DM,,1,out03Sep,4-2-3-1
Everton,,Ndiaye,25,FW,,34,,4-2-3-1
Everton,,George,19,FW,,10,in02Feb,4-2-3-1
Everton,,Benjamin,19,FW,,1,out03Sep,4-2-3-1
Everton,,Graham,17,FW,,-,out11Jan,4-2-3-1
Everton,,Grealish,29,LW,AM,21,,4-2-3-1
Everton,,Ebere,19,LW,,-,out03Sep,4-2-3-1
Everton,,Dibling,19,RW,,15,,4-2-3-1
Everton,,Beaumon.,19,RW,,1,out03Sep,4-2-3-1
Everton,,Catesby,18,RW,,1,out03Sep,4-2-3-1
Everton,,Beto,27,ST,,30,,4-2-3-1
Everton,,Chermiti,21,ST,,-,out31Aug,4-2-3-1
Everton,,Okoronk.,20,ST,LW,-,out17Aug,4-2-3-1
Everton,,Barry,22,ST,AM,37,,4-2-3-1
Everton,,McNeil,25,WF,AM,24,,4-2-3-1
Fulham,,Leno (c),33,GK,,38,,4-2-3-1
Fulham,,Lecomte,34,GK,,7,,4-2-3-1
Fulham,,McNally out05Jan (c),20,GK,,2,,4-2-3-1
Fulham,,Mayer,17,GK,,-,out12Nov,4-2-3-1
Fulham,,Wahid,19,DF,,2,out12Nov,4-2-3-1
Fulham,,Andersen (c),29,CB,,35,,4-2-3-1
Fulham,,Diop,28,CB,,15,,4-2-3-1
Fulham,,Cuenca,25,CB,,21,,4-2-3-1
Fulham,,Amissah,18,CB,LB,-,out18Jan,4-2-3-1
Fulham,,Nsasi,17,CB,,1,out03Sep,4-2-3-1
Fulham,,Cooke,19,CB,,1,out12Nov,4-2-3-1
Fulham,,Sessegn.,25,LB,LM,30,,4-2-3-1
Fulham,,Robinson,27,LB,,26,,4-2-3-1
Fulham,,Bassey,25,LB,CB,31,,4-2-3-1
Fulham,,Esenga,18,LB,,-,out03Sep,4-2-3-1
Fulham,,Castagne,29,RB,LB,33,,4-2-3-1
Fulham,,Tete,29,RB,,22,,4-2-3-1
Fulham,,Gofford,19,RB,BX,2,out12Nov,4-2-3-1
Fulham,,B. Jesus,19,RB,,2,out12Nov,4-2-3-1
Fulham,,Benchai.,16,RB,,1,out12Nov,4-2-3-1
Fulham,,Nwoko,19,MF,,2,out07Jan,4-2-3-1
Fulham,,Quashie,18,MF,,2,out12Nov,4-2-3-1
Fulham,,Pereira,29,AM,LW,-,out28Aug,4-2-3-1
Fulham,,Smith-R.,24,AM,LW,41,,4-2-3-1
Fulham,,Cairney (c),34,BX,RM,26,,4-2-3-1
Fulham,,Reed (c),30,BX,,9,,4-2-3-1
Fulham,,Lukić,28,BX,,29,,4-2-3-1
Fulham,,King,18,BX,,32,,4-2-3-1
Fulham,,Ridgeon,16,BX,,-,out11Jan,4-2-3-1
Fulham,,White,17,BX,,1,out12Nov,4-2-3-1
Fulham,,Gomins,16,BX,,-,out12Nov,4-2-3-1
Fulham,,Khan,17,BX,,-,out12Nov,4-2-3-1
Fulham,,Berge,27,DM,,37,,4-2-3-1
Fulham,,Bobb,21,FW,,15,,4-2-3-1
Fulham,,Kevin,22,FW,,25,,4-2-3-1
Fulham,,Olyott,24,FW,,2,out12Nov,4-2-3-1
Fulham,,Traoré,29,RW,,12,out27Jan,4-2-3-1
Fulham,,Wilson,28,RW,,40,,4-2-3-1
Fulham,,Chukwue.,26,RW,,22,,4-2-3-1
Fulham,,Works,20,RW,LW,1,out12Sep,4-2-3-1
Fulham,,Zepa,16,RW,,1,out12Nov,4-2-3-1
Fulham,,Jiménez,34,ST,,33,,4-2-3-1
Fulham,,R. Muniz,24,ST,,17,,4-2-3-1
Fulham,,Loupalo.,19,ST,,2,,4-2-3-1
Fulham,,Kusi-As.,17,ST,LW,1,,4-2-3-1
Fulham,,Iwobi,29,WF,AM,33,,4-2-3-1
Leeds United,,Darlow,34,GK,,24,,3-5-2
Leeds United,,L. Perri,27,GK,,20,,3-5-2
Leeds United,,Meslier,25,GK,,-,,3-5-2
Leeds United,,Ombang,19,GK,,1,out12Nov,3-5-2
Leeds United,,Mahady,18,GK,,1,out30Sep,3-5-2
Leeds United,,Firth,17,DF,,1,out12Nov,3-5-2
Leeds United,,Rodon,27,CB,,36,,3-5-2
Leeds United,,Struijk (c),25,CB,LB,37,,3-5-2
Leeds United,,Bornauw,26,CB,,13,,3-5-2
Leeds United,,Bijol,26,CB,DM,28,,3-5-2
Leeds United,,Lopata-.,19,CB,,2,out01Feb,3-5-2
Leeds United,,Enahoro.,18,CB,,2,out12Nov,3-5-2
Leeds United,,Gudmund.,26,LB,LM,35,,3-5-2
Leeds United,,Bird,18,LB,CB,1,out12Nov,3-5-2
Leeds United,,Lienou,17,LB,,1,out18May,3-5-2
Leeds United,,Byram (c),31,RB,LB,4,,3-5-2
Leeds United,,Bogle,24,RB,,38,,3-5-2
Leeds United,,Pickles,17,MF,,2,out12Nov,3-5-2
Leeds United,,Brockie,18,MF,,2,out12Nov,3-5-2
Leeds United,,Render,17,MF,,1,out12Nov,3-5-2
Leeds United,,Mills,16,MF,,1,out12Nov,3-5-2
Leeds United,,Aaronson,24,AM,,40,,3-5-2
Leeds United,,Buonano.,20,AM,RM,4,in15Jan,3-5-2
Leeds United,,Chambers,17,AM,RM,-,out12Jan,3-5-2
Leeds United,,Longsta.,27,BX,,24,,3-5-2
Leeds United,,Tanaka,26,BX,,32,,3-5-2
Leeds United,,Stach,26,BX,CB,32,,3-5-2
Leeds United,,Cresswe. (c),17,BX,,2,,3-5-2
Leeds United,,Ampadu (c),24,DM,CB,40,,3-5-2
Leeds United,,Gruev,25,DM,,25,,3-5-2
Leeds United,,Chadwic.,18,DM,,-,,3-5-2
Leeds United,,Chadwick,18,DM,,2,out12Nov,3-5-2
Leeds United,,Gnonto,21,FW,,21,,3-5-2
Leeds United,,Wilson,19,FW,,-,out12Nov,3-5-2
Leeds United,,Ramazani,24,LW,RW,-,out27Aug,3-5-2
Leeds United,,Douglas,19,RW,,2,out12Nov,3-5-2
Leeds United,,Calvert.,28,ST,,35,,3-5-2
Leeds United,,Nmecha,26,ST,,29,,3-5-2
Leeds United,,Piroe,25,ST,,9,,3-5-2
Leeds United,,Okafor,25,ST,WF,30,,3-5-2
Leeds United,,Gray,16,ST,,2,out13Jan,3-5-2
Leeds United,,Pirie,18,ST,,-,out12Nov,3-5-2
Leeds United,,James,27,WF,ST,19,,3-5-2
Leeds United,,Harrison,28,WF,,6,out18Jan,3-5-2
Leeds United,,McDonald,18,WF,AM,2,out12Nov,3-5-2
Liverpool,,Becker,32,GK,,35,,4-2-3-1
Liverpool,,Woodman,28,GK,,4,,4-2-3-1
Liverpool,,Mamarda.,24,GK,,20,,4-2-3-1
Liverpool,,Mrozek,21,GK,,2,out04Mar,4-2-3-1
Liverpool,,Pécsi,20,GK,,-,,4-2-3-1
Liverpool,,Miściur,18,GK,,-,out15Apr,4-2-3-1
Liverpool,,Hall,17,GK,,-,out12Nov,4-2-3-1
Liverpool,,van Dijk (c),33,CB,,55,,4-2-3-1
Liverpool,,Gomez,28,CB,RB,28,,4-2-3-1
Liverpool,,Konaté,26,CB,,51,,4-2-3-1
Liverpool,,Williams,24,CB,,2,,4-2-3-1
Liverpool,,McLaugh.,20,CB,RB,1,out12Nov,4-2-3-1
Liverpool,,Leoni,18,CB,,1,,4-2-3-1
Liverpool,,Pinning.,18,CB,,2,out12Nov,4-2-3-1
Liverpool,,Nallo,18,CB,,2,out15Apr,4-2-3-1
Liverpool,,Lucky,19,CB,RB,2,out02Jan,4-2-3-1
Liverpool,,Airoboma,18,CB,,-,out12Nov,4-2-3-1
Liverpool,,Ndiaye,17,CB,,-,in01Jan,4-2-3-1
Liverpool,,Roberts. (c),31,LB,LM,35,,4-2-3-1
Liverpool,,Kerkez,21,LB,,46,,4-2-3-1
Liverpool,,Frimpong,24,RB,RM,32,,4-2-3-1
Liverpool,,Bradley,21,RB,,21,,4-2-3-1
Liverpool,,Ramsay (c),21,RB,,2,,4-2-3-1
Liverpool,,Pitt,18,RB,CB,1,out12Nov,4-2-3-1
Liverpool,,Davidson,19,RB,,2,out12Nov,4-2-3-1
Liverpool,,Kelly,19,MF,,1,out12Nov,4-2-3-1
Liverpool,,Elliott,22,AM,RW,2,,4-2-3-1
Liverpool,,Wirtz,22,AM,,48,,4-2-3-1
Liverpool,,Allister,26,BX,,51,,4-2-3-1
Liverpool,,Jones,24,BX,,45,,4-2-3-1
Liverpool,,Gravenb.,23,BX,,48,,4-2-3-1
Liverpool,,Pilling,20,BX,,2,out12Nov,4-2-3-1
Liverpool,,McConne.,20,BX,,-,in08Jan,4-2-3-1
Liverpool,,Onanuga,18,BX,,1,out12Nov,4-2-3-1
Liverpool,,Nyoni,18,BX,,7,,4-2-3-1
Liverpool,,Laffey,19,BX,,1,out12Nov,4-2-3-1
Liverpool,,Spearing,36,DM,,1,out12Nov,4-2-3-1
Liverpool,,Endo,32,DM,CB,11,,4-2-3-1
Liverpool,,Morrison,18,RM,BX,2,out10May,4-2-3-1
Liverpool,,Gakpo,26,LW,ST,50,,4-2-3-1
Liverpool,,Kone-Do.,19,LW,,-,out30Oct,4-2-3-1
Liverpool,,Ngumoha,16,LW,,21,,4-2-3-1
Liverpool,,Salah,33,RW,ST,39,,4-2-3-1
Liverpool,,Gordon,20,RW,,3,out12Nov,4-2-3-1
Liverpool,,Gannon-.,19,RW,,-,,4-2-3-1
Liverpool,,Bradshaw,17,RW,RM,1,out12Nov,4-2-3-1
Liverpool,,Isak,25,ST,,20,,4-2-3-1
Liverpool,,Ekitiké,23,ST,,41,,4-2-3-1
Liverpool,,Danns,19,ST,,1,out24Sep,4-2-3-1
Liverpool,,Figueroa,18,ST,,-,out30Oct,4-2-3-1
Liverpool,,Wright,17,ST,,1,,4-2-3-1
Liverpool,,Sonni-L.,17,ST,,1,out12Nov,4-2-3-1
Liverpool,,Ahmed,18,ST,,1,out03Sep,4-2-3-1
Liverpool,,Chiesa,27,WF,ST,19,,4-2-3-1
Manchester City,,Ortega,32,GK,,-,out31Jan,4-1-4-1
Manchester City,,Ederson,31,GK,,-,out01Sep,4-1-4-1
Manchester City,,Bettine.,33,GK,,-,,4-1-4-1
Manchester City,,Donnaru.,26,GK,,43,,4-1-4-1
Manchester City,,Trafford,22,GK,,17,,4-1-4-1
Manchester City,,Wint,18,GK,,-,out27Aug,4-1-4-1
Manchester City,,Brits,18,GK,,1,out27Aug,4-1-4-1
Manchester City,,Naylor,19,DF,,1,out28Jan,4-1-4-1
Manchester City,,Mfuni,17,DF,,2,out29Jan,4-1-4-1
Manchester City,,Stones (c),31,CB,RB,17,,4-1-4-1
Manchester City,,Aké (c),30,CB,LB,29,,4-1-4-1
Manchester City,,Akanji,29,CB,,-,out31Aug,4-1-4-1
Manchester City,,R. Dias (c),28,CB,,33,,4-1-4-1
Manchester City,,Guéhi,24,CB,LB,20,in19Jan,4-1-4-1
Manchester City,,Gvardiol,23,CB,LB,25,,4-1-4-1
Manchester City,,Alleyne,19,CB,,7,in06Jan,4-1-4-1
Manchester City,,Samuel,19,CB,RB,1,out31Aug,4-1-4-1
Manchester City,,Khusanov,21,CB,,37,,4-1-4-1
Manchester City,,Noble,18,CB,,1,out21Jan,4-1-4-1
Manchester City,,Braithw.,17,CB,,1,out25Sep,4-1-4-1
Manchester City,,Aït-Nou.,24,LB,,25,,4-1-4-1
Manchester City,,McFarla.,18,LB,,1,out27Aug,4-1-4-1
Manchester City,,M. Nunes,26,RB,,49,,4-1-4-1
Manchester City,,Lewis,20,RB,DM,19,,4-1-4-1
Manchester City,,Fapetu,17,MF,,1,out27Aug,4-1-4-1
Manchester City,,Gray,19,MF,,-,out29Jan,4-1-4-1
Manchester City,,Samba,16,MF,,-,out15Feb,4-1-4-1
Manchester City,,B. Silva (c),30,AM,RW,50,,4-1-4-1
Manchester City,,Foden,25,AM,,48,,4-1-4-1
Manchester City,,Cherki,21,AM,RW,45,,4-1-4-1
Manchester City,,Mukasa,17,AM,,3,out01Feb,4-1-4-1
Manchester City,,McAidoo,17,AM,,2,out15Feb,4-1-4-1
Manchester City,,Gündoğan,34,BX,,-,out01Sep,4-1-4-1
Manchester City,,Kovačić,31,BX,,7,,4-1-4-1
Manchester City,,Reijnde.,26,BX,,45,,4-1-4-1
Manchester City,,González,23,BX,,37,,4-1-4-1
Manchester City,,O'Reilly,20,BX,LB,53,,4-1-4-1
Manchester City,,Nypan,18,BX,,-,,4-1-4-1
Manchester City,,Phillips,29,DM,,1,out31Jan,4-1-4-1
Manchester City,,Rodri (c),29,DM,,32,,4-1-4-1
Manchester City,,Dada-Ma.,19,DM,CB,1,out27Aug,4-1-4-1
Manchester City,,Bobb,21,FW,,12,out29Jan,4-1-4-1
Manchester City,,Sangaré,18,FW,,1,,4-1-4-1
Manchester City,,Heskey,17,FW,,-,out08Jan,4-1-4-1
Manchester City,,Samba in01Jan,17,LW,,-,out21Jan,4-1-4-1
Manchester City,,Semenyo,25,RW,,25,in09Jan,4-1-4-1
Manchester City,,Doku,23,RW,LW,43,,4-1-4-1
Manchester City,,Håland (c),24,ST,,50,,4-1-4-1
Manchester City,,Marmoush,26,ST,,25,,4-1-4-1
Manchester City,,Oboavwo.,18,ST,RW,1,out01Feb,4-1-4-1
Manchester City,,Heskey out15Jan (c),19,ST,AM,2,,4-1-4-1
Manchester City,,Savinho,21,WF,,31,,4-1-4-1
Manchester City,,Lawrence,19,WF,,1,out08Jan,4-1-4-1
Manchester City,,Warhurst,18,WF,ST,-,out27Aug,4-1-4-1
Manchester City,,Muir,19,WF,,1,out27Aug,4-1-4-1
Manchester Utd,,Heaton,39,GK,,-,,4-2-3-1
Manchester Utd,,Onana,29,GK,,1,out10Sep,4-2-3-1
Manchester Utd,,Bayındır,27,GK,,7,,4-2-3-1
Manchester Utd,,Lammens,22,GK,,33,,4-2-3-1
Manchester Utd,,Maguire (c),32,CB,,26,,4-2-3-1
Manchester Utd,,de Ligt,25,CB,,14,,4-2-3-1
Manchester Utd,,Martínez (c),27,CB,,18,,4-2-3-1
Manchester Utd,,Yoro,19,CB,,32,,4-2-3-1
Manchester Utd,,Fredric.,20,CB,,1,out21Mar,4-2-3-1
Manchester Utd,,Heaven,18,CB,LB,19,,4-2-3-1
Manchester Utd,,Kukonki,17,CB,,-,out05Mar,4-2-3-1
Manchester Utd,,Shaw,29,LB,CB,38,,4-2-3-1
Manchester Utd,,Malacia,25,LB,,1,,4-2-3-1
Manchester Utd,,Dorgu,20,LB,,27,,4-2-3-1
Manchester Utd,,León,18,LB,,-,out31Jan,4-2-3-1
Manchester Utd,,Dalot,26,RB,LB,35,,4-2-3-1
Manchester Utd,,Mazraoui,27,RB,,20,,4-2-3-1
Manchester Utd,,Moorhou.,19,MF,,-,in02Feb,4-2-3-1
Manchester Utd,,Fletcher,18,BX,,3,,4-2-3-1
Manchester Utd,,Mantato,17,MF,,1,out05Jan,4-2-3-1
Manchester Utd,,Thwaites,17,MF,,-,,4-2-3-1
Manchester Utd,,Fernand. (c),30,AM,,38,,4-2-3-1
Manchester Utd,,Mount,26,AM,,21,,4-2-3-1
Manchester Utd,,Mainoo,20,BX,,26,,4-2-3-1
Manchester Utd,,Casemiro,33,DM,,35,,4-2-3-1
Manchester Utd,,Ugarte,24,DM,,21,,4-2-3-1
Manchester Utd,,Mbeumo,25,RW,LW,34,,4-2-3-1
Manchester Utd,,Diallo,22,RW,,34,,4-2-3-1
Manchester Utd,,Lacey,18,RW,,-,,4-2-3-1
Manchester Utd,,M. Cunha,26,ST,AM,35,,4-2-3-1
Manchester Utd,,Zirkzee,24,ST,,15,,4-2-3-1
Manchester Utd,,Šeško,22,ST,,29,,4-2-3-1
Manchester Utd,,Obi,17,ST,,-,,4-2-3-1
Newcastle United,,Ruddy,38,GK,,-,,4-3-3
Newcastle United,,Pope,33,GK,,36,,4-3-3
Newcastle United,,Ramsdale,27,GK,,24,,4-3-3
Newcastle United,,Thompson,20,RB,CB,2,out12Nov,4-3-3
Newcastle United,,Harris,18,GK,,-,in01Jan,4-3-3
Newcastle United,,Harrison,19,AM,,2,out12Nov,4-3-3
Newcastle United,,Taylor,18,GK,,1,out12Nov,4-3-3
Newcastle United,,Bryant,18,DF,,1,out12Nov,4-3-3
Newcastle United,,Burn (c),33,CB,LB,41,,4-3-3
Newcastle United,,Lascell.,31,CB,,2,out01Feb,4-3-3
Newcastle United,,Schär,33,CB,,20,,4-3-3
Newcastle United,,Botman,25,CB,,36,,4-3-3
Newcastle United,,Thiaw,23,CB,,53,,4-3-3
Newcastle United,,McArthur,20,CB,,2,,4-3-3
Newcastle United,,Pivaš,20,CB,,2,out12Nov,4-3-3
Newcastle United,,Heffern. out14Jan (c),20,CB,,2,,4-3-3
Newcastle United,,Hall,20,LB,BX,43,,4-3-3
Newcastle United,,Murphy,21,LB,CB,3,,4-3-3
Newcastle United,,Charlton,18,LB,,1,out12Nov,4-3-3
Newcastle United,,Trippier (c),34,RB,,34,,4-3-3
Newcastle United,,Krafth,30,RB,,3,,4-3-3
Newcastle United,,Livrame.,22,RB,RM,24,,4-3-3
Newcastle United,,Ashby,23,RB,,1,out12Jan,4-3-3
Newcastle United,,Shahar,18,RB,,-,,4-3-3
Newcastle United,,Brayson,18,MF,,-,out12Nov,4-3-3
Newcastle United,,Palmer,19,MF,,-,out12Nov,4-3-3
Newcastle United,,Alabi,15,MF,,1,,4-3-3
Newcastle United,,Joelint.,28,AM,LW,40,,4-3-3
Newcastle United,,Miley,19,AM,,34,,4-3-3
Newcastle United,,Willock,25,BX,,31,,4-3-3
Newcastle United,,Tonali (c),25,BX,,51,,4-3-3
Newcastle United,,Ramsey,24,BX,,35,,4-3-3
Newcastle United,,Harper,19,BX,,1,out03Sep,4-3-3
Newcastle United,,Munda,18,BX,,1,out12Nov,4-3-3
Newcastle United,,Guimarã. (c),27,DM,,40,,4-3-3
Newcastle United,,Bailey,19,DM,,2,out12Nov,4-3-3
Newcastle United,,Osula,21,FW,,23,,4-3-3
Newcastle United,,Park,18,FW,,2,,4-3-3
Newcastle United,,Barnes,27,LW,,53,,4-3-3
Newcastle United,,Fitzger.,18,LW,RW,-,,4-3-3
Newcastle United,,Murphy (c),30,RW,,41,,4-3-3
Newcastle United,,Parkins.,20,RW,ST,1,out08Jan,4-3-3
Newcastle United,,Wissa,28,ST,LW,18,,4-3-3
Newcastle United,,Woltema.,23,ST,,46,,4-3-3
Newcastle United,,Neave,18,ST,,2,,4-3-3
Newcastle United,,Gordon,24,WF,,41,,4-3-3
Newcastle United,,Elanga,23,WF,ST,40,,4-3-3
Nottingham Forest,,Sels (c),33,GK,,38,,4-2-3-1
Nottingham Forest,,Ortega,32,GK,,10,in01Feb,4-2-3-1
Nottingham Forest,,Gunn,29,GK,,1,,4-2-3-1
Nottingham Forest,,Victor,29,GK,,9,,4-2-3-1
Nottingham Forest,,Campbell,19,GK,,1,out31Dec,4-2-3-1
Nottingham Forest,,Bott,20,GK,,-,out31Dec,4-2-3-1
Nottingham Forest,,Willows,19,GK,,-,,4-2-3-1
Nottingham Forest,,Boly,34,CB,,1,out31Dec,4-2-3-1
Nottingham Forest,,Milenko.,27,CB,,53,,4-2-3-1
Nottingham Forest,,Morato,24,CB,,36,,4-2-3-1
Nottingham Forest,,J. Cunha,20,CB,,15,,4-2-3-1
Nottingham Forest,,Abbott,19,CB,DM,11,,4-2-3-1
Nottingham Forest,,Murillo,22,CB,,38,,4-2-3-1
Nottingham Forest,,Hanks,20,CB,,1,,4-2-3-1
Nottingham Forest,,Thompson out29Jan (c),20,CB,DM,1,,4-2-3-1
Nottingham Forest,,Modupe,18,CB,,-,out31Dec,4-2-3-1
Nottingham Forest,,Zinchen.,28,LB,BX,9,out31Jan,4-2-3-1
Nottingham Forest,,Netz,22,LB,LM,6,,4-2-3-1
Nottingham Forest,,Williams (c),24,RB,LB,52,,4-2-3-1
Nottingham Forest,,Savona,22,RB,,20,,4-2-3-1
Nottingham Forest,,Hammond,20,RB,CB,1,out01Feb,4-2-3-1
Nottingham Forest,,Sinclair,18,RB,RM,1,,4-2-3-1
Nottingham Forest,,Berry,19,MF,,1,out25Jan,4-2-3-1
Nottingham Forest,,Newton,19,MF,,1,out10Sep,4-2-3-1
Nottingham Forest,,Smith,17,MF,,1,out31Dec,4-2-3-1
Nottingham Forest,,Nwosu,17,MF,,1,out31Dec,4-2-3-1
Nottingham Forest,,Gibbs-W. (c),25,AM,,48,,4-2-3-1
Nottingham Forest,,Anderson,22,AM,LM,49,,4-2-3-1
Nottingham Forest,,McAtee,22,AM,,20,,4-2-3-1
Nottingham Forest,,Hutchin.,21,AM,RW,37,,4-2-3-1
Nottingham Forest,,Sangaré,27,BX,,38,,4-2-3-1
Nottingham Forest,,Yates (c),27,BX,,30,,4-2-3-1
Nottingham Forest,,D. Luiz,27,BX,,13,out27Jan,4-2-3-1
Nottingham Forest,,Domíngu. (c),27,BX,,35,,4-2-3-1
Nottingham Forest,,Whiteha.,19,BX,,1,,4-2-3-1
Nottingham Forest,,Yaya,18,DM,,-,out31Dec,4-2-3-1
Nottingham Forest,,McClure,18,DM,,1,out31Dec,4-2-3-1
Nottingham Forest,,Moreira,19,RM,RB,-,in14Jan,4-2-3-1
Nottingham Forest,,Thompson,17,LW,,1,out31Dec,4-2-3-1
Nottingham Forest,,Ndoye,24,RW,LW,32,,4-2-3-1
Nottingham Forest,,Wood (c),33,ST,,19,,4-2-3-1
Nottingham Forest,,Awoniyi,27,ST,,11,,4-2-3-1
Nottingham Forest,,Lucca,24,ST,,7,in23Jan,4-2-3-1
Nottingham Forest,,Kalimue.,23,ST,,8,out06Jan,4-2-3-1
Nottingham Forest,,I. Jesus,24,ST,,46,,4-2-3-1
Nottingham Forest,,Sillah,19,ST,,1,,4-2-3-1
Nottingham Forest,,Hudson-.,24,WF,,39,,4-2-3-1
Nottingham Forest,,Bakwa,22,WF,,21,,4-2-3-1
Nottingham Forest,,J. Silva,25,WF,,1,out11Sep,4-2-3-1
Sunderland,,Moore,35,GK,,-,,4-2-3-1
Sunderland,,Patters.,25,GK,,1,out31Jan,4-2-3-1
Sunderland,,Ellborg,22,GK,,4,,4-2-3-1
Sunderland,,Roefs,22,GK,,37,,4-2-3-1
Sunderland,,O'Nien (c),30,CB,DM,11,,4-2-3-1
Sunderland,,Alderete,28,CB,LB,34,,4-2-3-1
Sunderland,,Ballard,25,CB,,29,,4-2-3-1
Sunderland,,Seelt,22,CB,,3,out31Aug,4-2-3-1
Sunderland,,Masuaku,31,LB,LM,4,out26Jan,4-2-3-1
Sunderland,,Mandava,31,LB,,25,,4-2-3-1
Sunderland,,Cirkin,23,LB,,10,,4-2-3-1
Sunderland,,Hjelde,21,LB,CB,-,out01Feb,4-2-3-1
Sunderland,,Mukiele,27,RB,,35,,4-2-3-1
Sunderland,,Geertru.,24,RB,CB,29,,4-2-3-1
Sunderland,,Hume (c),23,RB,,40,,4-2-3-1
Sunderland,,Jones,19,RB,,1,,4-2-3-1
Sunderland,,Aleksić,19,AM,BX,1,,4-2-3-1
Sunderland,,Whittak.,18,AM,,-,,4-2-3-1
Sunderland,,Le Fée,25,BX,,38,,4-2-3-1
Sunderland,,Matete,24,BX,DM,-,out07Jan,4-2-3-1
Sunderland,,Neil out26Jan (c),23,BX,,3,,4-2-3-1
Sunderland,,Rigg,18,BX,RM,18,,4-2-3-1
Sunderland,,Middlem.,20,BX,,-,,4-2-3-1
Sunderland,,Xhaka (c),32,DM,,35,,4-2-3-1
Sunderland,,Diarra,21,DM,,22,,4-2-3-1
Sunderland,,Sadiki,20,DM,RB,35,,4-2-3-1
Sunderland,,Tuterov,20,FW,,-,out15Jan,4-2-3-1
Sunderland,,Abdulla.,21,FW,,-,,4-2-3-1
Sunderland,,Scott,17,LW,AM,-,,4-2-3-1
Sunderland,,Traore,29,RW,,12,,4-2-3-1
Sunderland,,Roberts,28,RW,AM,2,out31Aug,4-2-3-1
Sunderland,,Poveda,25,RW,LW,-,out30Dec,4-2-3-1
Sunderland,,Talbi,20,RW,,30,,4-2-3-1
Sunderland,,Bi,20,RW,,2,in16Jan,4-2-3-1
Sunderland,,Isidor,24,ST,LW,30,,4-2-3-1
Sunderland,,Brobbey,23,ST,,28,,4-2-3-1
Sunderland,,Mayenda,20,ST,RW,20,,4-2-3-1
Sunderland,,Guiu,19,ST,,3,out31Aug,4-2-3-1
Sunderland,,Samuel-.,18,ST,,-,out29Aug,4-2-3-1
Sunderland,,Geragus.,17,ST,,-,,4-2-3-1
Sunderland,,Mundle,22,WF,,15,,4-2-3-1
Sunderland,,Adingra,23,WF,,14,out01Feb,4-2-3-1
Sunderland,,Angulo,22,WF,AM,9,,4-2-3-1
Tottenham Hotspur,,Vicario,28,GK,,44,,4-2-3-1
Tottenham Hotspur,,Austin,26,GK,,-,,4-2-3-1
Tottenham Hotspur,,Maguire,20,GK,,-,out31Dec,4-2-3-1
Tottenham Hotspur,,Gunter,20,GK,,1,out23Jan,4-2-3-1
Tottenham Hotspur,,Kinský,22,GK,,10,,4-2-3-1
Tottenham Hotspur,,Archer,18,GK,,1,out31Dec,4-2-3-1
Tottenham Hotspur,,Arganes.,19,DF,,1,out31Dec,4-2-3-1
Tottenham Hotspur,,Romero (c),27,CB,,33,,4-2-3-1
Tottenham Hotspur,,Danso,26,CB,,30,,4-2-3-1
Tottenham Hotspur,,Drăgușin,23,CB,,9,,4-2-3-1
Tottenham Hotspur,,v. Ven (c),24,CB,,46,,4-2-3-1
Tottenham Hotspur,,Cassano.,21,CB,DM,2,out31Dec,4-2-3-1
Tottenham Hotspur,,Takai,20,CB,,-,out31Dec,4-2-3-1
Tottenham Hotspur,,Vušković,18,CB,,-,,4-2-3-1
Tottenham Hotspur,,Rowswell,18,CB,,2,,4-2-3-1
Tottenham Hotspur,,Hardy,17,CB,,2,,4-2-3-1
Tottenham Hotspur,,Byfield,16,CB,,3,,4-2-3-1
Tottenham Hotspur,,Egan-Ri.,18,CB,,-,out31Dec,4-2-3-1
Tottenham Hotspur,,Davies,32,LB,CB,4,,4-2-3-1
Tottenham Hotspur,,Udogie,22,LB,LM,26,,4-2-3-1
Tottenham Hotspur,,Souza,19,LB,,3,in22Jan,4-2-3-1
Tottenham Hotspur,,Logan,18,LB,,1,out31Dec,4-2-3-1
Tottenham Hotspur,,P. Porro (c),25,RB,RM,47,,4-2-3-1
Tottenham Hotspur,,Spence,24,RB,LB,42,,4-2-3-1
Tottenham Hotspur,,Olusesi,18,MF,,3,,4-2-3-1
Tottenham Hotspur,,Hall,17,MF,,-,,4-2-3-1
Tottenham Hotspur,,Maddison,28,AM,,3,,4-2-3-1
Tottenham Hotspur,,Simons,22,AM,RW,35,,4-2-3-1
Tottenham Hotspur,,Bergvall,19,AM,,29,,4-2-3-1
Tottenham Hotspur,,William.,17,AM,,1,,4-2-3-1
Tottenham Hotspur,,Bentanc.,28,BX,,35,,4-2-3-1
Tottenham Hotspur,,Bissouma,28,BX,,10,,4-2-3-1
Tottenham Hotspur,,Gallagh.,25,BX,,17,in14Jan,4-2-3-1
Tottenham Hotspur,,Sarr,22,BX,,33,,4-2-3-1
Tottenham Hotspur,,Gray,19,BX,DF,34,,4-2-3-1
Tottenham Hotspur,,Kyerema.,20,BX,,1,,4-2-3-1
Tottenham Hotspur,,Byrne,17,BX,,1,out31Dec,4-2-3-1
Tottenham Hotspur,,Palhinha,29,DM,,45,,4-2-3-1
Tottenham Hotspur,,Russell. out31Dec (c),19,DM,,2,,4-2-3-1
Tottenham Hotspur,,Johnson,24,FW,,18,,4-2-3-1
Tottenham Hotspur,,Black,19,FW,,1,out31Dec,4-2-3-1
Tottenham Hotspur,,Solomon,25,LW,AM,-,out31Aug,4-2-3-1
Tottenham Hotspur,,Thompson,17,LW,,2,,4-2-3-1
Tottenham Hotspur,,Solanke,27,ST,,18,,4-2-3-1
Tottenham Hotspur,,Richarl.,28,ST,LW,39,,4-2-3-1
Tottenham Hotspur,,K. Muani,26,ST,RW,36,,4-2-3-1
Tottenham Hotspur,,Tel,20,ST,WF,34,,4-2-3-1
Tottenham Hotspur,,Scarlett,21,ST,,2,,4-2-3-1
Tottenham Hotspur,,Wilson,18,ST,,-,in01Feb,4-2-3-1
Tottenham Hotspur,,Elliott.,17,ST,,1,out31Dec,4-2-3-1
Tottenham Hotspur,,Lehane,18,ST,,1,out31Dec,4-2-3-1
Tottenham Hotspur,,Kudus,24,WF,AM,27,,4-2-3-1
Tottenham Hotspur,,Odobert,20,WF,,25,,4-2-3-1
Tottenham Hotspur,,Irow,19,WF,ST,1,out07Jan,4-2-3-1
Tottenham Hotspur,,Akhamri.,19,WF,,2,out21Jan,4-2-3-1
West Ham United,,Fabiańs.,40,GK,,-,,4-2-3-1
West Ham United,,Aréola,32,GK,,24,,4-2-3-1
West Ham United,,Hermans.,24,GK,,19,,4-2-3-1
West Ham United,,Wooster,20,GK,,-,,4-2-3-1
West Ham United,,Herrick,19,GK,,2,out10Dec,4-2-3-1
West Ham United,,Mayers,18,DF,,8,,4-2-3-1
West Ham United,,Golambe. (c),17,DF,,1,,4-2-3-1
West Ham United,,Disasi,27,CB,,16,in02Feb,4-2-3-1
West Ham United,,Santos,27,CB,LB,4,out26Jan,4-2-3-1
West Ham United,,Mavropa. (c),27,CB,,34,,4-2-3-1
West Ham United,,Aguerd,29,CB,,3,out31Aug,4-2-3-1
West Ham United,,Todibo,25,CB,,25,,4-2-3-1
West Ham United,,Kilman,28,CB,,24,,4-2-3-1
West Ham United,,Briggs,19,CB,,2,,4-2-3-1
West Ham United,,Colau,19,CB,,-,,4-2-3-1
West Ham United,,Oyebade,18,CB,,2,,4-2-3-1
West Ham United,,Scarles,19,LB,LM,14,,4-2-3-1
West Ham United,,Diouf,20,LB,LM,34,,4-2-3-1
West Ham United,,Walker-.,28,RB,LB,25,,4-2-3-1
West Ham United,,Wan-Bis.,27,RB,,26,,4-2-3-1
West Ham United,,Medine,18,RB,,1,,4-2-3-1
West Ham United,,Lamadrid,21,MF,,1,in22Jan,4-2-3-1
West Ham United,,Battrum (c),19,MF,,2,,4-2-3-1
West Ham United,,Akpata,18,MF,,-,,4-2-3-1
West Ham United,,Paquetá,27,AM,,19,out27Jan,4-2-3-1
West Ham United,,Earthy,20,AM,,2,out08Jan,4-2-3-1
West Ham United,,Ward-Pr.,30,BX,RM,6,out27Jan,4-2-3-1
West Ham United,,Irving,25,BX,AM,6,out17Jan,4-2-3-1
West Ham United,,Fernand.,20,BX,,38,,4-2-3-1
West Ham United,,Orford,19,BX,,1,out31Aug,4-2-3-1
West Ham United,,Kanté,19,BX,,11,,4-2-3-1
West Ham United,,Caliste,18,BX,,2,,4-2-3-1
West Ham United,,Fearon,18,BX,,1,,4-2-3-1
West Ham United,,Rodrígu.,31,DM,,6,,4-2-3-1
West Ham United,,Souček,30,DM,,39,,4-2-3-1
West Ham United,,Álvarez,27,DM,CB,-,out22Aug,4-2-3-1
West Ham United,,Potts,21,DM,CB,23,,4-2-3-1
West Ham United,,Magassa,21,DM,CB,22,,4-2-3-1
West Ham United,,Clayton,20,LM,LB,2,,4-2-3-1
West Ham United,,Landers,18,FW,,1,out25Mar,4-2-3-1
West Ham United,,Cummings,19,FW,,1,,4-2-3-1
West Ham United,,Traoré,29,RW,,10,in28Jan,4-2-3-1
West Ham United,,Bowen (c),28,RW,,42,,4-2-3-1
West Ham United,,Summerv.,23,RW,,34,,4-2-3-1
West Ham United,,Guilher.,19,RW,AM,5,out31Dec,4-2-3-1
West Ham United,,Wilson,33,ST,,32,,4-2-3-1
West Ham United,,Füllkrug,32,ST,LW,9,out31Dec,4-2-3-1
West Ham United,,Castell.,26,ST,,22,in05Jan,4-2-3-1
West Ham United,,Felipe,21,ST,,17,in01Jan,4-2-3-1
West Ham United,,Marshall,20,ST,,2,out05Jan,4-2-3-1
West Ham United,,Ajala,18,ST,,2,,4-2-3-1
Wolves,,Bentley,31,GK,,3,,3-4-2-1
Wolves,,Johnsto.,31,GK,,17,,3-4-2-1
Wolves,,José Sá (c),32,GK,,24,,3-4-2-1
Wolves,,Brooks,21,GK,,-,,3-4-2-1
Wolves,,Gracey,17,GK,,1,,3-4-2-1
Wolves,,Voice,18,DF,,1,,3-4-2-1
Wolves,,Bueno,26,CB,DM,33,,3-4-2-1
Wolves,,Krejčí,26,CB,DM,31,,3-4-2-1
Wolves,,Agbadou,28,CB,DM,16,out05Feb,3-4-2-1
Wolves,,Mosquera,24,CB,,31,,3-4-2-1
Wolves,,T. Gomes (c),26,CB,,22,,3-4-2-1
Wolves,,Pond out02Jan (c),21,CB,,1,,3-4-2-1
Wolves,,Olagunju,18,CB,,1,,3-4-2-1
Wolves,,H. Bueno,22,LB,LM,35,,3-4-2-1
Wolves,,M. Wolfe,23,LB,,23,,3-4-2-1
Wolves,,Doherty (c),33,RB,LB,15,,3-4-2-1
Wolves,,Hoever,23,RB,CB,8,out07Jan,3-4-2-1
Wolves,,Tchatch.,24,RB,RM,34,,3-4-2-1
Wolves,,Okoduwa,17,RB,,1,,3-4-2-1
Wolves,,P. Lima,19,RB,RM,8,,3-4-2-1
Wolves,,Bradbury,17,MF,,1,,3-4-2-1
Wolves,,Abbey,15,MF,,-,,3-4-2-1
Wolves,,Chirewa,21,AM,,1,out29Jan,3-4-2-1
Wolves,,Barnett,19,AM,LW,-,,3-4-2-1
Wolves,,F. López,21,AM,,9,out25Jan,3-4-2-1
Wolves,,Min-Kyu,18,AM,,1,,3-4-2-1
Wolves,,A. Gomés,24,BX,,12,,3-4-2-1
Wolves,,Bellega.,27,DM,AM,28,,3-4-2-1
Wolves,,Munetsi,29,DM,CB,13,out15Jan,3-4-2-1
Wolves,,André (c),23,DM,,38,,3-4-2-1
Wolves,,J. Gomes (c),24,DM,,39,,3-4-2-1
Wolves,,Ojinnaka,20,DM,CB,1,out22Jan,3-4-2-1
Wolves,,Sutherl.,19,FW,,1,,3-4-2-1
Wolves,,Holman,20,FW,,1,,3-4-2-1
Wolves,,González,20,LW,RW,-,,3-4-2-1
Wolves,,Dayman,20,RW,,-,,3-4-2-1
Wolves,,Armstro.,28,ST,WF,16,,3-4-2-1
Wolves,,Hwang (c),29,ST,WF,26,,3-4-2-1
Wolves,,Larsen out01Feb (c),25,ST,,22,,3-4-2-1
Wolves,,Kalajdž.,27,ST,,-,out04Sep,3-4-2-1
Wolves,,Arokoda.,24,ST,,31,,3-4-2-1
Wolves,,Mané,17,ST,,29,,3-4-2-1
Wolves,,D. Ángel,19,ST,,1,,3-4-2-1
Wolves,,Arias,27,WF,AM,22,out05Feb,3-4-2-1
Wolves,,L. Lopes,20,WF,AM,-,,3-4-2-1
