squad,player,norm_key,ucl_starts,ucl_apps,uel_starts,uel_apps,conf_starts,conf_apps,coppa_starts,coppa_apps,euro_starts,euro_apps,cup_starts,cup_apps
Atalanta,Marco Carnesecchi,marco carnesecchi,10,10,0,0,0,0,3,3,10,10,3,3
Atalanta,Odilon Kossounou,odilon kossounou,10,10,0,0,0,0,0,3,10,10,0,3
Atalanta,Marten de Roon,marten de roon,10,12,0,0,0,0,4,4,10,12,4,4
Atalanta,Lorenzo Bernasconi,lorenzo bernasconi,10,10,0,0,0,0,3,4,10,10,3,4
Atalanta,Éderson,ederson,9,9,0,0,0,0,2,2,9,9,2,2
Atalanta,Berat Djimsiti,berat djimsiti,8,10,0,0,0,0,3,3,8,10,3,3
Atalanta,Davide Zappacosta,davide zappacosta,8,10,0,0,0,0,3,3,8,10,3,3
Atalanta,Isak Hien,isak hien,7,9,0,0,0,0,2,2,7,9,2,2
Atalanta,Charles De Ketelaere,charles de ketelaere,7,8,0,0,0,0,3,3,7,8,3,3
Atalanta,Gianluca Scamacca,gianluca scamacca,7,10,0,0,0,0,2,4,7,10,2,4
Atalanta,Mario Pasalic,mario pasalic,6,9,0,0,0,0,2,4,6,9,2,4
Atalanta,Raoul Bellanova,raoul bellanova,6,9,0,0,0,0,1,3,6,9,1,3
Atalanta,Ademola Lookman,ademola lookman,6,7,0,0,0,0,0,0,6,7,0,0
Atalanta,Nikola Krstovic,nikola krstovic,5,12,0,0,0,0,2,3,5,12,2,3
Atalanta,Sead Kolasinac,sead kolasinac,5,6,0,0,0,0,3,3,5,6,3,3
Atalanta,Nicola Zalewski,nicola zalewski,4,6,0,0,0,0,3,3,4,6,3,3
Atalanta,Honest Ahanor,honest ahanor,3,9,0,0,0,0,1,4,3,9,1,4
Atalanta,Yunus Musah,yunus musah,2,7,0,0,0,0,0,1,2,7,0,1
Atalanta,Giorgio Scalvini,giorgio scalvini,2,3,0,0,0,0,3,3,2,3,3,3
Atalanta,Lazar Samardzic,lazar samardzic,2,10,0,0,0,0,1,2,2,10,1,2
Atalanta,Kamaldeen Sulemana,kamaldeen sulemana,2,9,0,0,0,0,1,3,2,9,1,3
Atalanta,Marco Sportiello,marco sportiello,2,2,0,0,0,0,1,1,2,2,1,1
Atalanta,Daniel Maldini,daniel maldini,1,1,0,0,0,0,0,1,1,1,0,1
Atalanta,Marco Brescianini,marco brescianini,0,2,0,0,0,0,0,1,0,2,0,1
Atalanta,Giacomo Raspadori,giacomo raspadori,0,1,0,0,0,0,1,2,0,1,1,2
Bologna,Lewis Ferguson,lewis ferguson,0,0,12,14,0,0,2,2,12,14,2,2
Bologna,Santiago Castro,santiago castro,0,0,11,12,0,0,1,2,11,12,1,2
Bologna,Jhon Lucumí,jhon lucumi,0,0,10,10,0,0,2,2,10,10,2,2
Bologna,Remo Freuler,remo freuler,0,0,10,10,0,0,0,1,10,10,0,1
Bologna,Federico Bernardeschi,federico bernardeschi,0,0,10,13,0,0,1,2,10,13,1,2
Bologna,Lukasz Skorupski,lukasz skorupski,0,0,9,9,0,0,1,1,9,9,1,1
Bologna,Jon Rowe,jon rowe,0,0,9,12,0,0,1,1,9,12,1,1
Bologna,Nadir Zortea,nadir zortea,0,0,8,10,0,0,1,1,8,10,1,1
Bologna,Juan Miranda,juan miranda,0,0,8,10,0,0,1,1,8,10,1,1
Bologna,Nikola Moro,nikola moro,0,0,8,11,0,0,1,1,8,11,1,1
Bologna,Martin Vitík,martin vitik,0,0,7,10,0,0,1,1,7,10,1,1
Bologna,Torbjørn Heggem,torbjorn heggem,0,0,6,8,0,0,1,1,6,8,1,1
Bologna,Tommaso Pobega,tommaso pobega,0,0,6,9,0,0,0,1,6,9,0,1
Bologna,Charalampos Lykogiannis,charalampos lykogiannis,0,0,5,7,0,0,1,1,5,7,1,1
Bologna,Federico Ravaglia,federico ravaglia,0,0,5,5,0,0,1,1,5,5,1,1
Bologna,João Mário,joao mario,0,0,5,5,0,0,0,0,5,5,0,0
Bologna,Jens Odgaard,jens odgaard,0,0,4,11,0,0,1,2,4,11,1,2
Bologna,Nicolò Cambiaghi,nicolo cambiaghi,0,0,4,11,0,0,1,1,4,11,1,1
Bologna,Riccardo Orsolini,riccardo orsolini,0,0,4,13,0,0,1,1,4,13,1,1
Bologna,Nicolo Casale,nicolo casale,0,0,4,6,0,0,0,0,4,6,0,0
Bologna,Emil Holm,emil holm,0,0,3,5,0,0,1,1,3,5,1,1
Bologna,Thijs Dallinga,thijs dallinga,0,0,3,11,0,0,1,2,3,11,1,2
Bologna,Giovanni Fabbian,giovanni fabbian,0,0,2,5,0,0,1,1,2,5,1,1
Bologna,Benjamín Domínguez,benjamin dominguez,0,0,1,3,0,0,0,1,1,3,0,1
Bologna,Simon Sohm,simon sohm,0,0,0,3,0,0,0,1,0,3,0,1
Bologna,Sulemana,sulemana,0,0,0,0,0,0,1,1,0,0,1,1
Bologna,Ciro Immobile,ciro immobile,0,0,0,0,0,0,0,1,0,0,0,1
Bologna,Eivind Helland,eivind helland,0,0,0,0,0,0,0,1,0,0,0,1
Cagliari,Elia Caprile,elia caprile,0,0,0,0,0,0,2,2,0,0,2,2
Cagliari,Yerry Mina,yerry mina,0,0,0,0,0,0,1,1,0,0,1,1
Cagliari,Adam Obert,adam obert,0,0,0,0,0,0,2,2,0,0,2,2
Cagliari,Alessandro Deiola,alessandro deiola,0,0,0,0,0,0,2,3,0,0,2,3
Cagliari,Michael Folorunsho,michael folorunsho,0,0,0,0,0,0,1,1,0,0,1,1
Cagliari,Michel Adopo,michel adopo,0,0,0,0,0,0,2,3,0,0,2,3
Cagliari,Matteo Prati,matteo prati,0,0,0,0,0,0,1,2,0,0,1,2
Cagliari,Riyad Idrissi,riyad idrissi,0,0,0,0,0,0,2,3,0,0,2,3
Cagliari,Nadir Zortea,nadir zortea,0,0,0,0,0,0,1,1,0,0,1,1
Cagliari,Roberto Piccoli,roberto piccoli,0,0,0,0,0,0,1,1,0,0,1,1
Cagliari,Zito Luvumbo,zito luvumbo,0,0,0,0,0,0,2,2,0,0,2,2
Cagliari,Nicolò Cavuoti,nicolo cavuoti,0,0,0,0,0,0,1,2,0,0,1,2
Cagliari,Gabriele Zappa,gabriele zappa,0,0,0,0,0,0,1,2,0,0,1,2
Cagliari,Semih Kiliçsoy,semih kilicsoy,0,0,0,0,0,0,2,3,0,0,2,3
Cagliari,Luca Mazzitelli,luca mazzitelli,0,0,0,0,0,0,1,2,0,0,1,2
Cagliari,Sebastiano Esposito,sebastiano esposito,0,0,0,0,0,0,0,3,0,0,0,3
Cagliari,Mattia Felici,mattia felici,0,0,0,0,0,0,0,2,0,0,0,2
Cagliari,Alessandro Di Pardo,alessandro di pardo,0,0,0,0,0,0,1,2,0,0,1,2
Cagliari,Giuseppe Ciocci,giuseppe ciocci,0,0,0,0,0,0,1,1,0,0,1,1
Cagliari,Sebastiano Luperto,sebastiano luperto,0,0,0,0,0,0,2,2,0,0,2,2
Cagliari,Zé Pedro,ze pedro,0,0,0,0,0,0,1,1,0,0,1,1
Cagliari,Gennaro Borrelli,gennaro borrelli,0,0,0,0,0,0,1,2,0,0,1,2
Cagliari,Gianluca Gaetano,gianluca gaetano,0,0,0,0,0,0,2,2,0,0,2,2
Cagliari,Marko Rog,marko rog,0,0,0,0,0,0,1,1,0,0,1,1
Cagliari,Juan Rodríguez,juan rodriguez,0,0,0,0,0,0,1,1,0,0,1,1
Cagliari,Leonardo Pavoletti,leonardo pavoletti,0,0,0,0,0,0,1,1,0,0,1,1
Como,Jean Butez,jean butez,0,0,0,0,0,0,6,6,0,0,6,6
Como,Marc-Oliver Kempf,marc-oliver kempf,0,0,0,0,0,0,3,4,0,0,3,4
Como,Jacobo Ramón,jacobo ramon,0,0,0,0,0,0,5,5,0,0,5,5
Como,Alberto Moreno,alberto moreno,0,0,0,0,0,0,3,4,0,0,3,4
Como,Mërgim Vojvoda,mergim vojvoda,0,0,0,0,0,0,2,4,0,0,2,4
Como,Sergi Roberto,sergi roberto,0,0,0,0,0,0,4,4,0,0,4,4
Como,Lucas Da Cunha,lucas da cunha,0,0,0,0,0,0,5,6,0,0,5,6
Como,Nico Paz,nico paz,0,0,0,0,0,0,4,5,0,0,4,5
Como,Anastasios Douvikas,anastasios douvikas,0,0,0,0,0,0,4,6,0,0,4,6
Como,Jesús Rodriguez,jesus rodriguez,0,0,0,0,0,0,3,5,0,0,3,5
Como,Jayden Addai,jayden addai,0,0,0,0,0,0,3,4,0,0,3,4
Como,Máximo Perrone,maximo perrone,0,0,0,0,0,0,3,5,0,0,3,5
Como,Maxence Caqueret,maxence caqueret,0,0,0,0,0,0,4,6,0,0,4,6
Como,Assane Diao,assane diao,0,0,0,0,0,0,0,3,0,0,0,3
Como,Martin Baturina,martin baturina,0,0,0,0,0,0,3,5,0,0,3,5
Como,Álvaro Morata,alvaro morata,0,0,0,0,0,0,0,4,0,0,0,4
Como,Edoardo Goldaniga,edoardo goldaniga,0,0,0,0,0,0,1,1,0,0,1,1
Como,Stefan Posch,stefan posch,0,0,0,0,0,0,1,1,0,0,1,1
Como,Lorenzo Bonsignori Goggi,lorenzo bonsignori goggi,0,0,0,0,0,0,0,1,0,0,0,1
Como,Alberto Cerri,alberto cerri,0,0,0,0,0,0,0,1,0,0,0,1
Como,Nicolas Kühn,nicolas kuhn,0,0,0,0,0,0,1,2,0,0,1,2
Como,Diego Carlos,diego carlos,0,0,0,0,0,0,4,4,0,0,4,4
Como,Ignace van der Brempt,ignace van der brempt,0,0,0,0,0,0,2,3,0,0,2,3
Como,Ivan Smolcic,ivan smolcic,0,0,0,0,0,0,2,4,0,0,2,4
Como,Álex Valle,alex valle,0,0,0,0,0,0,3,3,0,0,3,3
Cremonese,Emil Audero,emil audero,0,0,0,0,0,0,1,1,0,0,1,1
Cremonese,Federico Baschirotto,federico baschirotto,0,0,0,0,0,0,1,1,0,0,1,1
Cremonese,Matteo Bianchetti,matteo bianchetti,0,0,0,0,0,0,1,1,0,0,1,1
Cremonese,Filippo Terracciano,filippo terracciano,0,0,0,0,0,0,1,1,0,0,1,1
Cremonese,Jari Vandeputte,jari vandeputte,0,0,0,0,0,0,1,1,0,0,1,1
Cremonese,Michele Collocolo,michele collocolo,0,0,0,0,0,0,1,1,0,0,1,1
Cremonese,Alberto Grassi,alberto grassi,0,0,0,0,0,0,1,1,0,0,1,1
Cremonese,Giuseppe Pezzella,giuseppe pezzella,0,0,0,0,0,0,1,1,0,0,1,1
Cremonese,Alessio Zerbin,alessio zerbin,0,0,0,0,0,0,1,1,0,0,1,1
Cremonese,Federico Bonazzoli,federico bonazzoli,0,0,0,0,0,0,1,1,0,0,1,1
Cremonese,Manuel De Luca,manuel de luca,0,0,0,0,0,0,1,1,0,0,1,1
Cremonese,Romano Floriani,romano floriani,0,0,0,0,0,0,0,1,0,0,0,1
Cremonese,David Okereke,david okereke,0,0,0,0,0,0,0,1,0,0,0,1
Cremonese,Franco Vázquez,franco vazquez,0,0,0,0,0,0,0,1,0,0,0,1
Cremonese,Dennis Johnsen,dennis johnsen,0,0,0,0,0,0,0,1,0,0,0,1
Cremonese,Warren Bondo,warren bondo,0,0,0,0,0,0,0,1,0,0,0,1
Fiorentina,Cher Ndour,cher ndour,0,0,0,0,10,11,1,1,10,11,1,1
Fiorentina,Roberto Piccoli,roberto piccoli,0,0,0,0,9,10,1,1,9,10,1,1
Fiorentina,Luca Ranieri,luca ranieri,0,0,0,0,8,8,1,1,8,8,1,1
Fiorentina,Marin Pongracic,marin pongracic,0,0,0,0,8,10,0,1,8,10,0,1
Fiorentina,Pietro Comuzzo,pietro comuzzo,0,0,0,0,8,11,1,1,8,11,1,1
Fiorentina,Niccolò Fortini,niccolo fortini,0,0,0,0,7,9,1,1,7,9,1,1
Fiorentina,David de Gea,david de gea,0,0,0,0,6,7,0,0,6,7,0,0
Fiorentina,Rolando Mandragora,rolando mandragora,0,0,0,0,6,12,0,0,6,12,0,0
Fiorentina,Robin Gosens,robin gosens,0,0,0,0,6,7,0,1,6,7,0,1
Fiorentina,Dodô,dodo,0,0,0,0,6,9,0,0,6,9,0,0
Fiorentina,Nicolò Fagioli,nicolo fagioli,0,0,0,0,5,9,0,1,5,9,0,1
Fiorentina,Edin Dzeko,edin dzeko,0,0,0,0,5,5,0,0,5,5,0,0
Fiorentina,Jacopo Fazzini,jacopo fazzini,0,0,0,0,5,9,1,1,5,9,1,1
Fiorentina,Hans Nicolussi Caviglia,hans nicolussi caviglia,0,0,0,0,5,5,0,0,5,5,0,0
Fiorentina,Giovanni Fabbian,giovanni fabbian,0,0,0,0,5,6,1,1,5,6,1,1
Fiorentina,Pablo Marí,pablo mari,0,0,0,0,4,4,0,0,4,4,0,0
Fiorentina,Fabiano Parisi,fabiano parisi,0,0,0,0,4,7,0,0,4,7,0,0
Fiorentina,Jack Harrison,jack harrison,0,0,0,0,4,6,1,1,4,6,1,1
Fiorentina,Albert Gudmundsson,albert gudmundsson,0,0,0,0,3,10,0,1,3,10,0,1
Fiorentina,Mattia Viti,mattia viti,0,0,0,0,3,4,0,0,3,4,0,0
Fiorentina,Simon Sohm,simon sohm,0,0,0,0,2,3,0,0,2,3,0,0
Fiorentina,Moise Kean,moise kean,0,0,0,0,2,6,0,0,2,6,0,0
Fiorentina,Tomasso Martinelli,tomasso martinelli,0,0,0,0,2,2,0,0,2,2,0,0
Fiorentina,Amir Richardson,amir richardson,0,0,0,0,2,2,0,0,2,2,0,0
Fiorentina,Luca Lezzerini,luca lezzerini,0,0,0,0,2,2,0,0,2,2,0,0
Fiorentina,Oliver Christensen,oliver christensen,0,0,0,0,2,2,1,1,2,2,1,1
Fiorentina,Eddy Kouadio,eddy kouadio,0,0,0,0,1,5,0,0,1,5,0,0
Fiorentina,Christian Kouamé,christian kouame,0,0,0,0,1,2,0,0,1,2,0,0
Fiorentina,Manor Solomon,manor solomon,0,0,0,0,1,2,0,1,1,2,0,1
Fiorentina,Luís Balbo,luis balbo,0,0,0,0,0,3,1,1,0,3,1,1
Fiorentina,Riccardo Braschi,riccardo braschi,0,0,0,0,0,1,0,0,0,1,0,0
Fiorentina,Giorgio Puzzoli,giorgio puzzoli,0,0,0,0,0,1,0,0,0,1,0,0
Fiorentina,Marco Brescianini,marco brescianini,0,0,0,0,0,0,1,1,0,0,1,1
Genoa,Nicola Leali,nicola leali,0,0,0,0,0,0,2,2,0,0,2,2
Genoa,Johan Vásquez,johan vasquez,0,0,0,0,0,0,3,3,0,0,3,3
Genoa,Alessandro Marcandalli,alessandro marcandalli,0,0,0,0,0,0,2,3,0,0,2,3
Genoa,Aarón Martín,aaron martin,0,0,0,0,0,0,2,2,0,0,2,2
Genoa,Brooke Norton-Cuffy,brooke norton-cuffy,0,0,0,0,0,0,2,2,0,0,2,2
Genoa,Nicolae Stanciu,nicolae stanciu,0,0,0,0,0,0,3,3,0,0,3,3
Genoa,Morten Frendrup,morten frendrup,0,0,0,0,0,0,3,3,0,0,3,3
Genoa,Patrizio Masini,patrizio masini,0,0,0,0,0,0,2,3,0,0,2,3
Genoa,Lorenzo Colombo,lorenzo colombo,0,0,0,0,0,0,2,2,0,0,2,2
Genoa,Albert Grønbaek,albert gronbaek,0,0,0,0,0,0,2,2,0,0,2,2
Genoa,Valentin Carboni,valentin carboni,0,0,0,0,0,0,3,3,0,0,3,3
Genoa,Lorenzo Venturino,lorenzo venturino,0,0,0,0,0,0,0,3,0,0,0,3
Genoa,Vitinha,vitinha,0,0,0,0,0,0,0,1,0,0,0,1
Genoa,Leo Østigard,leo ostigard,0,0,0,0,0,0,0,1,0,0,0,1
Genoa,Junior Messias,junior messias,0,0,0,0,0,0,1,2,0,0,1,2
Genoa,Ruslan Malinovskyi,ruslan malinovskyi,0,0,0,0,0,0,0,1,0,0,0,1
Genoa,Stefano Sabelli,stefano sabelli,0,0,0,0,0,0,1,1,0,0,1,1
Genoa,Morten Thorsby,morten thorsby,0,0,0,0,0,0,0,1,0,0,0,1
Genoa,Jeff Ekhator,jeff ekhator,0,0,0,0,0,0,1,2,0,0,1,2
Genoa,Seydou Fini,seydou fini,0,0,0,0,0,0,1,2,0,0,1,2
Genoa,Benjamin Siegrist,benjamin siegrist,0,0,0,0,0,0,1,1,0,0,1,1
Genoa,Sebastian Otoa,sebastian otoa,0,0,0,0,0,0,1,1,0,0,1,1
Genoa,Mikael Ellertsson,mikael ellertsson,0,0,0,0,0,0,1,1,0,0,1,1
Genoa,Hugo Cuenca,hugo cuenca,0,0,0,0,0,0,0,1,0,0,0,1
Genoa,Jean Onana,jean onana,0,0,0,0,0,0,0,1,0,0,0,1
Genoa,Caleb Ekuban,caleb ekuban,0,0,0,0,0,0,0,1,0,0,0,1
Hellas Verona,Grigoris Kastanos,grigoris kastanos,0,0,0,0,0,0,1,2,0,0,1,2
Hellas Verona,Amin Sarr,amin sarr,0,0,0,0,0,0,1,2,0,0,1,2
Hellas Verona,Domagoj Bradaric,domagoj bradaric,0,0,0,0,0,0,0,1,0,0,0,1
Hellas Verona,Yellu Santiago,yellu santiago,0,0,0,0,0,0,1,2,0,0,1,2
Hellas Verona,Dailon Livramento,dailon livramento,0,0,0,0,0,0,0,1,0,0,0,1
Hellas Verona,Lorenzo Montipò,lorenzo montipo,0,0,0,0,0,0,1,1,0,0,1,1
Hellas Verona,Unai Núñez,unai nunez,0,0,0,0,0,0,1,1,0,0,1,1
Hellas Verona,Nicolás Valentini,nicolas valentini,0,0,0,0,0,0,1,1,0,0,1,1
Hellas Verona,Daniel Oyegoke,daniel oyegoke,0,0,0,0,0,0,1,1,0,0,1,1
Hellas Verona,Antoine Bernede,antoine bernede,0,0,0,0,0,0,1,1,0,0,1,1
Hellas Verona,Suat Serdar,suat serdar,0,0,0,0,0,0,1,1,0,0,1,1
Hellas Verona,Cheikh Niasse,cheikh niasse,0,0,0,0,0,0,2,2,0,0,2,2
Hellas Verona,Martin Frese,martin frese,0,0,0,0,0,0,1,1,0,0,1,1
Hellas Verona,Fallou Cham,fallou cham,0,0,0,0,0,0,2,2,0,0,2,2
Hellas Verona,Daniel Mosquera,daniel mosquera,0,0,0,0,0,0,1,1,0,0,1,1
Hellas Verona,Giovane,giovane,0,0,0,0,0,0,1,2,0,0,1,2
Hellas Verona,Simone Perilli,simone perilli,0,0,0,0,0,0,1,1,0,0,1,1
Hellas Verona,Armel Bella-Kotchap,armel bella-kotchap,0,0,0,0,0,0,1,1,0,0,1,1
Hellas Verona,Enzo Ebosse,enzo ebosse,0,0,0,0,0,0,1,1,0,0,1,1
Hellas Verona,Tobias Slotsager,tobias slotsager,0,0,0,0,0,0,1,1,0,0,1,1
Hellas Verona,Moatasem Al-Musrati,moatasem al-musrati,0,0,0,0,0,0,1,1,0,0,1,1
Hellas Verona,Junior Ajayi,junior ajayi,0,0,0,0,0,0,1,1,0,0,1,1
Hellas Verona,Adi Kurti,adi kurti,0,0,0,0,0,0,0,1,0,0,0,1
Hellas Verona,Davide De Battisti,davide de battisti,0,0,0,0,0,0,0,1,0,0,0,1
Hellas Verona,Ioan Vermesan,ioan vermesan,0,0,0,0,0,0,0,1,0,0,0,1
Hellas Verona,Gift Orban,gift orban,0,0,0,0,0,0,0,1,0,0,0,1
Inter,Yann Sommer,yann sommer,10,10,0,0,0,0,0,0,10,10,0,0
Inter,Alessandro Bastoni,alessandro bastoni,8,9,0,0,0,0,2,2,8,9,2,2
Inter,Federico Dimarco,federico dimarco,8,9,0,0,0,0,2,2,8,9,2,2
Inter,Manuel Akanji,manuel akanji,7,10,0,0,0,0,2,2,7,10,2,2
Inter,Nicolò Barella,nicolo barella,7,8,0,0,0,0,2,2,7,8,2,2
Inter,Piotr Zielinski,piotr zielinski,7,10,0,0,0,0,3,4,7,10,3,4
Inter,Lautaro Martínez,lautaro martinez,7,8,0,0,0,0,1,2,7,8,1,2
Inter,Marcus Thuram,marcus thuram,6,9,0,0,0,0,4,5,6,9,4,5
Inter,Yann Bisseck,yann bisseck,6,7,0,0,0,0,3,5,6,7,3,5
Inter,Hakan Çalhanoglu,hakan calhanoglu,5,6,0,0,0,0,2,2,5,6,2,2
Inter,Pio Esposito,pio esposito,5,9,0,0,0,0,2,4,5,9,2,4
Inter,Francesco Acerbi,francesco acerbi,5,5,0,0,0,0,3,3,5,5,3,3
Inter,Henrikh Mkhitaryan,henrikh mkhitaryan,4,4,0,0,0,0,1,4,4,4,1,4
Inter,Denzel Dumfries,denzel dumfries,4,5,0,0,0,0,1,3,4,5,1,3
Inter,Carlos Augusto,carlos augusto,4,7,0,0,0,0,4,5,4,7,4,5
Inter,Petar Sucic,petar sucic,4,10,0,0,0,0,3,5,4,10,3,5
Inter,Luis Henrique,luis henrique,4,7,0,0,0,0,2,5,4,7,2,5
Inter,Stefan de Vrij,stefan de vrij,3,3,0,0,0,0,2,2,3,3,2,2
Inter,Davide Frattesi,davide frattesi,3,7,0,0,0,0,3,3,3,7,3,3
Inter,Ange-Yoan Bonny,ange-yoan bonny,2,10,0,0,0,0,2,4,2,10,2,4
Inter,Matteo Darmian,matteo darmian,1,2,0,0,0,0,1,1,1,2,1,1
Inter,Andy Diouf,andy diouf,0,4,0,0,0,0,3,5,0,4,3,5
Inter,Josep Martínez,josep martinez,0,0,0,0,0,0,5,5,0,0,5,5
Inter,Matteo Spinaccè,matteo spinacce,0,0,0,0,0,0,0,1,0,0,0,1
Inter,Matteo Cocchi,matteo cocchi,0,0,0,0,0,0,1,2,0,0,1,2
Inter,Leonardo Bovo,leonardo bovo,0,0,0,0,0,0,0,1,0,0,0,1
Inter,Issiaka Kamate,issiaka kamate,0,0,0,0,0,0,1,1,0,0,1,1
Juventus,Pierre Kalulu,pierre kalulu,10,10,0,0,0,0,2,2,10,10,2,2
Juventus,Weston McKennie,weston mckennie,10,10,0,0,0,0,2,2,10,10,2,2
Juventus,Lloyd Kelly,lloyd kelly,9,9,0,0,0,0,2,2,9,9,2,2
Juventus,Teun Koopmeiners,teun koopmeiners,9,10,0,0,0,0,1,2,9,10,1,2
Juventus,Andrea Cambiaso,andrea cambiaso,8,9,0,0,0,0,2,2,8,9,2,2
Juventus,Kenan Yildiz,kenan yildiz,8,10,0,0,0,0,1,1,8,10,1,1
Juventus,Khéphren Thuram,khephren thuram,7,9,0,0,0,0,1,1,7,9,1,1
Juventus,Manuel Locatelli,manuel locatelli,7,9,0,0,0,0,1,2,7,9,1,2
Juventus,Michele Di Gregorio,michele di gregorio,6,6,0,0,0,0,1,1,6,6,1,1
Juventus,Jonathan David,jonathan david,5,9,0,0,0,0,2,2,5,9,2,2
Juventus,Francisco Conceição,francisco conceicao,5,9,0,0,0,0,1,2,5,9,1,2
Juventus,Bremer,bremer,4,4,0,0,0,0,1,1,4,4,1,1
Juventus,Mattia Perin,mattia perin,4,4,0,0,0,0,1,1,4,4,1,1
Juventus,Federico Gatti,federico gatti,4,5,0,0,0,0,2,2,4,5,2,2
Juventus,Fabio Miretti,fabio miretti,4,7,0,0,0,0,1,1,4,7,1,1
Juventus,Loïs Openda,lois openda,3,8,0,0,0,0,0,2,3,8,0,2
Juventus,Dusan Vlahovic,dusan vlahovic,2,4,0,0,0,0,0,0,2,4,0,0
Juventus,Juan Cabal,juan cabal,2,6,0,0,0,0,1,1,2,6,1,1
Juventus,Vasilije Adzic,vasilije adzic,1,7,0,0,0,0,0,0,1,7,0,0
Juventus,Edon Zhegrova,edon zhegrova,1,6,0,0,0,0,0,2,1,6,0,2
Juventus,Daniele Rugani,daniele rugani,1,2,0,0,0,0,0,0,1,2,0,0
Juventus,João Mário,joao mario,0,2,0,0,0,0,0,1,0,2,0,1
Juventus,Filip Kostic,filip kostic,0,5,0,0,0,0,0,0,0,5,0,0
Juventus,Jérémie Boga,jeremie boga,0,1,0,0,0,0,0,1,0,1,0,1
Juventus,Emil Holm,emil holm,0,0,0,0,0,0,0,1,0,0,0,1
Lazio,Christos Mandas,christos mandas,0,0,0,0,0,0,1,1,0,0,1,1
Lazio,Alessio Romagnoli,alessio romagnoli,0,0,0,0,0,0,5,5,0,0,5,5
Lazio,Mario Gila,mario gila,0,0,0,0,0,0,5,5,0,0,5,5
Lazio,Luca Pellegrini,luca pellegrini,0,0,0,0,0,0,2,2,0,0,2,2
Lazio,Adam Marusic,adam marusic,0,0,0,0,0,0,5,5,0,0,5,5
Lazio,Matías Vecino,matias vecino,0,0,0,0,0,0,1,1,0,0,1,1
Lazio,Toma Basic,toma basic,0,0,0,0,0,0,3,3,0,0,3,3
Lazio,Matteo Guendouzi,matteo guendouzi,0,0,0,0,0,0,1,1,0,0,1,1
Lazio,Valentín Castellanos,valentin castellanos,0,0,0,0,0,0,1,1,0,0,1,1
Lazio,Mattia Zaccagni,mattia zaccagni,0,0,0,0,0,0,4,4,0,0,4,4
Lazio,Gustav Isaksen,gustav isaksen,0,0,0,0,0,0,4,5,0,0,4,5
Lazio,Fisayo Dele-Bashiru,fisayo dele-bashiru,0,0,0,0,0,0,2,4,0,0,2,4
Lazio,Tijjani Noslin,tijjani noslin,0,0,0,0,0,0,2,5,0,0,2,5
Lazio,Nuno Tavares,nuno tavares,0,0,0,0,0,0,3,5,0,0,3,5
Lazio,Pedro,pedro,0,0,0,0,0,0,1,4,0,0,1,4
Lazio,Matteo Cancellieri,matteo cancellieri,0,0,0,0,0,0,1,5,0,0,1,5
Lazio,Ivan Provedel,ivan provedel,0,0,0,0,0,0,2,2,0,0,2,2
Lazio,Nicolò Rovella,nicolo rovella,0,0,0,0,0,0,1,2,0,0,1,2
Lazio,Kenneth Taylor,kenneth taylor,0,0,0,0,0,0,4,4,0,0,4,4
Lazio,Daniel Maldini,daniel maldini,0,0,0,0,0,0,2,2,0,0,2,2
Lazio,Boulaye Dia,boulaye dia,0,0,0,0,0,0,0,3,0,0,0,3
Lazio,Danilo Cataldi,danilo cataldi,0,0,0,0,0,0,1,3,0,0,1,3
Lazio,Reda Belahyane,reda belahyane,0,0,0,0,0,0,0,1,0,0,0,1
Lazio,Edoardo Motta,edoardo motta,0,0,0,0,0,0,2,2,0,0,2,2
Lazio,Patric,patric,0,0,0,0,0,0,2,2,0,0,2,2
Lazio,Manuel Lazzari,manuel lazzari,0,0,0,0,0,0,0,2,0,0,0,2
Lazio,Oliver Provstgaard,oliver provstgaard,0,0,0,0,0,0,0,1,0,0,0,1
Lecce,Wladimiro Falcone,wladimiro falcone,0,0,0,0,0,0,1,1,0,0,1,1
Lecce,Tiago Gabriel,tiago gabriel,0,0,0,0,0,0,2,2,0,0,2,2
Lecce,Kialonda Gaspar,kialonda gaspar,0,0,0,0,0,0,1,2,0,0,1,2
Lecce,Antonino Gallo,antonino gallo,0,0,0,0,0,0,1,2,0,0,1,2
Lecce,Owen Kouassi,owen kouassi,0,0,0,0,0,0,1,1,0,0,1,1
Lecce,Balthazar Pierret,balthazar pierret,0,0,0,0,0,0,1,1,0,0,1,1
Lecce,Thorir Johann Helgason,thorir johann helgason,0,0,0,0,0,0,2,2,0,0,2,2
Lecce,Lassana Coulibaly,lassana coulibaly,0,0,0,0,0,0,1,2,0,0,1,2
Lecce,Nikola Krstovic,nikola krstovic,0,0,0,0,0,0,1,1,0,0,1,1
Lecce,Lameck Banda,lameck banda,0,0,0,0,0,0,1,1,0,0,1,1
Lecce,Santiago Pierotti,santiago pierotti,0,0,0,0,0,0,1,2,0,0,1,2
Lecce,Danilo Veiga,danilo veiga,0,0,0,0,0,0,1,2,0,0,1,2
Lecce,Mohamed Kaba,mohamed kaba,0,0,0,0,0,0,1,2,0,0,1,2
Lecce,Ylber Ramadani,ylber ramadani,0,0,0,0,0,0,0,1,0,0,0,1
Lecce,José Antonio Morente,jose antonio morente,0,0,0,0,0,0,1,2,0,0,1,2
Lecce,Francesco Camarda,francesco camarda,0,0,0,0,0,0,1,2,0,0,1,2
Lecce,Christian Früchtl,christian fruchtl,0,0,0,0,0,0,1,1,0,0,1,1
Lecce,Corrie Ndaba,corrie ndaba,0,0,0,0,0,0,1,1,0,0,1,1
Lecce,Jamil Siebert,jamil siebert,0,0,0,0,0,0,1,1,0,0,1,1
Lecce,Medon Berisha,medon berisha,0,0,0,0,0,0,1,1,0,0,1,1
Lecce,Konan N’Dri,konan n'dri,0,0,0,0,0,0,1,1,0,0,1,1
Lecce,Olaf Gorter,olaf gorter,0,0,0,0,0,0,0,1,0,0,0,1
Milan,Mike Maignan,mike maignan,0,0,0,0,0,0,3,3,0,0,3,3
Milan,Matteo Gabbia,matteo gabbia,0,0,0,0,0,0,1,1,0,0,1,1
Milan,Strahinja Pavlovic,strahinja pavlovic,0,0,0,0,0,0,3,3,0,0,3,3
Milan,Fikayo Tomori,fikayo tomori,0,0,0,0,0,0,3,3,0,0,3,3
Milan,Ruben Loftus-Cheek,ruben loftus-cheek,0,0,0,0,0,0,3,3,0,0,3,3
Milan,Youssouf Fofana,youssouf fofana,0,0,0,0,0,0,1,2,0,0,1,2
Milan,Samuele Ricci,samuele ricci,0,0,0,0,0,0,3,3,0,0,3,3
Milan,Pervis Estupiñán,pervis estupinan,0,0,0,0,0,0,2,2,0,0,2,2
Milan,Alexis Saelemaekers,alexis saelemaekers,0,0,0,0,0,0,3,3,0,0,3,3
Milan,Rafael Leão,rafael leao,0,0,0,0,0,0,2,2,0,0,2,2
Milan,Christian Pulisic,christian pulisic,0,0,0,0,0,0,1,3,0,0,1,3
Milan,Ardon Jashari,ardon jashari,0,0,0,0,0,0,1,2,0,0,1,2
Milan,Noah Okafor,noah okafor,0,0,0,0,0,0,0,1,0,0,0,1
Milan,Santiago Gimenez,santiago gimenez,0,0,0,0,0,0,1,2,0,0,1,2
Milan,Luka Modric,luka modric,0,0,0,0,0,0,0,2,0,0,0,2
Milan,Yunus Musah,yunus musah,0,0,0,0,0,0,0,1,0,0,0,1
Milan,Koni De Winter,koni de winter,0,0,0,0,0,0,2,2,0,0,2,2
Milan,Adrien Rabiot,adrien rabiot,0,0,0,0,0,0,2,2,0,0,2,2
Milan,Davide Bartesaghi,davide bartesaghi,0,0,0,0,0,0,1,2,0,0,1,2
Milan,Christopher Nkunku,christopher nkunku,0,0,0,0,0,0,1,2,0,0,1,2
Milan,Cheveyo Muy,cheveyo muy,0,0,0,0,0,0,0,1,0,0,0,1
Milan,Zachary Athekame,zachary athekame,0,0,0,0,0,0,0,1,0,0,0,1
Milan,David Odogu,david odogu,0,0,0,0,0,0,0,1,0,0,0,1
Napoli,Scott McTominay,scott mctominay,8,8,0,0,0,0,0,1,8,8,0,1
Napoli,Vanja Milinkovic-Savic,vanja milinkovic-savic,7,7,0,0,0,0,2,2,7,7,2,2
Napoli,Alessandro Buongiorno,alessandro buongiorno,7,7,0,0,0,0,0,1,7,7,0,1
Napoli,Giovanni Di Lorenzo,giovanni di lorenzo,7,7,0,0,0,0,0,0,7,7,0,0
Napoli,Rasmus Højlund,rasmus hojlund,7,7,0,0,0,0,1,2,7,7,1,2
Napoli,Stanislav Lobotka,stanislav lobotka,6,6,0,0,0,0,1,1,6,6,1,1
Napoli,Sam Beukema,sam beukema,5,6,0,0,0,0,2,2,5,6,2,2
Napoli,Leonardo Spinazzola,leonardo spinazzola,5,6,0,0,0,0,1,2,5,6,1,2
Napoli,Frank Anguissa,frank anguissa,4,4,0,0,0,0,0,0,4,4,0,0
Napoli,Matteo Politano,matteo politano,4,6,0,0,0,0,1,2,4,6,1,2
Napoli,Eljif Elmas,eljif elmas,4,7,0,0,0,0,2,2,4,7,2,2
Napoli,Kevin De Bruyne,kevin de bruyne,3,3,0,0,0,0,0,0,3,3,0,0
Napoli,Mathías Olivera,mathias olivera,3,6,0,0,0,0,2,2,3,6,2,2
Napoli,Juan Jesus,juan jesus,3,7,0,0,0,0,2,2,3,7,2,2
Napoli,Miguel Gutiérrez,miguel gutierrez,3,5,0,0,0,0,0,1,3,5,0,1
Napoli,Amir Rrahmani,amir rrahmani,3,3,0,0,0,0,1,1,3,3,1,1
Napoli,David Neres,david neres,2,6,0,0,0,0,0,1,2,6,0,1
Napoli,Noa Lang,noa lang,2,6,0,0,0,0,0,1,2,6,0,1
Napoli,Antonio Vergara,antonio vergara,2,4,0,0,0,0,2,2,2,4,2,2
Napoli,Billy Gilmour,billy gilmour,1,3,0,0,0,0,0,0,1,3,0,0
Napoli,Lorenzo Lucca,lorenzo lucca,1,5,0,0,0,0,1,1,1,5,1,1
Napoli,Alex Meret,alex meret,1,1,0,0,0,0,0,0,1,1,0,0
Napoli,Giuseppe Ambrosino,giuseppe ambrosino,0,1,0,0,0,0,1,1,0,1,1,1
Napoli,Romelu Lukaku,romelu lukaku,0,1,0,0,0,0,0,1,0,1,0,1
Napoli,Pasquale Mazzocchi,pasquale mazzocchi,0,0,0,0,0,0,2,2,0,0,2,2
Napoli,Giovane,giovane,0,0,0,0,0,0,1,1,0,0,1,1
Napoli,Alisson Santos,alisson santos,0,0,0,0,0,0,0,1,0,0,0,1
Parma,Zion Suzuki,zion suzuki,0,0,0,0,0,0,2,2,0,0,2,2
Parma,Alessandro Circati,alessandro circati,0,0,0,0,0,0,1,2,0,0,1,2
Parma,Lautaro Valenti,lautaro valenti,0,0,0,0,0,0,1,1,0,0,1,1
Parma,Enrico Del Prato,enrico del prato,0,0,0,0,0,0,3,3,0,0,3,3
Parma,Mandela Keita,mandela keita,0,0,0,0,0,0,2,3,0,0,2,3
Parma,Adrián Bernabé,adrian bernabe,0,0,0,0,0,0,1,2,0,0,1,2
Parma,Emanuele Valeri,emanuele valeri,0,0,0,0,0,0,1,1,0,0,1,1
Parma,Mathias Løvik,mathias lovik,0,0,0,0,0,0,3,3,0,0,3,3
Parma,Mateo Pellegrino,mateo pellegrino,0,0,0,0,0,0,2,2,0,0,2,2
Parma,Christian Ordoñez,christian ordonez,0,0,0,0,0,0,3,3,0,0,3,3
Parma,Pontus Almqvist,pontus almqvist,0,0,0,0,0,0,1,1,0,0,1,1
Parma,Adrian Benedyczak,adrian benedyczak,0,0,0,0,0,0,2,3,0,0,2,3
Parma,Nahuel Estévez,nahuel estevez,0,0,0,0,0,0,1,3,0,0,1,3
Parma,Oliver Sørensen,oliver sorensen,0,0,0,0,0,0,1,2,0,0,1,2
Parma,Elia Plicco,elia plicco,0,0,0,0,0,0,0,2,0,0,0,2
Parma,Matija Frigan,matija frigan,0,0,0,0,0,0,0,1,0,0,0,1
Parma,Mariano Troilo,mariano troilo,0,0,0,0,0,0,2,2,0,0,2,2
Parma,Abdoulaye Ndiaye,abdoulaye ndiaye,0,0,0,0,0,0,1,1,0,0,1,1
Parma,Sascha Britschgi,sascha britschgi,0,0,0,0,0,0,2,2,0,0,2,2
Parma,Patrick Cutrone,patrick cutrone,0,0,0,0,0,0,0,2,0,0,0,2
Parma,Vicente Guaita,vicente guaita,0,0,0,0,0,0,1,1,0,0,1,1
Parma,Nicolas Trabucchi,nicolas trabucchi,0,0,0,0,0,0,1,1,0,0,1,1
Parma,Benjamin Cremaschi,benjamin cremaschi,0,0,0,0,0,0,1,1,0,0,1,1
Parma,Jacob Ondrejka,jacob ondrejka,0,0,0,0,0,0,1,1,0,0,1,1
Parma,Milan Djuric,milan djuric,0,0,0,0,0,0,0,1,0,0,0,1
Parma,Gaetano Oristanio,gaetano oristanio,0,0,0,0,0,0,0,1,0,0,0,1
Parma,Hernani,hernani,0,0,0,0,0,0,0,1,0,0,0,1
Pisa,Adrian Semper,adrian semper,0,0,0,0,0,0,1,1,0,0,1,1
Pisa,Antonio Caracciolo,antonio caracciolo,0,0,0,0,0,0,1,1,0,0,1,1
Pisa,Simone Canestrelli,simone canestrelli,0,0,0,0,0,0,2,2,0,0,2,2
Pisa,Arturo Calabresi,arturo calabresi,0,0,0,0,0,0,1,1,0,0,1,1
Pisa,Marius Marin,marius marin,0,0,0,0,0,0,1,1,0,0,1,1
Pisa,Michel Aebischer,michel aebischer,0,0,0,0,0,0,1,1,0,0,1,1
Pisa,Samuele Angori,samuele angori,0,0,0,0,0,0,2,2,0,0,2,2
Pisa,Idrissa Touré,idrissa toure,0,0,0,0,0,0,1,2,0,0,1,2
Pisa,Alexander Lind,alexander lind,0,0,0,0,0,0,1,1,0,0,1,1
Pisa,Matteo Tramoni,matteo tramoni,0,0,0,0,0,0,1,2,0,0,1,2
Pisa,Stefano Moreo,stefano moreo,0,0,0,0,0,0,1,1,0,0,1,1
Pisa,Ebenezer Akinsanmiro,ebenezer akinsanmiro,0,0,0,0,0,0,0,1,0,0,0,1
Pisa,M'Bala Nzola,m'bala nzola,0,0,0,0,0,0,0,1,0,0,0,1
Pisa,Mehdi Léris,mehdi leris,0,0,0,0,0,0,0,1,0,0,0,1
Pisa,Juan Cuadrado,juan cuadrado,0,0,0,0,0,0,1,2,0,0,1,2
Pisa,Malthe Hojholt,malthe hojholt,0,0,0,0,0,0,1,2,0,0,1,2
Pisa,Simone Scuffet,simone scuffet,0,0,0,0,0,0,1,1,0,0,1,1
Pisa,Raúl Albiol,raul albiol,0,0,0,0,0,0,1,1,0,0,1,1
Pisa,Jeremy Kandje Mbambi,jeremy kandje mbambi,0,0,0,0,0,0,1,1,0,0,1,1
Pisa,Isak Vural,isak vural,0,0,0,0,0,0,1,1,0,0,1,1
Pisa,Henrik Meister,henrik meister,0,0,0,0,0,0,1,1,0,0,1,1
Pisa,Gabriele Piccinini,gabriele piccinini,0,0,0,0,0,0,1,1,0,0,1,1
Pisa,Lorran,lorran,0,0,0,0,0,0,1,1,0,0,1,1
Pisa,Giovanni Bonfanti,giovanni bonfanti,0,0,0,0,0,0,0,1,0,0,0,1
Pisa,Brando Bettazzi,brando bettazzi,0,0,0,0,0,0,0,1,0,0,0,1
Pisa,Louis Buffon,louis buffon,0,0,0,0,0,0,0,1,0,0,0,1
Roma,Zeki Çelik,zeki celik,0,0,10,10,0,0,1,1,10,10,1,1
Roma,Mile Svilar,mile svilar,0,0,9,9,0,0,1,1,9,9,1,1
Roma,Neil El Aynaoui,neil el aynaoui,0,0,8,9,0,0,0,0,8,9,0,0
Roma,Matìas Soulè,matias soule,0,0,8,8,0,0,1,1,8,8,1,1
Roma,Gianluca Mancini,gianluca mancini,0,0,7,9,0,0,0,0,7,9,0,0
Roma,Evan Ndicka,evan ndicka,0,0,7,10,0,0,0,1,7,10,0,1
Roma,Manu Koné,manu kone,0,0,5,7,0,0,0,1,5,7,0,1
Roma,Kostas Tsimikas,kostas tsimikas,0,0,5,7,0,0,0,0,5,7,0,0
Roma,Mario Hermoso,mario hermoso,0,0,5,7,0,0,0,1,5,7,0,1
Roma,Lorenzo Pellegrini,lorenzo pellegrini,0,0,5,9,0,0,0,0,5,9,0,0
Roma,Bryan Cristante,bryan cristante,0,0,5,8,0,0,1,1,5,8,1,1
Roma,Niccolò Pisilli,niccolo pisilli,0,0,5,8,0,0,1,1,5,8,1,1
Roma,Wesley,wesley,0,0,5,8,0,0,1,1,5,8,1,1
Roma,Devyne Rensch,devyne rensch,0,0,4,7,0,0,1,1,4,7,1,1
Roma,Daniele Ghilardi,daniele ghilardi,0,0,4,4,0,0,1,1,4,4,1,1
Roma,Artem Dovbyk,artem dovbyk,0,0,3,4,0,0,0,0,3,4,0,0
Roma,Stephan El Shaarawy,stephan el shaarawy,0,0,3,7,0,0,1,1,3,7,1,1
Roma,Evan Ferguson,evan ferguson,0,0,3,6,0,0,0,0,3,6,0,0
Roma,Jan Ziólkowski,jan ziolkowski,0,0,3,4,0,0,1,1,3,4,1,1
Roma,Paulo Dybala,paulo dybala,0,0,2,4,0,0,0,1,2,4,0,1
Roma,Donyell Malen,donyell malen,0,0,2,2,0,0,0,0,2,2,0,0
Roma,Pierluigi Gollini,pierluigi gollini,0,0,1,1,0,0,0,0,1,1,0,0
Roma,Bryan Zaragoza,bryan zaragoza,0,0,1,2,0,0,0,0,1,2,0,0
Roma,Leon Bailey,leon bailey,0,0,0,3,0,0,1,1,0,3,1,1
Roma,Angeliño,angelino,0,0,0,2,0,0,0,0,0,2,0,0
Roma,Mattia Della Rocca,mattia della rocca,0,0,0,1,0,0,0,0,0,1,0,0
Roma,Robinio Vaz,robinio vaz,0,0,0,2,0,0,0,0,0,2,0,0
Roma,Antonio Arena,antonio arena,0,0,0,0,0,0,0,1,0,0,0,1
Sassuolo,Stefano Turati,stefano turati,0,0,0,0,0,0,2,2,0,0,2,2
Sassuolo,Tarik Muharemovic,tarik muharemovic,0,0,0,0,0,0,1,1,0,0,1,1
Sassuolo,Filippo Romagna,filippo romagna,0,0,0,0,0,0,2,2,0,0,2,2
Sassuolo,Josh Doig,josh doig,0,0,0,0,0,0,1,1,0,0,1,1
Sassuolo,Sebastian Walukiewicz,sebastian walukiewicz,0,0,0,0,0,0,1,2,0,0,1,2
Sassuolo,Daniel Boloca,daniel boloca,0,0,0,0,0,0,2,2,0,0,2,2
Sassuolo,Andrea Ghion,andrea ghion,0,0,0,0,0,0,1,1,0,0,1,1
Sassuolo,Ismaël Koné,ismael kone,0,0,0,0,0,0,1,1,0,0,1,1
Sassuolo,Armand Laurienté,armand lauriente,0,0,0,0,0,0,1,1,0,0,1,1
Sassuolo,Alieu Fadera,alieu fadera,0,0,0,0,0,0,2,2,0,0,2,2
Sassuolo,Domenico Berardi,domenico berardi,0,0,0,0,0,0,1,1,0,0,1,1
Sassuolo,Andrea Pinamonti,andrea pinamonti,0,0,0,0,0,0,0,1,0,0,0,1
Sassuolo,Luca Lipani,luca lipani,0,0,0,0,0,0,1,2,0,0,1,2
Sassuolo,Edoardo Iannoni,edoardo iannoni,0,0,0,0,0,0,1,2,0,0,1,2
Sassuolo,Nicholas Pierini,nicholas pierini,0,0,0,0,0,0,0,2,0,0,0,2
Sassuolo,Cristian Volpato,cristian volpato,0,0,0,0,0,0,1,2,0,0,1,2
Sassuolo,Fali Candé,fali cande,0,0,0,0,0,0,1,1,0,0,1,1
Sassuolo,Edoardo Pieragnolo,edoardo pieragnolo,0,0,0,0,0,0,1,1,0,0,1,1
Sassuolo,Woyo Coulibaly,woyo coulibaly,0,0,0,0,0,0,1,1,0,0,1,1
Sassuolo,Walid Cheddira,walid cheddira,0,0,0,0,0,0,1,1,0,0,1,1
Sassuolo,Kristian Thorstvedt,kristian thorstvedt,0,0,0,0,0,0,0,1,0,0,0,1
Sassuolo,Luca Moro,luca moro,0,0,0,0,0,0,0,1,0,0,0,1
Sassuolo,Laurs Skjellerup,laurs skjellerup,0,0,0,0,0,0,0,1,0,0,0,1
Torino,Franco Israel,franco israel,0,0,0,0,0,0,1,1,0,0,1,1
Torino,Adam Masina,adam masina,0,0,0,0,0,0,1,1,0,0,1,1
Torino,Saúl Coco,saul coco,0,0,0,0,0,0,4,4,0,0,4,4
Torino,Cristiano Biraghi,cristiano biraghi,0,0,0,0,0,0,1,1,0,0,1,1
Torino,Marcus Holmgren Pedersen,marcus holmgren pedersen,0,0,0,0,0,0,3,3,0,0,3,3
Torino,Nikola Vlasic,nikola vlasic,0,0,0,0,0,0,3,4,0,0,3,4
Torino,Cesare Casadei,cesare casadei,0,0,0,0,0,0,2,3,0,0,2,3
Torino,Gvidas Gineitis,gvidas gineitis,0,0,0,0,0,0,2,2,0,0,2,2
Torino,Ché Adams,che adams,0,0,0,0,0,0,3,3,0,0,3,3
Torino,Zakaria Aboukhlal,zakaria aboukhlal,0,0,0,0,0,0,2,3,0,0,2,3
Torino,Cyril Ngonge,cyril ngonge,0,0,0,0,0,0,2,3,0,0,2,3
Torino,Emirhan Ilkhan,emirhan ilkhan,0,0,0,0,0,0,1,3,0,0,1,3
Torino,Duván Zapata,duvan zapata,0,0,0,0,0,0,0,2,0,0,0,2
Torino,Faustino Anjorin,faustino anjorin,0,0,0,0,0,0,1,2,0,0,1,2
Torino,Valentino Lazaro,valentino lazaro,0,0,0,0,0,0,1,4,0,0,1,4
Torino,Giovanni Simeone,giovanni simeone,0,0,0,0,0,0,1,3,0,0,1,3
Torino,Alberto Paleari,alberto paleari,0,0,0,0,0,0,3,3,0,0,3,3
Torino,Adrian Ismajli,adrian ismajli,0,0,0,0,0,0,2,2,0,0,2,2
Torino,Ali Dembélé,ali dembele,0,0,0,0,0,0,1,2,0,0,1,2
Torino,Adrien Tamèze,adrien tameze,0,0,0,0,0,0,3,3,0,0,3,3
Torino,Niels Nkounkou,niels nkounkou,0,0,0,0,0,0,1,2,0,0,1,2
Torino,Alieu Njie,alieu njie,0,0,0,0,0,0,2,3,0,0,2,3
Torino,Kristjan Asllani,kristjan asllani,0,0,0,0,0,0,0,1,0,0,0,1
Torino,Guillermo Maripán,guillermo maripan,0,0,0,0,0,0,0,2,0,0,0,2
Torino,Luca Marianucci,luca marianucci,0,0,0,0,0,0,1,1,0,0,1,1
Torino,Matteo Prati,matteo prati,0,0,0,0,0,0,1,1,0,0,1,1
Torino,Rafael Obrador,rafael obrador,0,0,0,0,0,0,1,1,0,0,1,1
Torino,Sandro Kulenovic,sandro kulenovic,0,0,0,0,0,0,1,1,0,0,1,1
Udinese,Razvan Sava,razvan sava,0,0,0,0,0,0,3,3,0,0,3,3
Udinese,Thomas Kristensen,thomas kristensen,0,0,0,0,0,0,1,3,0,0,1,3
Udinese,Oumar Solet,oumar solet,0,0,0,0,0,0,3,3,0,0,3,3
Udinese,Matteo Palma,matteo palma,0,0,0,0,0,0,3,3,0,0,3,3
Udinese,Arthur Atta,arthur atta,0,0,0,0,0,0,2,2,0,0,2,2
Udinese,Sandi Lovric,sandi lovric,0,0,0,0,0,0,2,3,0,0,2,3
Udinese,Jesper Karlström,jesper karlstrom,0,0,0,0,0,0,2,2,0,0,2,2
Udinese,Jordan Zemura,jordan zemura,0,0,0,0,0,0,2,2,0,0,2,2
Udinese,Kingsley Ehizibue,kingsley ehizibue,0,0,0,0,0,0,2,2,0,0,2,2
Udinese,Iker Bravo,iker bravo,0,0,0,0,0,0,1,2,0,0,1,2
Udinese,Keinan Davis,keinan davis,0,0,0,0,0,0,1,2,0,0,1,2
Udinese,Saba Goglichidze,saba goglichidze,0,0,0,0,0,0,0,1,0,0,0,1
Udinese,Bayo Youssouf,bayo youssouf,0,0,0,0,0,0,0,1,0,0,0,1
Udinese,Jakub Piotrowski,jakub piotrowski,0,0,0,0,0,0,1,2,0,0,1,2
Udinese,Simone Pafundi,simone pafundi,0,0,0,0,0,0,0,1,0,0,0,1
Udinese,Oier Zarraga,oier zarraga,0,0,0,0,0,0,1,2,0,0,1,2
Udinese,Christian Kabasele,christian kabasele,0,0,0,0,0,0,1,1,0,0,1,1
Udinese,Lennon Miller,lennon miller,0,0,0,0,0,0,1,2,0,0,1,2
Udinese,Hassane Kamara,hassane kamara,0,0,0,0,0,0,1,1,0,0,1,1
Udinese,Alessandro Zanoli,alessandro zanoli,0,0,0,0,0,0,1,1,0,0,1,1
Udinese,Adam Buksa,adam buksa,0,0,0,0,0,0,2,2,0,0,2,2
Udinese,Nicolò Zaniolo,nicolo zaniolo,0,0,0,0,0,0,2,2,0,0,2,2
Udinese,Jurgen Ekkelenkamp,jurgen ekkelenkamp,0,0,0,0,0,0,0,2,0,0,0,2
Udinese,Idrissa Gueye,idrissa gueye,0,0,0,0,0,0,0,2,0,0,0,2
Udinese,Nicolò Bertola,nicolo bertola,0,0,0,0,0,0,1,1,0,0,1,1
