squad,player,norm_key,ucl_starts,ucl_apps,uel_starts,uel_apps,conf_starts,conf_apps,beker_starts,beker_apps,euro_starts,euro_apps,cup_starts,cup_apps
AZ Alkmaar,Sven Mijnans,sven mijnans,0,0,0,0,11,11,0,0,11,11,0,0
AZ Alkmaar,Alexandre Penetra,alexandre penetra,0,0,0,0,10,10,0,0,10,10,0,0
AZ Alkmaar,Wouter Goes,wouter goes,0,0,0,0,10,10,0,0,10,10,0,0
AZ Alkmaar,Peer Koopmeiners,peer koopmeiners,0,0,0,0,10,10,0,0,10,10,0,0
AZ Alkmaar,Mees De Wit,mees de wit,0,0,0,0,9,11,0,0,9,11,0,0
AZ Alkmaar,Troy Parrott,troy parrott,0,0,0,0,9,10,0,0,9,10,0,0
AZ Alkmaar,Rome-Jayden Owusu-Oduro,rome-jayden owusu-oduro,0,0,0,0,8,8,0,0,8,8,0,0
AZ Alkmaar,Weslley Patati,weslley patati,0,0,0,0,8,10,0,0,8,10,0,0
AZ Alkmaar,Kees Smit,kees smit,0,0,0,0,8,10,0,0,8,10,0,0
AZ Alkmaar,Isak Jensen,isak jensen,0,0,0,0,6,11,0,0,6,11,0,0
AZ Alkmaar,Ro-Zangelo Daal,ro-zangelo daal,0,0,0,0,5,9,0,0,5,9,0,0
AZ Alkmaar,Mateo Chávez,mateo chavez,0,0,0,0,5,7,0,0,5,7,0,0
AZ Alkmaar,Ibrahim Sadiq,ibrahim sadiq,0,0,0,0,5,9,0,0,5,9,0,0
AZ Alkmaar,Denso Kasius,denso kasius,0,0,0,0,4,4,0,0,4,4,0,0
AZ Alkmaar,Elijah Dijkstra,elijah dijkstra,0,0,0,0,4,10,0,0,4,10,0,0
AZ Alkmaar,Jeroen Zoet,jeroen zoet,0,0,0,0,4,4,0,0,4,4,0,0
AZ Alkmaar,Billy Van Duijl,billy van duijl,0,0,0,0,3,4,0,0,3,4,0,0
AZ Alkmaar,Dave Kwakman,dave kwakman,0,0,0,0,2,3,0,0,2,3,0,0
AZ Alkmaar,Mexx Meerdink,mexx meerdink,0,0,0,0,2,6,0,0,2,6,0,0
AZ Alkmaar,Maxim Dekker,maxim dekker,0,0,0,0,2,3,0,0,2,3,0,0
AZ Alkmaar,Kasper Boogaard,kasper boogaard,0,0,0,0,2,4,0,0,2,4,0,0
AZ Alkmaar,Seiya Maikuma,seiya maikuma,0,0,0,0,2,2,0,0,2,2,0,0
AZ Alkmaar,Matej Sin,matej sin,0,0,0,0,1,7,0,0,1,7,0,0
AZ Alkmaar,Wassim Bouziane,wassim bouziane,0,0,0,0,1,1,0,0,1,1,0,0
AZ Alkmaar,Rion Ichihara,rion ichihara,0,0,0,0,1,1,0,0,1,1,0,0
AZ Alkmaar,Lequincio Zeefuik,lequincio zeefuik,0,0,0,0,0,3,0,0,0,3,0,0
AZ Alkmaar,Ayoub Oufkir,ayoub oufkir,0,0,0,0,0,3,0,0,0,3,0,0
AZ Alkmaar,Rio Robbemond,rio robbemond,0,0,0,0,0,1,0,0,0,1,0,0
AZ Alkmaar,Mathijs Menu,mathijs menu,0,0,0,0,0,1,0,0,0,1,0,0
AZ Alkmaar,Bendegúz Kovács,bendeguz kovacs,0,0,0,0,0,1,0,0,0,1,0,0
Ajax,Youri Baas,youri baas,8,8,0,0,0,0,0,0,8,8,0,0
Ajax,Mika Godts,mika godts,7,8,0,0,0,0,0,0,7,8,0,0
Ajax,Vitezslav Jaros,vitezslav jaros,6,6,0,0,0,0,0,0,6,6,0,0
Ajax,Owen Wijndal,owen wijndal,6,6,0,0,0,0,0,0,6,6,0,0
Ajax,Youri Regeer,youri regeer,6,8,0,0,0,0,0,0,6,8,0,0
Ajax,Davy Klaassen,davy klaassen,6,8,0,0,0,0,0,0,6,8,0,0
Ajax,Oscar Gloukh,oscar gloukh,6,8,0,0,0,0,0,0,6,8,0,0
Ajax,Kou Itakura,kou itakura,5,6,0,0,0,0,0,0,5,6,0,0
Ajax,Anton Gaaei,anton gaaei,5,7,0,0,0,0,0,0,5,7,0,0
Ajax,Kenneth Taylor,kenneth taylor,4,4,0,0,0,0,0,0,4,4,0,0
Ajax,Wout Weghorst,wout weghorst,4,5,0,0,0,0,0,0,4,5,0,0
Ajax,Josip Sutalo,josip sutalo,4,6,0,0,0,0,0,0,4,6,0,0
Ajax,Kasper Dolberg,kasper dolberg,3,5,0,0,0,0,0,0,3,5,0,0
Ajax,Lucas Rosa,lucas rosa,3,3,0,0,0,0,0,0,3,3,0,0
Ajax,Jorthy Mokio,jorthy mokio,3,7,0,0,0,0,0,0,3,7,0,0
Ajax,Raúl Moro,raul moro,2,5,0,0,0,0,0,0,2,5,0,0
Ajax,Remko Pasveer,remko pasveer,2,2,0,0,0,0,0,0,2,2,0,0
Ajax,Aaron Bouwman,aaron bouwman,2,2,0,0,0,0,0,0,2,2,0,0
Ajax,Sean Steur,sean steur,2,3,0,0,0,0,0,0,2,3,0,0
Ajax,Oliver Edvardsen,oliver edvardsen,1,4,0,0,0,0,0,0,1,4,0,0
Ajax,James McConnell,james mcconnell,1,3,0,0,0,0,0,0,1,3,0,0
Ajax,Steven Berghuis,steven berghuis,1,1,0,0,0,0,0,0,1,1,0,0
Ajax,Rayane Bounida,rayane bounida,1,4,0,0,0,0,0,0,1,4,0,0
Ajax,Kian Fitz-Jim,kian fitz-jim,0,5,0,0,0,0,0,0,0,5,0,0
Ajax,Gerald Alders,gerald alders,0,1,0,0,0,0,0,0,0,1,0,0
Ajax,Don-Angelo Konadu,don-angelo konadu,0,1,0,0,0,0,0,0,0,1,0,0
Ajax,Pharell Nash,pharell nash,0,1,0,0,0,0,0,0,0,1,0,0
Feyenoord,Timon Wellenreuther,timon wellenreuther,0,0,8,8,0,0,0,0,8,8,0,0
Feyenoord,Anel Ahmedhodzic,anel ahmedhodzic,0,0,7,7,0,0,0,0,7,7,0,0
Feyenoord,Anis Hadj Moussa,anis hadj moussa,0,0,7,8,0,0,0,0,7,8,0,0
Feyenoord,Luciano Valente,luciano valente,0,0,7,8,0,0,0,0,7,8,0,0
Feyenoord,Gijs Smal,gijs smal,0,0,6,6,0,0,0,0,6,6,0,0
Feyenoord,Sem Steijn,sem steijn,0,0,5,5,0,0,0,0,5,5,0,0
Feyenoord,Ayase Ueda,ayase ueda,0,0,5,6,0,0,0,0,5,6,0,0
Feyenoord,Oussama Targhaline,oussama targhaline,0,0,4,7,0,0,0,0,4,7,0,0
Feyenoord,Gonçalo Borges,goncalo borges,0,0,4,5,0,0,0,0,4,5,0,0
Feyenoord,Tsuyoshi Watanabe,tsuyoshi watanabe,0,0,4,6,0,0,0,0,4,6,0,0
Feyenoord,Jordan Lotomba,jordan lotomba,0,0,4,5,0,0,0,0,4,5,0,0
Feyenoord,Quinten Timber,quinten timber,0,0,3,4,0,0,0,0,3,4,0,0
Feyenoord,Casper Tengstedt,casper tengstedt,0,0,3,3,0,0,0,0,3,3,0,0
Feyenoord,Givairo Read,givairo read,0,0,3,3,0,0,0,0,3,3,0,0
Feyenoord,Hwang In-Beom,hwang in-beom,0,0,3,4,0,0,0,0,3,4,0,0
Feyenoord,Leo Sauer,leo sauer,0,0,3,6,0,0,0,0,3,6,0,0
Feyenoord,Jordan Bos,jordan bos,0,0,3,5,0,0,0,0,3,5,0,0
Feyenoord,Cyle Larin,cyle larin,0,0,2,7,0,0,0,0,2,7,0,0
Feyenoord,Aymen Sliti,aymen sliti,0,0,2,3,0,0,0,0,2,3,0,0
Feyenoord,Malcolm Jeng,malcolm jeng,0,0,1,1,0,0,0,0,1,1,0,0
Feyenoord,Bart Nieuwkoop,bart nieuwkoop,0,0,1,6,0,0,0,0,1,6,0,0
Feyenoord,Gaoussou Diarra,gaoussou diarra,0,0,1,2,0,0,0,0,1,2,0,0
Feyenoord,Jan Plug,jan plug,0,0,1,3,0,0,0,0,1,3,0,0
Feyenoord,Thijs Kraaijeveld,thijs kraaijeveld,0,0,1,1,0,0,0,0,1,1,0,0
Feyenoord,Shaqueel Van Persie,shaqueel van persie,0,0,0,3,0,0,0,0,0,3,0,0
Feyenoord,Jakub Moder,jakub moder,0,0,0,1,0,0,0,0,0,1,0,0
Go Ahead Eagles,Jari De Busser,jari de busser,0,0,8,8,0,0,0,0,8,8,0,0
Go Ahead Eagles,Joris Kramer,joris kramer,0,0,8,8,0,0,0,0,8,8,0,0
Go Ahead Eagles,Dean James,dean james,0,0,8,8,0,0,0,0,8,8,0,0
Go Ahead Eagles,Melle Meulensteen,melle meulensteen,0,0,8,8,0,0,0,0,8,8,0,0
Go Ahead Eagles,Mathis Suray,mathis suray,0,0,8,8,0,0,0,0,8,8,0,0
Go Ahead Eagles,Mats Deijl,mats deijl,0,0,7,7,0,0,0,0,7,7,0,0
Go Ahead Eagles,Jakob Breum,jakob breum,0,0,5,6,0,0,0,0,5,6,0,0
Go Ahead Eagles,Evert Linthorst,evert linthorst,0,0,5,7,0,0,0,0,5,7,0,0
Go Ahead Eagles,Milan Smit,milan smit,0,0,5,6,0,0,0,0,5,6,0,0
Go Ahead Eagles,Kenzo Goudmijn,kenzo goudmijn,0,0,4,5,0,0,0,0,4,5,0,0
Go Ahead Eagles,Gerrit Nauber,gerrit nauber,0,0,3,3,0,0,0,0,3,3,0,0
Go Ahead Eagles,Victor Edvardsen,victor edvardsen,0,0,3,5,0,0,0,0,3,5,0,0
Go Ahead Eagles,Calvin Twigt,calvin twigt,0,0,3,7,0,0,0,0,3,7,0,0
Go Ahead Eagles,Richonell Margaret,richonell margaret,0,0,3,6,0,0,0,0,3,6,0,0
Go Ahead Eagles,Yassir Rahmouni,yassir rahmouni,0,0,3,4,0,0,0,0,3,4,0,0
Go Ahead Eagles,Aske Adelgaard,aske adelgaard,0,0,2,6,0,0,0,0,2,6,0,0
Go Ahead Eagles,Giovanni van Zwam,giovanni van zwam,0,0,2,5,0,0,0,0,2,5,0,0
Go Ahead Eagles,Oskar Siira Sivertsen,oskar siira sivertsen,0,0,2,4,0,0,0,0,2,4,0,0
Go Ahead Eagles,Julius Dirksen,julius dirksen,0,0,1,4,0,0,0,0,1,4,0,0
Go Ahead Eagles,Finn Stokkers,finn stokkers,0,0,0,6,0,0,0,0,0,6,0,0
Go Ahead Eagles,Robbin Weijenberg,robbin weijenberg,0,0,0,2,0,0,0,0,0,2,0,0
Go Ahead Eagles,Oscar Pettersson,oscar pettersson,0,0,0,1,0,0,0,0,0,1,0,0
Go Ahead Eagles,Ofosu Boakye,ofosu boakye,0,0,0,1,0,0,0,0,0,1,0,0
PSV,Matej Kovár,matej kovar,8,8,0,0,0,0,0,0,8,8,0,0
PSV,Joey Veerman,joey veerman,8,8,0,0,0,0,0,0,8,8,0,0
PSV,Jerdy Schouten,jerdy schouten,8,8,0,0,0,0,0,0,8,8,0,0
PSV,Yarek Gasiorowski,yarek gasiorowski,7,7,0,0,0,0,0,0,7,7,0,0
PSV,Ismael Saibari,ismael saibari,7,7,0,0,0,0,0,0,7,7,0,0
PSV,Ivan Perisic,ivan perisic,7,8,0,0,0,0,0,0,7,8,0,0
PSV,Guus Til,guus til,7,8,0,0,0,0,0,0,7,8,0,0
PSV,Mauro Júnior,mauro junior,7,7,0,0,0,0,0,0,7,7,0,0
PSV,Dennis Man,dennis man,6,8,0,0,0,0,0,0,6,8,0,0
PSV,Anass Salah-Eddine,anass salah-eddine,6,7,0,0,0,0,0,0,6,7,0,0
PSV,Sergiño Dest,sergino dest,5,6,0,0,0,0,0,0,5,6,0,0
PSV,Armando Obispo,armando obispo,3,6,0,0,0,0,0,0,3,6,0,0
PSV,Paul Wanner,paul wanner,3,6,0,0,0,0,0,0,3,6,0,0
PSV,Ryan Flamingo,ryan flamingo,2,4,0,0,0,0,0,0,2,4,0,0
PSV,Ricardo Pepi,ricardo pepi,1,5,0,0,0,0,0,0,1,5,0,0
PSV,Ruben Van Bommel,ruben van bommel,1,1,0,0,0,0,0,0,1,1,0,0
PSV,Couhaib Driouech,couhaib driouech,1,7,0,0,0,0,0,0,1,7,0,0
PSV,Kiliann Sildillia,kiliann sildillia,1,1,0,0,0,0,0,0,1,1,0,0
PSV,Myron Boadu,myron boadu,0,2,0,0,0,0,0,0,0,2,0,0
PSV,Esmir Bajraktarevic,esmir bajraktarevic,0,4,0,0,0,0,0,0,0,4,0,0
PSV,Noah Fernandez,noah fernandez,0,1,0,0,0,0,0,0,0,1,0,0
Sparta R.,Jaroslav Zelený,jaroslav zeleny,0,0,0,0,7,7,0,0,7,7,0,0
Sparta R.,Adam Sevinsky,adam sevinsky,0,0,0,0,7,7,0,0,7,7,0,0
Sparta R.,Henry Bonello,henry bonello,0,0,0,0,6,6,0,0,6,6,0,0
Sparta R.,Ognjen Bjelicic,ognjen bjelicic,0,0,0,0,6,6,0,0,6,6,0,0
Sparta R.,Rafael Compri,rafael compri,0,0,0,0,6,6,0,0,6,6,0,0
Sparta R.,N'Dri Koffi,n'dri koffi,0,0,0,0,6,6,0,0,6,6,0,0
Sparta R.,Peter Vindahl Jensen,peter vindahl jensen,0,0,0,0,6,6,0,0,6,6,0,0
Sparta R.,Albion Rrahmani,albion rrahmani,0,0,0,0,6,7,0,0,6,7,0,0
Sparta R.,Vincenzo Polito,vincenzo polito,0,0,0,0,5,5,0,0,5,5,0,0
Sparta R.,Ryan Camenzuli,ryan camenzuli,0,0,0,0,5,5,0,0,5,5,0,0
Sparta R.,Joseph Mbong,joseph mbong,0,0,0,0,5,5,0,0,5,5,0,0
Sparta R.,Pavel Kaderábek,pavel kaderabek,0,0,0,0,5,6,0,0,5,6,0,0
Sparta R.,Patrik Vydra,patrik vydra,0,0,0,0,5,6,0,0,5,6,0,0
Sparta R.,Marcelina Emerson,marcelina emerson,0,0,0,0,5,5,0,0,5,5,0,0
Sparta R.,Kaan Kairinen,kaan kairinen,0,0,0,0,5,6,0,0,5,6,0,0
Sparta R.,Ante Coric,ante coric,0,0,0,0,4,6,0,0,4,6,0,0
Sparta R.,Saliou Thioune,saliou thioune,0,0,0,0,4,5,0,0,4,5,0,0
Sparta R.,Asger Sørensen,asger sorensen,0,0,0,0,4,4,0,0,4,4,0,0
Sparta R.,Sivert Mannsverk,sivert mannsverk,0,0,0,0,4,5,0,0,4,5,0,0
Sparta R.,Veljko Birmancevic,veljko birmancevic,0,0,0,0,4,6,0,0,4,6,0,0
Sparta R.,Lukás Haraslín,lukas haraslin,0,0,0,0,4,7,0,0,4,7,0,0
Sparta R.,John Mercado,john mercado,0,0,0,0,4,7,0,0,4,7,0,0
Sparta R.,Matias Garcia,matias garcia,0,0,0,0,4,4,0,0,4,4,0,0
Sparta R.,Eder,eder,0,0,0,0,3,5,0,0,3,5,0,0
Sparta R.,Jan Kuchta,jan kuchta,0,0,0,0,3,8,0,0,3,8,0,0
Sparta R.,Ángelo Preciado,angelo preciado,0,0,0,0,3,4,0,0,3,4,0,0
Sparta R.,Matej Rynes,matej rynes,0,0,0,0,3,5,0,0,3,5,0,0
Sparta R.,Semir Smajlagic,semir smajlagic,0,0,0,0,2,5,0,0,2,5,0,0
Sparta R.,Martin Suchomel,martin suchomel,0,0,0,0,2,3,0,0,2,3,0,0
Sparta R.,Uchenna Aririerisim,uchenna aririerisim,0,0,0,0,2,4,0,0,2,4,0,0
Sparta R.,Jakub Surovcik,jakub surovcik,0,0,0,0,2,2,0,0,2,2,0,0
Sparta R.,Andrew Irving,andrew irving,0,0,0,0,2,2,0,0,2,2,0,0
Sparta R.,Oliver Sonne,oliver sonne,0,0,0,0,2,2,0,0,2,2,0,0
Sparta R.,Matyás Vojta,matyas vojta,0,0,0,0,2,2,0,0,2,2,0,0
Sparta R.,Domantas Simkus,domantas simkus,0,0,0,0,1,3,0,0,1,3,0,0
Sparta R.,Jovan Cadjenovic,jovan cadjenovic,0,0,0,0,1,6,0,0,1,6,0,0
Sparta R.,Mouad El Fanis,mouad el fanis,0,0,0,0,1,5,0,0,1,5,0,0
Sparta R.,Lukas Sadilek,lukas sadilek,0,0,0,0,1,2,0,0,1,2,0,0
Sparta R.,Santiago Eneme,santiago eneme,0,0,0,0,1,6,0,0,1,6,0,0
Sparta R.,Garang Kuol,garang kuol,0,0,0,0,1,6,0,0,1,6,0,0
Sparta R.,Merlin Hadzi,merlin hadzi,0,0,0,0,1,1,0,0,1,1,0,0
Sparta R.,Kevin-Prince Milla,kevin-prince milla,0,0,0,0,1,2,0,0,1,2,0,0
Sparta R.,Nikolai Micallef,nikolai micallef,0,0,0,0,1,1,0,0,1,1,0,0
Sparta R.,Filip Panak,filip panak,0,0,0,0,1,2,0,0,1,2,0,0
Sparta R.,Hugo Sochurek,hugo sochurek,0,0,0,0,1,1,0,0,1,1,0,0
Sparta R.,Stijn Meijer,stijn meijer,0,0,0,0,0,4,0,0,0,4,0,0
Sparta R.,Shaisen Attard,shaisen attard,0,0,0,0,0,2,0,0,0,2,0,0
Sparta R.,Sven Xerri,sven xerri,0,0,0,0,0,3,0,0,0,3,0,0
Utrecht,Miguel Rodríguez,miguel rodriguez,0,0,8,8,0,0,0,0,8,8,0,0
Utrecht,Alonzo Engwanda,alonzo engwanda,0,0,8,8,0,0,0,0,8,8,0,0
Utrecht,Vasilios Barkas,vasilios barkas,0,0,6,6,0,0,0,0,6,6,0,0
Utrecht,Nick Viergever,nick viergever,0,0,6,7,0,0,0,0,6,7,0,0
Utrecht,Souffian El Karouani,souffian el karouani,0,0,6,8,0,0,0,0,6,8,0,0
Utrecht,Siebe Horemans,siebe horemans,0,0,6,6,0,0,0,0,6,6,0,0
Utrecht,Gjivai Zechiël,gjivai zechiel,0,0,6,7,0,0,0,0,6,7,0,0
Utrecht,Mike van der Hoorn,mike van der hoorn,0,0,5,7,0,0,0,0,5,7,0,0
Utrecht,Sébastien Haller,sebastien haller,0,0,5,7,0,0,0,0,5,7,0,0
Utrecht,Dani de Wit,dani de wit,0,0,5,6,0,0,0,0,5,6,0,0
Utrecht,Derry John Murkin,derry john murkin,0,0,4,7,0,0,0,0,4,7,0,0
Utrecht,Yoann Cathline,yoann cathline,0,0,4,5,0,0,0,0,4,5,0,0
Utrecht,Niklas Vesterlund,niklas vesterlund,0,0,3,4,0,0,0,0,3,4,0,0
Utrecht,Adrian Blake,adrian blake,0,0,3,7,0,0,0,0,3,7,0,0
Utrecht,Can Bozdogan,can bozdogan,0,0,3,5,0,0,0,0,3,5,0,0
Utrecht,Matisse Didden,matisse didden,0,0,3,4,0,0,0,0,3,4,0,0
Utrecht,Mike Eerdhuijzen,mike eerdhuijzen,0,0,2,3,0,0,0,0,2,3,0,0
Utrecht,David Min,david min,0,0,2,5,0,0,0,0,2,5,0,0
Utrecht,Michael Brouwer,michael brouwer,0,0,2,3,0,0,0,0,2,3,0,0
Utrecht,Zidane Iqbal,zidane iqbal,0,0,1,2,0,0,0,0,1,2,0,0
Utrecht,Miliano Jonathans,miliano jonathans,0,0,0,2,0,0,0,0,0,2,0,0
Utrecht,Davy van den Berg,davy van den berg,0,0,0,3,0,0,0,0,0,3,0,0
Utrecht,Jaygo Van Ommeren,jaygo van ommeren,0,0,0,1,0,0,0,0,0,1,0,0
Utrecht,Bjorn Menzo,bjorn menzo,0,0,0,2,0,0,0,0,0,2,0,0
Utrecht,Rafik El Arguioui,rafik el arguioui,0,0,0,2,0,0,0,0,0,2,0,0
