squad,comp,comp_code,date,home_away,opponent,gf,ga,score,result,status,event_id
Alverca,리그,por.1,2026-08-09,A,Porto,0,0,0-0,,scheduled,401885487
Alverca,리그,por.1,2026-08-15,H,Estrela,0,0,0-0,,scheduled,401885482
Alverca,리그,por.1,2026-08-23,A,Sporting CP,0,0,0-0,,scheduled,401885467
Alverca,리그,por.1,2026-08-30,H,Santa Clara,0,0,0-0,,scheduled,401885464
Alverca,리그,por.1,2026-09-06,H,Braga,0,0,0-0,,scheduled,401885456
Alverca,리그,por.1,2026-09-13,A,Nacional,0,0,0-0,,scheduled,401885441
Alverca,리그,por.1,2026-09-20,H,Rio Ave,0,0,0-0,,scheduled,401885438
Alverca,리그,por.1,2026-10-11,A,Famalicão,0,0,0-0,,scheduled,401885425
Alverca,리그,por.1,2026-10-25,H,Arouca,0,0,0-0,,scheduled,401885420
Alverca,리그,por.1,2026-11-01,A,Benfica,0,0,0-0,,scheduled,401885403
Alverca,리그,por.1,2026-11-08,H,Casa Pia,0,0,0-0,,scheduled,401885402
Alverca,리그,por.1,2026-11-29,A,Académico de Viseu,0,0,0-0,,scheduled,401885393
Alverca,리그,por.1,2026-12-06,H,Moreirense,0,0,0-0,,scheduled,401885384
Alverca,리그,por.1,2026-12-13,A,Vit. Guimarães,0,0,0-0,,scheduled,401885367
Alverca,리그,por.1,2026-12-20,H,Gil Vicente FC,0,0,0-0,,scheduled,401885366
Alverca,리그,por.1,2026-12-27,A,Estoril,0,0,0-0,,scheduled,401885356
Alverca,리그,por.1,2027-01-10,H,Maritimo,0,0,0-0,,scheduled,401885347
Alverca,리그,por.1,2027-01-17,H,Porto,0,0,0-0,,scheduled,401885334
Alverca,리그,por.1,2027-01-24,A,Estrela,0,0,0-0,,scheduled,401885329
Alverca,리그,por.1,2027-01-31,H,Sporting CP,0,0,0-0,,scheduled,401885314
Alverca,리그,por.1,2027-02-07,A,Santa Clara,0,0,0-0,,scheduled,401885311
Alverca,리그,por.1,2027-02-14,A,Braga,0,0,0-0,,scheduled,401885303
Alverca,리그,por.1,2027-02-21,H,Nacional,0,0,0-0,,scheduled,401885288
Alverca,리그,por.1,2027-02-28,A,Rio Ave,0,0,0-0,,scheduled,401885285
Alverca,리그,por.1,2027-03-07,H,Famalicão,0,0,0-0,,scheduled,401885272
Alverca,리그,por.1,2027-03-14,A,Arouca,0,0,0-0,,scheduled,401885267
Alverca,리그,por.1,2027-03-21,H,Benfica,0,0,0-0,,scheduled,401885250
Alverca,리그,por.1,2027-04-04,A,Casa Pia,0,0,0-0,,scheduled,401885249
Alverca,리그,por.1,2027-04-11,H,Académico de Viseu,0,0,0-0,,scheduled,401885240
Alverca,리그,por.1,2027-04-18,A,Moreirense,0,0,0-0,,scheduled,401885231
Alverca,리그,por.1,2027-04-25,H,Vit. Guimarães,0,0,0-0,,scheduled,401884847
Alverca,리그,por.1,2027-05-02,A,Gil Vicente FC,0,0,0-0,,scheduled,401884846
Alverca,리그,por.1,2027-05-09,H,Estoril,0,0,0-0,,scheduled,401884836
Alverca,리그,por.1,2027-05-16,A,Maritimo,0,0,0-0,,scheduled,401884827
Arouca,리그,por.1,2026-08-08,A,Vit. Guimarães,0,0,0-0,,scheduled,401885484
Arouca,리그,por.1,2026-08-17,H,Moreirense,0,0,0-0,,scheduled,401885481
Arouca,리그,por.1,2026-08-23,A,Porto,0,0,0-0,,scheduled,401885469
Arouca,리그,por.1,2026-08-30,H,Maritimo,0,0,0-0,,scheduled,401885463
Arouca,리그,por.1,2026-09-06,A,Estoril,0,0,0-0,,scheduled,401885454
Arouca,리그,por.1,2026-09-13,H,Santa Clara,0,0,0-0,,scheduled,401885446
Arouca,리그,por.1,2026-09-20,A,Sporting CP,0,0,0-0,,scheduled,401885431
Arouca,리그,por.1,2026-10-11,H,Estrela,0,0,0-0,,scheduled,401885428
Arouca,리그,por.1,2026-10-25,A,Alverca,0,0,0-0,,scheduled,401885420
Arouca,리그,por.1,2026-11-01,H,Nacional,0,0,0-0,,scheduled,401885410
Arouca,리그,por.1,2026-11-08,A,Famalicão,0,0,0-0,,scheduled,401885399
Arouca,리그,por.1,2026-11-29,H,Rio Ave,0,0,0-0,,scheduled,401885392
Arouca,리그,por.1,2026-12-06,A,Braga,0,0,0-0,,scheduled,401885382
Arouca,리그,por.1,2026-12-13,A,Académico de Viseu,0,0,0-0,,scheduled,401885375
Arouca,리그,por.1,2026-12-20,H,Casa Pia,0,0,0-0,,scheduled,401885364
Arouca,리그,por.1,2026-12-27,A,Gil Vicente FC,0,0,0-0,,scheduled,401885355
Arouca,리그,por.1,2027-01-10,H,Benfica,0,0,0-0,,scheduled,401885345
Arouca,리그,por.1,2027-01-17,H,Vit. Guimarães,0,0,0-0,,scheduled,401885331
Arouca,리그,por.1,2027-01-24,A,Moreirense,0,0,0-0,,scheduled,401885328
Arouca,리그,por.1,2027-01-31,H,Porto,0,0,0-0,,scheduled,401885316
Arouca,리그,por.1,2027-02-07,A,Maritimo,0,0,0-0,,scheduled,401885310
Arouca,리그,por.1,2027-02-14,H,Estoril,0,0,0-0,,scheduled,401885301
Arouca,리그,por.1,2027-02-21,A,Santa Clara,0,0,0-0,,scheduled,401885293
Arouca,리그,por.1,2027-02-28,H,Sporting CP,0,0,0-0,,scheduled,401885278
Arouca,리그,por.1,2027-03-07,A,Estrela,0,0,0-0,,scheduled,401885275
Arouca,리그,por.1,2027-03-14,H,Alverca,0,0,0-0,,scheduled,401885267
Arouca,리그,por.1,2027-03-21,A,Nacional,0,0,0-0,,scheduled,401885257
Arouca,리그,por.1,2027-04-04,H,Famalicão,0,0,0-0,,scheduled,401885246
Arouca,리그,por.1,2027-04-11,A,Rio Ave,0,0,0-0,,scheduled,401885239
Arouca,리그,por.1,2027-04-18,H,Braga,0,0,0-0,,scheduled,401885229
Arouca,리그,por.1,2027-04-25,H,Académico de Viseu,0,0,0-0,,scheduled,401885222
Arouca,리그,por.1,2027-05-02,A,Casa Pia,0,0,0-0,,scheduled,401884844
Arouca,리그,por.1,2027-05-09,H,Gil Vicente FC,0,0,0-0,,scheduled,401884835
Arouca,리그,por.1,2027-05-16,A,Benfica,0,0,0-0,,scheduled,401884825
Benfica,리그,por.1,2026-08-09,H,Académico de Viseu,0,0,0-0,,scheduled,401885485
Benfica,리그,por.1,2026-08-16,A,Casa Pia,0,0,0-0,,scheduled,401885479
Benfica,리그,por.1,2026-08-23,A,Moreirense,0,0,0-0,,scheduled,401885470
Benfica,리그,por.1,2026-08-30,H,Estoril,0,0,0-0,,scheduled,401885457
Benfica,리그,por.1,2026-09-06,A,Maritimo,0,0,0-0,,scheduled,401885452
Benfica,리그,por.1,2026-09-13,H,Gil Vicente FC,0,0,0-0,,scheduled,401885439
Benfica,리그,por.1,2026-09-20,A,Porto,0,0,0-0,,scheduled,401885433
Benfica,리그,por.1,2026-10-11,H,Vit. Guimarães,0,0,0-0,,scheduled,401885421
Benfica,리그,por.1,2026-10-25,A,Santa Clara,0,0,0-0,,scheduled,401885414
Benfica,리그,por.1,2026-11-01,H,Alverca,0,0,0-0,,scheduled,401885403
Benfica,리그,por.1,2026-11-08,A,Estrela,0,0,0-0,,scheduled,401885401
Benfica,리그,por.1,2026-11-29,H,Famalicão,0,0,0-0,,scheduled,401885386
Benfica,리그,por.1,2026-12-06,A,Nacional,0,0,0-0,,scheduled,401885379
Benfica,리그,por.1,2026-12-13,H,Braga,0,0,0-0,,scheduled,401885368
Benfica,리그,por.1,2026-12-20,A,Rio Ave,0,0,0-0,,scheduled,401885360
Benfica,리그,por.1,2026-12-27,H,Sporting CP,0,0,0-0,,scheduled,401885350
Benfica,리그,por.1,2027-01-10,A,Arouca,0,0,0-0,,scheduled,401885345
Benfica,리그,por.1,2027-01-17,A,Académico de Viseu,0,0,0-0,,scheduled,401885332
Benfica,리그,por.1,2027-01-24,H,Casa Pia,0,0,0-0,,scheduled,401885326
Benfica,리그,por.1,2027-01-31,H,Moreirense,0,0,0-0,,scheduled,401885317
Benfica,리그,por.1,2027-02-07,A,Estoril,0,0,0-0,,scheduled,401885304
Benfica,리그,por.1,2027-02-14,H,Maritimo,0,0,0-0,,scheduled,401885299
Benfica,리그,por.1,2027-02-21,A,Gil Vicente FC,0,0,0-0,,scheduled,401885286
Benfica,리그,por.1,2027-02-28,H,Porto,0,0,0-0,,scheduled,401885280
Benfica,리그,por.1,2027-03-07,A,Vit. Guimarães,0,0,0-0,,scheduled,401885268
Benfica,리그,por.1,2027-03-14,H,Santa Clara,0,0,0-0,,scheduled,401885261
Benfica,리그,por.1,2027-03-21,A,Alverca,0,0,0-0,,scheduled,401885250
Benfica,리그,por.1,2027-04-04,H,Estrela,0,0,0-0,,scheduled,401885248
Benfica,리그,por.1,2027-04-11,A,Famalicão,0,0,0-0,,scheduled,401885233
Benfica,리그,por.1,2027-04-18,H,Nacional,0,0,0-0,,scheduled,401885226
Benfica,리그,por.1,2027-04-25,A,Braga,0,0,0-0,,scheduled,401884848
Benfica,리그,por.1,2027-05-02,H,Rio Ave,0,0,0-0,,scheduled,401884840
Benfica,리그,por.1,2027-05-09,A,Sporting CP,0,0,0-0,,scheduled,401884830
Benfica,리그,por.1,2027-05-16,H,Arouca,0,0,0-0,,scheduled,401884825
Braga,리그,por.1,2026-08-09,A,Moreirense,0,0,0-0,,scheduled,401885488
Braga,리그,por.1,2026-08-16,H,Gil Vicente FC,0,0,0-0,,scheduled,401885480
Braga,리그,por.1,2026-08-23,A,Estrela,0,0,0-0,,scheduled,401885474
Braga,리그,por.1,2026-08-30,H,Vit. Guimarães,0,0,0-0,,scheduled,401885462
Braga,리그,por.1,2026-09-06,A,Alverca,0,0,0-0,,scheduled,401885456
Braga,리그,por.1,2026-09-13,H,Estoril,0,0,0-0,,scheduled,401885445
Braga,리그,por.1,2026-09-20,A,Santa Clara,0,0,0-0,,scheduled,401885432
Braga,리그,por.1,2026-10-11,H,Sporting CP,0,0,0-0,,scheduled,401885427
Braga,리그,por.1,2026-10-25,A,Nacional,0,0,0-0,,scheduled,401885416
Braga,리그,por.1,2026-11-01,H,Famalicão,0,0,0-0,,scheduled,401885409
Braga,리그,por.1,2026-11-08,A,Rio Ave,0,0,0-0,,scheduled,401885397
Braga,리그,por.1,2026-11-29,A,Casa Pia,0,0,0-0,,scheduled,401885391
Braga,리그,por.1,2026-12-06,H,Arouca,0,0,0-0,,scheduled,401885382
Braga,리그,por.1,2026-12-13,A,Benfica,0,0,0-0,,scheduled,401885368
Braga,리그,por.1,2026-12-20,H,Académico de Viseu,0,0,0-0,,scheduled,401885363
Braga,리그,por.1,2026-12-27,A,Maritimo,0,0,0-0,,scheduled,401885354
Braga,리그,por.1,2027-01-10,H,Porto,0,0,0-0,,scheduled,401885344
Braga,리그,por.1,2027-01-17,H,Moreirense,0,0,0-0,,scheduled,401885335
Braga,리그,por.1,2027-01-24,A,Gil Vicente FC,0,0,0-0,,scheduled,401885327
Braga,리그,por.1,2027-01-31,H,Estrela,0,0,0-0,,scheduled,401885321
Braga,리그,por.1,2027-02-07,A,Vit. Guimarães,0,0,0-0,,scheduled,401885309
Braga,리그,por.1,2027-02-14,H,Alverca,0,0,0-0,,scheduled,401885303
Braga,리그,por.1,2027-02-21,A,Estoril,0,0,0-0,,scheduled,401885292
Braga,리그,por.1,2027-02-28,H,Santa Clara,0,0,0-0,,scheduled,401885279
Braga,리그,por.1,2027-03-07,A,Sporting CP,0,0,0-0,,scheduled,401885274
Braga,리그,por.1,2027-03-14,H,Nacional,0,0,0-0,,scheduled,401885263
Braga,리그,por.1,2027-03-21,A,Famalicão,0,0,0-0,,scheduled,401885256
Braga,리그,por.1,2027-04-04,H,Rio Ave,0,0,0-0,,scheduled,401885244
Braga,리그,por.1,2027-04-11,H,Casa Pia,0,0,0-0,,scheduled,401885238
Braga,리그,por.1,2027-04-18,A,Arouca,0,0,0-0,,scheduled,401885229
Braga,리그,por.1,2027-04-25,H,Benfica,0,0,0-0,,scheduled,401884848
Braga,리그,por.1,2027-05-02,A,Académico de Viseu,0,0,0-0,,scheduled,401884843
Braga,리그,por.1,2027-05-09,H,Maritimo,0,0,0-0,,scheduled,401884834
Braga,리그,por.1,2027-05-16,A,Porto,0,0,0-0,,scheduled,401884824
Casa Pia,리그,por.1,2026-08-08,A,Maritimo,0,0,0-0,,scheduled,401885489
Casa Pia,리그,por.1,2026-08-16,H,Benfica,0,0,0-0,,scheduled,401885479
Casa Pia,리그,por.1,2026-08-23,A,Gil Vicente FC,0,0,0-0,,scheduled,401885472
Casa Pia,리그,por.1,2026-08-30,H,Moreirense,0,0,0-0,,scheduled,401885461
Casa Pia,리그,por.1,2026-09-06,A,Vit. Guimarães,0,0,0-0,,scheduled,401885448
Casa Pia,리그,por.1,2026-09-13,H,Porto,0,0,0-0,,scheduled,401885444
Casa Pia,리그,por.1,2026-09-20,A,Estoril,0,0,0-0,,scheduled,401885436
Casa Pia,리그,por.1,2026-10-11,H,Santa Clara,0,0,0-0,,scheduled,401885426
Casa Pia,리그,por.1,2026-10-25,A,Estrela,0,0,0-0,,scheduled,401885419
Casa Pia,리그,por.1,2026-11-01,H,Sporting CP,0,0,0-0,,scheduled,401885408
Casa Pia,리그,por.1,2026-11-08,A,Alverca,0,0,0-0,,scheduled,401885402
Casa Pia,리그,por.1,2026-11-29,H,Braga,0,0,0-0,,scheduled,401885391
Casa Pia,리그,por.1,2026-12-06,A,Rio Ave,0,0,0-0,,scheduled,401885378
Casa Pia,리그,por.1,2026-12-13,H,Nacional,0,0,0-0,,scheduled,401885374
Casa Pia,리그,por.1,2026-12-20,A,Arouca,0,0,0-0,,scheduled,401885364
Casa Pia,리그,por.1,2026-12-27,H,Famalicão,0,0,0-0,,scheduled,401885357
Casa Pia,리그,por.1,2027-01-10,A,Académico de Viseu,0,0,0-0,,scheduled,401885348
Casa Pia,리그,por.1,2027-01-17,H,Maritimo,0,0,0-0,,scheduled,401885336
Casa Pia,리그,por.1,2027-01-24,A,Benfica,0,0,0-0,,scheduled,401885326
Casa Pia,리그,por.1,2027-01-31,H,Gil Vicente FC,0,0,0-0,,scheduled,401885319
Casa Pia,리그,por.1,2027-02-07,A,Moreirense,0,0,0-0,,scheduled,401885308
Casa Pia,리그,por.1,2027-02-14,H,Vit. Guimarães,0,0,0-0,,scheduled,401885295
Casa Pia,리그,por.1,2027-02-21,A,Porto,0,0,0-0,,scheduled,401885291
Casa Pia,리그,por.1,2027-02-28,H,Estoril,0,0,0-0,,scheduled,401885283
Casa Pia,리그,por.1,2027-03-07,A,Santa Clara,0,0,0-0,,scheduled,401885273
Casa Pia,리그,por.1,2027-03-14,H,Estrela,0,0,0-0,,scheduled,401885266
Casa Pia,리그,por.1,2027-03-21,A,Sporting CP,0,0,0-0,,scheduled,401885255
Casa Pia,리그,por.1,2027-04-04,H,Alverca,0,0,0-0,,scheduled,401885249
Casa Pia,리그,por.1,2027-04-11,A,Braga,0,0,0-0,,scheduled,401885238
Casa Pia,리그,por.1,2027-04-18,H,Rio Ave,0,0,0-0,,scheduled,401885225
Casa Pia,리그,por.1,2027-04-25,A,Nacional,0,0,0-0,,scheduled,401885221
Casa Pia,리그,por.1,2027-05-02,H,Arouca,0,0,0-0,,scheduled,401884844
Casa Pia,리그,por.1,2027-05-09,A,Famalicão,0,0,0-0,,scheduled,401884837
Casa Pia,리그,por.1,2027-05-16,H,Académico de Viseu,0,0,0-0,,scheduled,401884828
Estoril,리그,por.1,2026-08-07,H,Famalicão,0,0,0-0,,scheduled,401885491
Estoril,리그,por.1,2026-08-16,A,Nacional,0,0,0-0,,scheduled,401885477
Estoril,리그,por.1,2026-08-23,H,Rio Ave,0,0,0-0,,scheduled,401885473
Estoril,리그,por.1,2026-08-30,A,Benfica,0,0,0-0,,scheduled,401885457
Estoril,리그,por.1,2026-09-06,H,Arouca,0,0,0-0,,scheduled,401885454
Estoril,리그,por.1,2026-09-13,A,Braga,0,0,0-0,,scheduled,401885445
Estoril,리그,por.1,2026-09-20,H,Casa Pia,0,0,0-0,,scheduled,401885436
Estoril,리그,por.1,2026-10-11,A,Académico de Viseu,0,0,0-0,,scheduled,401885429
Estoril,리그,por.1,2026-10-25,H,Moreirense,0,0,0-0,,scheduled,401885418
Estoril,리그,por.1,2026-11-01,A,Porto,0,0,0-0,,scheduled,401885404
Estoril,리그,por.1,2026-11-08,H,Maritimo,0,0,0-0,,scheduled,401885400
Estoril,리그,por.1,2026-11-29,A,Gil Vicente FC,0,0,0-0,,scheduled,401885390
Estoril,리그,por.1,2026-12-06,H,Vit. Guimarães,0,0,0-0,,scheduled,401885381
Estoril,리그,por.1,2026-12-13,H,Santa Clara,0,0,0-0,,scheduled,401885373
Estoril,리그,por.1,2026-12-20,A,Sporting CP,0,0,0-0,,scheduled,401885358
Estoril,리그,por.1,2026-12-27,H,Alverca,0,0,0-0,,scheduled,401885356
Estoril,리그,por.1,2027-01-10,A,Estrela,0,0,0-0,,scheduled,401885346
Estoril,리그,por.1,2027-01-17,A,Famalicão,0,0,0-0,,scheduled,401885338
Estoril,리그,por.1,2027-01-24,H,Nacional,0,0,0-0,,scheduled,401885324
Estoril,리그,por.1,2027-01-31,A,Rio Ave,0,0,0-0,,scheduled,401885320
Estoril,리그,por.1,2027-02-07,H,Benfica,0,0,0-0,,scheduled,401885304
Estoril,리그,por.1,2027-02-14,A,Arouca,0,0,0-0,,scheduled,401885301
Estoril,리그,por.1,2027-02-21,H,Braga,0,0,0-0,,scheduled,401885292
Estoril,리그,por.1,2027-02-28,A,Casa Pia,0,0,0-0,,scheduled,401885283
Estoril,리그,por.1,2027-03-07,H,Académico de Viseu,0,0,0-0,,scheduled,401885276
Estoril,리그,por.1,2027-03-14,A,Moreirense,0,0,0-0,,scheduled,401885265
Estoril,리그,por.1,2027-03-21,H,Porto,0,0,0-0,,scheduled,401885251
Estoril,리그,por.1,2027-04-04,A,Maritimo,0,0,0-0,,scheduled,401885247
Estoril,리그,por.1,2027-04-11,H,Gil Vicente FC,0,0,0-0,,scheduled,401885237
Estoril,리그,por.1,2027-04-18,A,Vit. Guimarães,0,0,0-0,,scheduled,401885228
Estoril,리그,por.1,2027-04-25,A,Santa Clara,0,0,0-0,,scheduled,401884853
Estoril,리그,por.1,2027-05-02,H,Sporting CP,0,0,0-0,,scheduled,401884838
Estoril,리그,por.1,2027-05-09,A,Alverca,0,0,0-0,,scheduled,401884836
Estoril,리그,por.1,2027-05-16,H,Estrela,0,0,0-0,,scheduled,401884826
Estrela,리그,por.1,2026-08-08,H,Sporting CP,0,0,0-0,,scheduled,401885492
Estrela,리그,por.1,2026-08-15,A,Alverca,0,0,0-0,,scheduled,401885482
Estrela,리그,por.1,2026-08-23,H,Braga,0,0,0-0,,scheduled,401885474
Estrela,리그,por.1,2026-08-30,A,Nacional,0,0,0-0,,scheduled,401885459
Estrela,리그,por.1,2026-09-06,H,Famalicão,0,0,0-0,,scheduled,401885455
Estrela,리그,por.1,2026-09-13,A,Rio Ave,0,0,0-0,,scheduled,401885440
Estrela,리그,por.1,2026-09-20,H,Académico de Viseu,0,0,0-0,,scheduled,401885437
Estrela,리그,por.1,2026-10-11,A,Arouca,0,0,0-0,,scheduled,401885428
Estrela,리그,por.1,2026-10-25,H,Casa Pia,0,0,0-0,,scheduled,401885419
Estrela,리그,por.1,2026-11-01,A,Moreirense,0,0,0-0,,scheduled,401885405
Estrela,리그,por.1,2026-11-08,H,Benfica,0,0,0-0,,scheduled,401885401
Estrela,리그,por.1,2026-11-29,A,Vit. Guimarães,0,0,0-0,,scheduled,401885385
Estrela,리그,por.1,2026-12-06,H,Gil Vicente FC,0,0,0-0,,scheduled,401885383
Estrela,리그,por.1,2026-12-13,A,Porto,0,0,0-0,,scheduled,401885369
Estrela,리그,por.1,2026-12-20,H,Maritimo,0,0,0-0,,scheduled,401885365
Estrela,리그,por.1,2026-12-27,A,Santa Clara,0,0,0-0,,scheduled,401885351
Estrela,리그,por.1,2027-01-10,H,Estoril,0,0,0-0,,scheduled,401885346
Estrela,리그,por.1,2027-01-17,A,Sporting CP,0,0,0-0,,scheduled,401885339
Estrela,리그,por.1,2027-01-24,H,Alverca,0,0,0-0,,scheduled,401885329
Estrela,리그,por.1,2027-01-31,A,Braga,0,0,0-0,,scheduled,401885321
Estrela,리그,por.1,2027-02-07,H,Nacional,0,0,0-0,,scheduled,401885306
Estrela,리그,por.1,2027-02-14,A,Famalicão,0,0,0-0,,scheduled,401885302
Estrela,리그,por.1,2027-02-21,H,Rio Ave,0,0,0-0,,scheduled,401885287
Estrela,리그,por.1,2027-02-28,A,Académico de Viseu,0,0,0-0,,scheduled,401885284
Estrela,리그,por.1,2027-03-07,H,Arouca,0,0,0-0,,scheduled,401885275
Estrela,리그,por.1,2027-03-14,A,Casa Pia,0,0,0-0,,scheduled,401885266
Estrela,리그,por.1,2027-03-21,H,Moreirense,0,0,0-0,,scheduled,401885252
Estrela,리그,por.1,2027-04-04,A,Benfica,0,0,0-0,,scheduled,401885248
Estrela,리그,por.1,2027-04-11,H,Vit. Guimarães,0,0,0-0,,scheduled,401885232
Estrela,리그,por.1,2027-04-18,A,Gil Vicente FC,0,0,0-0,,scheduled,401885230
Estrela,리그,por.1,2027-04-25,H,Porto,0,0,0-0,,scheduled,401884849
Estrela,리그,por.1,2027-05-02,A,Maritimo,0,0,0-0,,scheduled,401884845
Estrela,리그,por.1,2027-05-09,H,Santa Clara,0,0,0-0,,scheduled,401884831
Estrela,리그,por.1,2027-05-16,A,Estoril,0,0,0-0,,scheduled,401884826
Famalicão,리그,por.1,2026-08-07,A,Estoril,0,0,0-0,,scheduled,401885491
Famalicão,리그,por.1,2026-08-16,H,Maritimo,0,0,0-0,,scheduled,401885478
Famalicão,리그,por.1,2026-08-23,A,Santa Clara,0,0,0-0,,scheduled,401885468
Famalicão,리그,por.1,2026-08-30,H,Gil Vicente FC,0,0,0-0,,scheduled,401885460
Famalicão,리그,por.1,2026-09-06,A,Estrela,0,0,0-0,,scheduled,401885455
Famalicão,리그,por.1,2026-09-13,H,Sporting CP,0,0,0-0,,scheduled,401885443
Famalicão,리그,por.1,2026-09-20,A,Nacional,0,0,0-0,,scheduled,401885434
Famalicão,리그,por.1,2026-10-11,H,Alverca,0,0,0-0,,scheduled,401885425
Famalicão,리그,por.1,2026-10-25,A,Rio Ave,0,0,0-0,,scheduled,401885415
Famalicão,리그,por.1,2026-11-01,A,Braga,0,0,0-0,,scheduled,401885409
Famalicão,리그,por.1,2026-11-08,H,Arouca,0,0,0-0,,scheduled,401885399
Famalicão,리그,por.1,2026-11-29,A,Benfica,0,0,0-0,,scheduled,401885386
Famalicão,리그,por.1,2026-12-06,H,Académico de Viseu,0,0,0-0,,scheduled,401885380
Famalicão,리그,por.1,2026-12-13,A,Moreirense,0,0,0-0,,scheduled,401885370
Famalicão,리그,por.1,2026-12-20,H,Porto,0,0,0-0,,scheduled,401885362
Famalicão,리그,por.1,2026-12-27,A,Casa Pia,0,0,0-0,,scheduled,401885357
Famalicão,리그,por.1,2027-01-10,H,Vit. Guimarães,0,0,0-0,,scheduled,401885343
Famalicão,리그,por.1,2027-01-17,H,Estoril,0,0,0-0,,scheduled,401885338
Famalicão,리그,por.1,2027-01-24,A,Maritimo,0,0,0-0,,scheduled,401885325
Famalicão,리그,por.1,2027-01-31,H,Santa Clara,0,0,0-0,,scheduled,401885315
Famalicão,리그,por.1,2027-02-07,A,Gil Vicente FC,0,0,0-0,,scheduled,401885307
Famalicão,리그,por.1,2027-02-14,H,Estrela,0,0,0-0,,scheduled,401885302
Famalicão,리그,por.1,2027-02-21,A,Sporting CP,0,0,0-0,,scheduled,401885290
Famalicão,리그,por.1,2027-02-28,H,Nacional,0,0,0-0,,scheduled,401885281
Famalicão,리그,por.1,2027-03-07,A,Alverca,0,0,0-0,,scheduled,401885272
Famalicão,리그,por.1,2027-03-14,H,Rio Ave,0,0,0-0,,scheduled,401885262
Famalicão,리그,por.1,2027-03-21,H,Braga,0,0,0-0,,scheduled,401885256
Famalicão,리그,por.1,2027-04-04,A,Arouca,0,0,0-0,,scheduled,401885246
Famalicão,리그,por.1,2027-04-11,H,Benfica,0,0,0-0,,scheduled,401885233
Famalicão,리그,por.1,2027-04-18,A,Académico de Viseu,0,0,0-0,,scheduled,401885227
Famalicão,리그,por.1,2027-04-25,H,Moreirense,0,0,0-0,,scheduled,401884850
Famalicão,리그,por.1,2027-05-02,A,Porto,0,0,0-0,,scheduled,401884842
Famalicão,리그,por.1,2027-05-09,H,Casa Pia,0,0,0-0,,scheduled,401884837
Famalicão,리그,por.1,2027-05-16,A,Vit. Guimarães,0,0,0-0,,scheduled,401884823
Gil Vicente FC,리그,por.1,2026-08-09,H,Rio Ave,0,0,0-0,,scheduled,401885490
Gil Vicente FC,리그,por.1,2026-08-16,A,Braga,0,0,0-0,,scheduled,401885480
Gil Vicente FC,리그,por.1,2026-08-23,H,Casa Pia,0,0,0-0,,scheduled,401885472
Gil Vicente FC,리그,por.1,2026-08-30,A,Famalicão,0,0,0-0,,scheduled,401885460
Gil Vicente FC,리그,por.1,2026-09-06,H,Académico de Viseu,0,0,0-0,,scheduled,401885453
Gil Vicente FC,리그,por.1,2026-09-13,A,Benfica,0,0,0-0,,scheduled,401885439
Gil Vicente FC,리그,por.1,2026-09-20,H,Maritimo,0,0,0-0,,scheduled,401885435
Gil Vicente FC,리그,por.1,2026-10-11,A,Moreirense,0,0,0-0,,scheduled,401885423
Gil Vicente FC,리그,por.1,2026-10-25,H,Porto,0,0,0-0,,scheduled,401885417
Gil Vicente FC,리그,por.1,2026-11-01,H,Vit. Guimarães,0,0,0-0,,scheduled,401885407
Gil Vicente FC,리그,por.1,2026-11-08,A,Santa Clara,0,0,0-0,,scheduled,401885396
Gil Vicente FC,리그,por.1,2026-11-29,H,Estoril,0,0,0-0,,scheduled,401885390
Gil Vicente FC,리그,por.1,2026-12-06,A,Estrela,0,0,0-0,,scheduled,401885383
Gil Vicente FC,리그,por.1,2026-12-13,H,Sporting CP,0,0,0-0,,scheduled,401885372
Gil Vicente FC,리그,por.1,2026-12-20,A,Alverca,0,0,0-0,,scheduled,401885366
Gil Vicente FC,리그,por.1,2026-12-27,H,Arouca,0,0,0-0,,scheduled,401885355
Gil Vicente FC,리그,por.1,2027-01-10,A,Nacional,0,0,0-0,,scheduled,401885342
Gil Vicente FC,리그,por.1,2027-01-17,A,Rio Ave,0,0,0-0,,scheduled,401885337
Gil Vicente FC,리그,por.1,2027-01-24,H,Braga,0,0,0-0,,scheduled,401885327
Gil Vicente FC,리그,por.1,2027-01-31,A,Casa Pia,0,0,0-0,,scheduled,401885319
Gil Vicente FC,리그,por.1,2027-02-07,H,Famalicão,0,0,0-0,,scheduled,401885307
Gil Vicente FC,리그,por.1,2027-02-14,A,Académico de Viseu,0,0,0-0,,scheduled,401885300
Gil Vicente FC,리그,por.1,2027-02-21,H,Benfica,0,0,0-0,,scheduled,401885286
Gil Vicente FC,리그,por.1,2027-02-28,A,Maritimo,0,0,0-0,,scheduled,401885282
Gil Vicente FC,리그,por.1,2027-03-07,H,Moreirense,0,0,0-0,,scheduled,401885270
Gil Vicente FC,리그,por.1,2027-03-14,A,Porto,0,0,0-0,,scheduled,401885264
Gil Vicente FC,리그,por.1,2027-03-21,A,Vit. Guimarães,0,0,0-0,,scheduled,401885254
Gil Vicente FC,리그,por.1,2027-04-04,H,Santa Clara,0,0,0-0,,scheduled,401885243
Gil Vicente FC,리그,por.1,2027-04-11,A,Estoril,0,0,0-0,,scheduled,401885237
Gil Vicente FC,리그,por.1,2027-04-18,H,Estrela,0,0,0-0,,scheduled,401885230
Gil Vicente FC,리그,por.1,2027-04-25,A,Sporting CP,0,0,0-0,,scheduled,401884852
Gil Vicente FC,리그,por.1,2027-05-02,H,Alverca,0,0,0-0,,scheduled,401884846
Gil Vicente FC,리그,por.1,2027-05-09,A,Arouca,0,0,0-0,,scheduled,401884835
Gil Vicente FC,리그,por.1,2027-05-16,H,Nacional,0,0,0-0,,scheduled,401884822
Moreirense,리그,por.1,2026-08-09,H,Braga,0,0,0-0,,scheduled,401885488
Moreirense,리그,por.1,2026-08-17,A,Arouca,0,0,0-0,,scheduled,401885481
Moreirense,리그,por.1,2026-08-23,H,Benfica,0,0,0-0,,scheduled,401885470
Moreirense,리그,por.1,2026-08-30,A,Casa Pia,0,0,0-0,,scheduled,401885461
Moreirense,리그,por.1,2026-09-06,A,Porto,0,0,0-0,,scheduled,401885451
Moreirense,리그,por.1,2026-09-13,H,Maritimo,0,0,0-0,,scheduled,401885442
Moreirense,리그,por.1,2026-09-20,A,Vit. Guimarães,0,0,0-0,,scheduled,401885430
Moreirense,리그,por.1,2026-10-11,H,Gil Vicente FC,0,0,0-0,,scheduled,401885423
Moreirense,리그,por.1,2026-10-25,A,Estoril,0,0,0-0,,scheduled,401885418
Moreirense,리그,por.1,2026-11-01,H,Estrela,0,0,0-0,,scheduled,401885405
Moreirense,리그,por.1,2026-11-08,A,Sporting CP,0,0,0-0,,scheduled,401885395
Moreirense,리그,por.1,2026-11-29,H,Santa Clara,0,0,0-0,,scheduled,401885388
Moreirense,리그,por.1,2026-12-06,A,Alverca,0,0,0-0,,scheduled,401885384
Moreirense,리그,por.1,2026-12-13,H,Famalicão,0,0,0-0,,scheduled,401885370
Moreirense,리그,por.1,2026-12-20,A,Nacional,0,0,0-0,,scheduled,401885361
Moreirense,리그,por.1,2026-12-27,H,Académico de Viseu,0,0,0-0,,scheduled,401885353
Moreirense,리그,por.1,2027-01-10,A,Rio Ave,0,0,0-0,,scheduled,401885341
Moreirense,리그,por.1,2027-01-17,A,Braga,0,0,0-0,,scheduled,401885335
Moreirense,리그,por.1,2027-01-24,H,Arouca,0,0,0-0,,scheduled,401885328
Moreirense,리그,por.1,2027-01-31,A,Benfica,0,0,0-0,,scheduled,401885317
Moreirense,리그,por.1,2027-02-07,H,Casa Pia,0,0,0-0,,scheduled,401885308
Moreirense,리그,por.1,2027-02-14,H,Porto,0,0,0-0,,scheduled,401885298
Moreirense,리그,por.1,2027-02-21,A,Maritimo,0,0,0-0,,scheduled,401885289
Moreirense,리그,por.1,2027-02-28,H,Vit. Guimarães,0,0,0-0,,scheduled,401885277
Moreirense,리그,por.1,2027-03-07,A,Gil Vicente FC,0,0,0-0,,scheduled,401885270
Moreirense,리그,por.1,2027-03-14,H,Estoril,0,0,0-0,,scheduled,401885265
Moreirense,리그,por.1,2027-03-21,A,Estrela,0,0,0-0,,scheduled,401885252
Moreirense,리그,por.1,2027-04-04,H,Sporting CP,0,0,0-0,,scheduled,401885242
Moreirense,리그,por.1,2027-04-11,A,Santa Clara,0,0,0-0,,scheduled,401885235
Moreirense,리그,por.1,2027-04-18,H,Alverca,0,0,0-0,,scheduled,401885231
Moreirense,리그,por.1,2027-04-25,A,Famalicão,0,0,0-0,,scheduled,401884850
Moreirense,리그,por.1,2027-05-02,H,Nacional,0,0,0-0,,scheduled,401884841
Moreirense,리그,por.1,2027-05-09,A,Académico de Viseu,0,0,0-0,,scheduled,401884833
Moreirense,리그,por.1,2027-05-16,H,Rio Ave,0,0,0-0,,scheduled,401884821
Nacional,리그,por.1,2026-08-10,A,Santa Clara,0,0,0-0,,scheduled,401885486
Nacional,리그,por.1,2026-08-16,H,Estoril,0,0,0-0,,scheduled,401885477
Nacional,리그,por.1,2026-08-23,A,Vit. Guimarães,0,0,0-0,,scheduled,401885466
Nacional,리그,por.1,2026-08-30,H,Estrela,0,0,0-0,,scheduled,401885459
Nacional,리그,por.1,2026-09-06,A,Sporting CP,0,0,0-0,,scheduled,401885449
Nacional,리그,por.1,2026-09-13,H,Alverca,0,0,0-0,,scheduled,401885441
Nacional,리그,por.1,2026-09-20,H,Famalicão,0,0,0-0,,scheduled,401885434
Nacional,리그,por.1,2026-10-11,A,Rio Ave,0,0,0-0,,scheduled,401885422
Nacional,리그,por.1,2026-10-25,H,Braga,0,0,0-0,,scheduled,401885416
Nacional,리그,por.1,2026-11-01,A,Arouca,0,0,0-0,,scheduled,401885410
Nacional,리그,por.1,2026-11-08,H,Académico de Viseu,0,0,0-0,,scheduled,401885398
Nacional,리그,por.1,2026-11-29,A,Maritimo,0,0,0-0,,scheduled,401885389
Nacional,리그,por.1,2026-12-06,H,Benfica,0,0,0-0,,scheduled,401885379
Nacional,리그,por.1,2026-12-13,A,Casa Pia,0,0,0-0,,scheduled,401885374
Nacional,리그,por.1,2026-12-20,H,Moreirense,0,0,0-0,,scheduled,401885361
Nacional,리그,por.1,2026-12-27,A,Porto,0,0,0-0,,scheduled,401885352
Nacional,리그,por.1,2027-01-10,H,Gil Vicente FC,0,0,0-0,,scheduled,401885342
Nacional,리그,por.1,2027-01-17,H,Santa Clara,0,0,0-0,,scheduled,401885333
Nacional,리그,por.1,2027-01-24,A,Estoril,0,0,0-0,,scheduled,401885324
Nacional,리그,por.1,2027-01-31,H,Vit. Guimarães,0,0,0-0,,scheduled,401885313
Nacional,리그,por.1,2027-02-07,A,Estrela,0,0,0-0,,scheduled,401885306
Nacional,리그,por.1,2027-02-14,H,Sporting CP,0,0,0-0,,scheduled,401885296
Nacional,리그,por.1,2027-02-21,A,Alverca,0,0,0-0,,scheduled,401885288
Nacional,리그,por.1,2027-02-28,A,Famalicão,0,0,0-0,,scheduled,401885281
Nacional,리그,por.1,2027-03-07,H,Rio Ave,0,0,0-0,,scheduled,401885269
Nacional,리그,por.1,2027-03-14,A,Braga,0,0,0-0,,scheduled,401885263
Nacional,리그,por.1,2027-03-21,H,Arouca,0,0,0-0,,scheduled,401885257
Nacional,리그,por.1,2027-04-04,A,Académico de Viseu,0,0,0-0,,scheduled,401885245
Nacional,리그,por.1,2027-04-11,H,Maritimo,0,0,0-0,,scheduled,401885236
Nacional,리그,por.1,2027-04-18,A,Benfica,0,0,0-0,,scheduled,401885226
Nacional,리그,por.1,2027-04-25,H,Casa Pia,0,0,0-0,,scheduled,401885221
Nacional,리그,por.1,2027-05-02,A,Moreirense,0,0,0-0,,scheduled,401884841
Nacional,리그,por.1,2027-05-09,H,Porto,0,0,0-0,,scheduled,401884832
Nacional,리그,por.1,2027-05-16,A,Gil Vicente FC,0,0,0-0,,scheduled,401884822
Porto,리그,por.1,2026-08-09,H,Alverca,0,0,0-0,,scheduled,401885487
Porto,리그,por.1,2026-08-15,A,Rio Ave,0,0,0-0,,scheduled,401885476
Porto,리그,por.1,2026-08-23,H,Arouca,0,0,0-0,,scheduled,401885469
Porto,리그,por.1,2026-08-30,A,Académico de Viseu,0,0,0-0,,scheduled,401885465
Porto,리그,por.1,2026-09-06,H,Moreirense,0,0,0-0,,scheduled,401885451
Porto,리그,por.1,2026-09-13,A,Casa Pia,0,0,0-0,,scheduled,401885444
Porto,리그,por.1,2026-09-20,H,Benfica,0,0,0-0,,scheduled,401885433
Porto,리그,por.1,2026-10-11,A,Maritimo,0,0,0-0,,scheduled,401885424
Porto,리그,por.1,2026-10-25,A,Gil Vicente FC,0,0,0-0,,scheduled,401885417
Porto,리그,por.1,2026-11-01,H,Estoril,0,0,0-0,,scheduled,401885404
Porto,리그,por.1,2026-11-08,A,Vit. Guimarães,0,0,0-0,,scheduled,401885394
Porto,리그,por.1,2026-11-29,H,Sporting CP,0,0,0-0,,scheduled,401885387
Porto,리그,por.1,2026-12-06,A,Santa Clara,0,0,0-0,,scheduled,401885377
Porto,리그,por.1,2026-12-13,H,Estrela,0,0,0-0,,scheduled,401885369
Porto,리그,por.1,2026-12-20,A,Famalicão,0,0,0-0,,scheduled,401885362
Porto,리그,por.1,2026-12-27,H,Nacional,0,0,0-0,,scheduled,401885352
Porto,리그,por.1,2027-01-10,A,Braga,0,0,0-0,,scheduled,401885344
Porto,리그,por.1,2027-01-17,A,Alverca,0,0,0-0,,scheduled,401885334
Porto,리그,por.1,2027-01-24,H,Rio Ave,0,0,0-0,,scheduled,401885323
Porto,리그,por.1,2027-01-31,A,Arouca,0,0,0-0,,scheduled,401885316
Porto,리그,por.1,2027-02-07,H,Académico de Viseu,0,0,0-0,,scheduled,401885312
Porto,리그,por.1,2027-02-14,A,Moreirense,0,0,0-0,,scheduled,401885298
Porto,리그,por.1,2027-02-21,H,Casa Pia,0,0,0-0,,scheduled,401885291
Porto,리그,por.1,2027-02-28,A,Benfica,0,0,0-0,,scheduled,401885280
Porto,리그,por.1,2027-03-07,H,Maritimo,0,0,0-0,,scheduled,401885271
Porto,리그,por.1,2027-03-14,H,Gil Vicente FC,0,0,0-0,,scheduled,401885264
Porto,리그,por.1,2027-03-21,A,Estoril,0,0,0-0,,scheduled,401885251
Porto,리그,por.1,2027-04-04,H,Vit. Guimarães,0,0,0-0,,scheduled,401885241
Porto,리그,por.1,2027-04-11,A,Sporting CP,0,0,0-0,,scheduled,401885234
Porto,리그,por.1,2027-04-18,H,Santa Clara,0,0,0-0,,scheduled,401885224
Porto,리그,por.1,2027-04-25,A,Estrela,0,0,0-0,,scheduled,401884849
Porto,리그,por.1,2027-05-02,H,Famalicão,0,0,0-0,,scheduled,401884842
Porto,리그,por.1,2027-05-09,A,Nacional,0,0,0-0,,scheduled,401884832
Porto,리그,por.1,2027-05-16,H,Braga,0,0,0-0,,scheduled,401884824
Rio Ave,리그,por.1,2026-08-09,A,Gil Vicente FC,0,0,0-0,,scheduled,401885490
Rio Ave,리그,por.1,2026-08-15,H,Porto,0,0,0-0,,scheduled,401885476
Rio Ave,리그,por.1,2026-08-23,A,Estoril,0,0,0-0,,scheduled,401885473
Rio Ave,리그,por.1,2026-08-30,H,Sporting CP,0,0,0-0,,scheduled,401885458
Rio Ave,리그,por.1,2026-09-06,A,Santa Clara,0,0,0-0,,scheduled,401885450
Rio Ave,리그,por.1,2026-09-13,H,Estrela,0,0,0-0,,scheduled,401885440
Rio Ave,리그,por.1,2026-09-20,A,Alverca,0,0,0-0,,scheduled,401885438
Rio Ave,리그,por.1,2026-10-11,H,Nacional,0,0,0-0,,scheduled,401885422
Rio Ave,리그,por.1,2026-10-25,H,Famalicão,0,0,0-0,,scheduled,401885415
Rio Ave,리그,por.1,2026-11-01,A,Académico de Viseu,0,0,0-0,,scheduled,401885411
Rio Ave,리그,por.1,2026-11-08,H,Braga,0,0,0-0,,scheduled,401885397
Rio Ave,리그,por.1,2026-11-29,A,Arouca,0,0,0-0,,scheduled,401885392
Rio Ave,리그,por.1,2026-12-06,H,Casa Pia,0,0,0-0,,scheduled,401885378
Rio Ave,리그,por.1,2026-12-13,A,Maritimo,0,0,0-0,,scheduled,401885371
Rio Ave,리그,por.1,2026-12-20,H,Benfica,0,0,0-0,,scheduled,401885360
Rio Ave,리그,por.1,2026-12-27,A,Vit. Guimarães,0,0,0-0,,scheduled,401885349
Rio Ave,리그,por.1,2027-01-10,H,Moreirense,0,0,0-0,,scheduled,401885341
Rio Ave,리그,por.1,2027-01-17,H,Gil Vicente FC,0,0,0-0,,scheduled,401885337
Rio Ave,리그,por.1,2027-01-24,A,Porto,0,0,0-0,,scheduled,401885323
Rio Ave,리그,por.1,2027-01-31,H,Estoril,0,0,0-0,,scheduled,401885320
Rio Ave,리그,por.1,2027-02-07,A,Sporting CP,0,0,0-0,,scheduled,401885305
Rio Ave,리그,por.1,2027-02-14,H,Santa Clara,0,0,0-0,,scheduled,401885297
Rio Ave,리그,por.1,2027-02-21,A,Estrela,0,0,0-0,,scheduled,401885287
Rio Ave,리그,por.1,2027-02-28,H,Alverca,0,0,0-0,,scheduled,401885285
Rio Ave,리그,por.1,2027-03-07,A,Nacional,0,0,0-0,,scheduled,401885269
Rio Ave,리그,por.1,2027-03-14,A,Famalicão,0,0,0-0,,scheduled,401885262
Rio Ave,리그,por.1,2027-03-21,H,Académico de Viseu,0,0,0-0,,scheduled,401885258
Rio Ave,리그,por.1,2027-04-04,A,Braga,0,0,0-0,,scheduled,401885244
Rio Ave,리그,por.1,2027-04-11,H,Arouca,0,0,0-0,,scheduled,401885239
Rio Ave,리그,por.1,2027-04-18,A,Casa Pia,0,0,0-0,,scheduled,401885225
Rio Ave,리그,por.1,2027-04-25,H,Maritimo,0,0,0-0,,scheduled,401884851
Rio Ave,리그,por.1,2027-05-02,A,Benfica,0,0,0-0,,scheduled,401884840
Rio Ave,리그,por.1,2027-05-09,H,Vit. Guimarães,0,0,0-0,,scheduled,401884829
Rio Ave,리그,por.1,2027-05-16,A,Moreirense,0,0,0-0,,scheduled,401884821
Santa Clara,리그,por.1,2026-08-10,H,Nacional,0,0,0-0,,scheduled,401885486
Santa Clara,리그,por.1,2026-08-15,A,Académico de Viseu,0,0,0-0,,scheduled,401885483
Santa Clara,리그,por.1,2026-08-23,H,Famalicão,0,0,0-0,,scheduled,401885468
Santa Clara,리그,por.1,2026-08-30,A,Alverca,0,0,0-0,,scheduled,401885464
Santa Clara,리그,por.1,2026-09-06,H,Rio Ave,0,0,0-0,,scheduled,401885450
Santa Clara,리그,por.1,2026-09-13,A,Arouca,0,0,0-0,,scheduled,401885446
Santa Clara,리그,por.1,2026-09-20,H,Braga,0,0,0-0,,scheduled,401885432
Santa Clara,리그,por.1,2026-10-11,A,Casa Pia,0,0,0-0,,scheduled,401885426
Santa Clara,리그,por.1,2026-10-25,H,Benfica,0,0,0-0,,scheduled,401885414
Santa Clara,리그,por.1,2026-11-01,A,Maritimo,0,0,0-0,,scheduled,401885406
Santa Clara,리그,por.1,2026-11-08,H,Gil Vicente FC,0,0,0-0,,scheduled,401885396
Santa Clara,리그,por.1,2026-11-29,A,Moreirense,0,0,0-0,,scheduled,401885388
Santa Clara,리그,por.1,2026-12-06,H,Porto,0,0,0-0,,scheduled,401885377
Santa Clara,리그,por.1,2026-12-13,A,Estoril,0,0,0-0,,scheduled,401885373
Santa Clara,리그,por.1,2026-12-20,H,Vit. Guimarães,0,0,0-0,,scheduled,401885359
Santa Clara,리그,por.1,2026-12-27,H,Estrela,0,0,0-0,,scheduled,401885351
Santa Clara,리그,por.1,2027-01-10,A,Sporting CP,0,0,0-0,,scheduled,401885340
Santa Clara,리그,por.1,2027-01-17,A,Nacional,0,0,0-0,,scheduled,401885333
Santa Clara,리그,por.1,2027-01-24,H,Académico de Viseu,0,0,0-0,,scheduled,401885330
Santa Clara,리그,por.1,2027-01-31,A,Famalicão,0,0,0-0,,scheduled,401885315
Santa Clara,리그,por.1,2027-02-07,H,Alverca,0,0,0-0,,scheduled,401885311
Santa Clara,리그,por.1,2027-02-14,A,Rio Ave,0,0,0-0,,scheduled,401885297
Santa Clara,리그,por.1,2027-02-21,H,Arouca,0,0,0-0,,scheduled,401885293
Santa Clara,리그,por.1,2027-02-28,A,Braga,0,0,0-0,,scheduled,401885279
Santa Clara,리그,por.1,2027-03-07,H,Casa Pia,0,0,0-0,,scheduled,401885273
Santa Clara,리그,por.1,2027-03-14,A,Benfica,0,0,0-0,,scheduled,401885261
Santa Clara,리그,por.1,2027-03-21,H,Maritimo,0,0,0-0,,scheduled,401885253
Santa Clara,리그,por.1,2027-04-04,A,Gil Vicente FC,0,0,0-0,,scheduled,401885243
Santa Clara,리그,por.1,2027-04-11,H,Moreirense,0,0,0-0,,scheduled,401885235
Santa Clara,리그,por.1,2027-04-18,A,Porto,0,0,0-0,,scheduled,401885224
Santa Clara,리그,por.1,2027-04-25,H,Estoril,0,0,0-0,,scheduled,401884853
Santa Clara,리그,por.1,2027-05-02,A,Vit. Guimarães,0,0,0-0,,scheduled,401884839
Santa Clara,리그,por.1,2027-05-09,A,Estrela,0,0,0-0,,scheduled,401884831
Santa Clara,리그,por.1,2027-05-16,H,Sporting CP,0,0,0-0,,scheduled,401884820
Sporting CP,리그,por.1,2026-08-08,A,Estrela,0,0,0-0,,scheduled,401885492
Sporting CP,리그,por.1,2026-08-14,H,Vit. Guimarães,0,0,0-0,,scheduled,401885475
Sporting CP,리그,por.1,2026-08-23,H,Alverca,0,0,0-0,,scheduled,401885467
Sporting CP,리그,por.1,2026-08-30,A,Rio Ave,0,0,0-0,,scheduled,401885458
Sporting CP,리그,por.1,2026-09-06,H,Nacional,0,0,0-0,,scheduled,401885449
Sporting CP,리그,por.1,2026-09-13,A,Famalicão,0,0,0-0,,scheduled,401885443
Sporting CP,리그,por.1,2026-09-20,H,Arouca,0,0,0-0,,scheduled,401885431
Sporting CP,리그,por.1,2026-10-11,A,Braga,0,0,0-0,,scheduled,401885427
Sporting CP,리그,por.1,2026-10-25,H,Académico de Viseu,0,0,0-0,,scheduled,401885413
Sporting CP,리그,por.1,2026-11-01,A,Casa Pia,0,0,0-0,,scheduled,401885408
Sporting CP,리그,por.1,2026-11-08,H,Moreirense,0,0,0-0,,scheduled,401885395
Sporting CP,리그,por.1,2026-11-29,A,Porto,0,0,0-0,,scheduled,401885387
Sporting CP,리그,por.1,2026-12-06,H,Maritimo,0,0,0-0,,scheduled,401885376
Sporting CP,리그,por.1,2026-12-13,A,Gil Vicente FC,0,0,0-0,,scheduled,401885372
Sporting CP,리그,por.1,2026-12-20,H,Estoril,0,0,0-0,,scheduled,401885358
Sporting CP,리그,por.1,2026-12-27,A,Benfica,0,0,0-0,,scheduled,401885350
Sporting CP,리그,por.1,2027-01-10,H,Santa Clara,0,0,0-0,,scheduled,401885340
Sporting CP,리그,por.1,2027-01-17,H,Estrela,0,0,0-0,,scheduled,401885339
Sporting CP,리그,por.1,2027-01-24,A,Vit. Guimarães,0,0,0-0,,scheduled,401885322
Sporting CP,리그,por.1,2027-01-31,A,Alverca,0,0,0-0,,scheduled,401885314
Sporting CP,리그,por.1,2027-02-07,H,Rio Ave,0,0,0-0,,scheduled,401885305
Sporting CP,리그,por.1,2027-02-14,A,Nacional,0,0,0-0,,scheduled,401885296
Sporting CP,리그,por.1,2027-02-21,H,Famalicão,0,0,0-0,,scheduled,401885290
Sporting CP,리그,por.1,2027-02-28,A,Arouca,0,0,0-0,,scheduled,401885278
Sporting CP,리그,por.1,2027-03-07,H,Braga,0,0,0-0,,scheduled,401885274
Sporting CP,리그,por.1,2027-03-14,A,Académico de Viseu,0,0,0-0,,scheduled,401885260
Sporting CP,리그,por.1,2027-03-21,H,Casa Pia,0,0,0-0,,scheduled,401885255
Sporting CP,리그,por.1,2027-04-04,A,Moreirense,0,0,0-0,,scheduled,401885242
Sporting CP,리그,por.1,2027-04-11,H,Porto,0,0,0-0,,scheduled,401885234
Sporting CP,리그,por.1,2027-04-18,A,Maritimo,0,0,0-0,,scheduled,401885223
Sporting CP,리그,por.1,2027-04-25,H,Gil Vicente FC,0,0,0-0,,scheduled,401884852
Sporting CP,리그,por.1,2027-05-02,A,Estoril,0,0,0-0,,scheduled,401884838
Sporting CP,리그,por.1,2027-05-09,H,Benfica,0,0,0-0,,scheduled,401884830
Sporting CP,리그,por.1,2027-05-16,A,Santa Clara,0,0,0-0,,scheduled,401884820
Vit. Guimarães,리그,por.1,2026-08-08,H,Arouca,0,0,0-0,,scheduled,401885484
Vit. Guimarães,리그,por.1,2026-08-14,A,Sporting CP,0,0,0-0,,scheduled,401885475
Vit. Guimarães,리그,por.1,2026-08-23,H,Nacional,0,0,0-0,,scheduled,401885466
Vit. Guimarães,리그,por.1,2026-08-30,A,Braga,0,0,0-0,,scheduled,401885462
Vit. Guimarães,리그,por.1,2026-09-06,H,Casa Pia,0,0,0-0,,scheduled,401885448
Vit. Guimarães,리그,por.1,2026-09-13,A,Académico de Viseu,0,0,0-0,,scheduled,401885447
Vit. Guimarães,리그,por.1,2026-09-20,H,Moreirense,0,0,0-0,,scheduled,401885430
Vit. Guimarães,리그,por.1,2026-10-11,A,Benfica,0,0,0-0,,scheduled,401885421
Vit. Guimarães,리그,por.1,2026-10-25,H,Maritimo,0,0,0-0,,scheduled,401885412
Vit. Guimarães,리그,por.1,2026-11-01,A,Gil Vicente FC,0,0,0-0,,scheduled,401885407
Vit. Guimarães,리그,por.1,2026-11-08,H,Porto,0,0,0-0,,scheduled,401885394
Vit. Guimarães,리그,por.1,2026-11-29,H,Estrela,0,0,0-0,,scheduled,401885385
Vit. Guimarães,리그,por.1,2026-12-06,A,Estoril,0,0,0-0,,scheduled,401885381
Vit. Guimarães,리그,por.1,2026-12-13,H,Alverca,0,0,0-0,,scheduled,401885367
Vit. Guimarães,리그,por.1,2026-12-20,A,Santa Clara,0,0,0-0,,scheduled,401885359
Vit. Guimarães,리그,por.1,2026-12-27,H,Rio Ave,0,0,0-0,,scheduled,401885349
Vit. Guimarães,리그,por.1,2027-01-10,A,Famalicão,0,0,0-0,,scheduled,401885343
Vit. Guimarães,리그,por.1,2027-01-17,A,Arouca,0,0,0-0,,scheduled,401885331
Vit. Guimarães,리그,por.1,2027-01-24,H,Sporting CP,0,0,0-0,,scheduled,401885322
Vit. Guimarães,리그,por.1,2027-01-31,A,Nacional,0,0,0-0,,scheduled,401885313
Vit. Guimarães,리그,por.1,2027-02-07,H,Braga,0,0,0-0,,scheduled,401885309
Vit. Guimarães,리그,por.1,2027-02-14,A,Casa Pia,0,0,0-0,,scheduled,401885295
Vit. Guimarães,리그,por.1,2027-02-21,H,Académico de Viseu,0,0,0-0,,scheduled,401885294
Vit. Guimarães,리그,por.1,2027-02-28,A,Moreirense,0,0,0-0,,scheduled,401885277
Vit. Guimarães,리그,por.1,2027-03-07,H,Benfica,0,0,0-0,,scheduled,401885268
Vit. Guimarães,리그,por.1,2027-03-14,A,Maritimo,0,0,0-0,,scheduled,401885259
Vit. Guimarães,리그,por.1,2027-03-21,H,Gil Vicente FC,0,0,0-0,,scheduled,401885254
Vit. Guimarães,리그,por.1,2027-04-04,A,Porto,0,0,0-0,,scheduled,401885241
Vit. Guimarães,리그,por.1,2027-04-11,A,Estrela,0,0,0-0,,scheduled,401885232
Vit. Guimarães,리그,por.1,2027-04-18,H,Estoril,0,0,0-0,,scheduled,401885228
Vit. Guimarães,리그,por.1,2027-04-25,A,Alverca,0,0,0-0,,scheduled,401884847
Vit. Guimarães,리그,por.1,2027-05-02,H,Santa Clara,0,0,0-0,,scheduled,401884839
Vit. Guimarães,리그,por.1,2027-05-09,A,Rio Ave,0,0,0-0,,scheduled,401884829
Vit. Guimarães,리그,por.1,2027-05-16,H,Famalicão,0,0,0-0,,scheduled,401884823
