target_club,player,pos_detail,age,current_club,market_value_eur,probability,date
AVS Futebol,Dani Rebollo,Goalkeeper,26,Avs Futebol,200000.0,,28/06/2026
AVS Futebol,Gabriel,Centre-Back,22,Cuiabá Esporte Clube (MT),700000.0,,19/06/2026
Alverca,Amadou Coundoul,Centre-Forward,24,Sporting Gijón,200000.0,,30/06/2026
Alverca,Thalys,Centre-Forward,21,UD Almería,4000000.0,,26/06/2026
Alverca,Diego Callai,Goalkeeper,21,Sporting CP B,1500000.0,,13/05/2026
Alverca,Filip Milojevic,Centre-Back,21,SCR Altach,1000000.0,,07/05/2026
Alverca,Adoniayah Aemiro,Goalkeeper,20,Orange County SC Academy,,,24/04/2026
Benfica,Darío Osorio,Right Winger,22,FC Midtjylland,15000000.0,,08/07/2026
Benfica,Equi Fernández,Defensive Midfield,23,Bayer 04 Leverkusen,20000000.0,35,08/07/2026
Benfica,Răzvan Marincean,Left Winger,17,FCV Farul U18,,,07/07/2026
Benfica,Konstantinos Koulierakis,Centre-Back,22,VfL Wolfsburg,25000000.0,34,06/07/2026
Benfica,Tiago Gabriel,Centre-Back,21,US Lecce,15000000.0,,05/07/2026
Benfica,Sergio Arribas,Attacking Midfield,24,UD Almería,20000000.0,,04/07/2026
Benfica,Luís Silva,Defensive Midfield,16,CD Feirense Sub-17,,,03/07/2026
Benfica,André Luiz,Right Winger,24,Olympiacos Piraeus,6000000.0,,29/06/2026
Benfica,Juan Jesus,Centre-Back,35,Without ClubWithout Club,1500000.0,,27/06/2026
Benfica,José María Giménez,Centre-Back,31,Atlético de Madrid,9000000.0,,27/06/2026
Benfica,Kaio Jorge,Centre-Forward,24,Cruzeiro Esporte Clube,25000000.0,,27/06/2026
Benfica,Akam Hashem,Centre-Back,27,Without ClubWithout Club,700000.0,50,24/06/2026
Benfica,Franco Mastantuono,Right Winger,18,Real Madrid,45000000.0,,24/06/2026
Benfica,Ibrahima Ba,Centre-Back,21,FC Famalicão,12000000.0,,23/06/2026
Benfica,Dzenan Pejcinovic,Centre-Forward,21,VfL Wolfsburg,15000000.0,,22/06/2026
Benfica,Enzo Boyomo,Centre-Back,24,CA Osasuna,15000000.0,,22/06/2026
Benfica,Gabriel Índio,Centre-Back,17,Athletic Club U20,50000.0,,22/06/2026
Benfica,Jan Virgili,Left Winger,19,RCD Mallorca,15000000.0,,19/06/2026
Benfica,Mauro Icardi,Centre-Forward,33,Without ClubWithout Club,4000000.0,66,19/06/2026
Benfica,Taras Mykhavko,Centre-Back,21,Dynamo Kyiv,10000000.0,,15/06/2026
Benfica,Abner,Left-Back,26,Olympique Lyon,10000000.0,,12/06/2026
Benfica,Ederson,Goalkeeper,32,Fenerbahce,10000000.0,,11/06/2026
Benfica,Harry Wilson,Right Winger,29,Leeds United,25000000.0,,08/06/2026
Benfica,Sebastián Osorio,Attacking Midfield,18,Universitario de Deportes II,25000.0,,05/06/2026
Benfica,Lukas Hornicek,Goalkeeper,23,SC Braga,18000000.0,,03/06/2026
Braga,Renato Sanches,Central Midfield,28,Paris Saint-Germain,2000000.0,,29/06/2026
Braga,Cédric Soares,Right-Back,34,São Paulo Futebol Clube,500000.0,,19/06/2026
Braga,Marcus Linday,Central Midfield,23,SC Heerenveen,5000000.0,,18/06/2026
Braga,Lucas Stassin,Centre-Forward,21,AS Saint-Étienne,15000000.0,,09/06/2026
Braga,Gabriel Silva,Left Winger,24,SC Braga,7000000.0,,09/06/2026
Braga,Sorriso,Left Winger,25,FC Famalicão,5000000.0,,05/06/2026
Braga,Metinho,Central Midfield,23,FC Basel 1893,8000000.0,,23/05/2026
Braga,Bernardo,Goalkeeper,23,SC Braga,5000000.0,,20/05/2026
Braga,Roberto Fernández,Centre-Forward,24,RCD Espanyol Barcelona,10000000.0,,18/05/2026
Braga,Diogo Travassos,Right-Back,22,SC Braga,6000000.0,,11/05/2026
Braga,Tiago Gouveia,Right Winger,25,SL Benfica,3500000.0,,06/05/2026
Braga,Chupe,Centre-Forward,21,Málaga CF,10000000.0,,25/04/2026
Casa Pia,Gabi,Central Midfield,26,FC Felgueiras 1932,550000.0,,02/07/2026
Estoril,Cédric Soares,Right-Back,34,São Paulo Futebol Clube,500000.0,,19/06/2026
Estoril,Elves Baldé,Right Winger,26,Radomiak Radom,500000.0,,09/06/2026
Estoril,Fernando Medrano,Left-Back,26,GD Estoril Praia,500000.0,,08/06/2026
Estrela,Augusto Owusu,Central Midfield,21,Juventus Next Gen,600000.0,,01/07/2026
Estrela,Guilherme Fernandes,Goalkeeper,25,Real Betis Balompié,800000.0,,30/06/2026
Estrela,Maximilian Hennig,Left-Back,19,FC Bayern Munich II,800000.0,,28/06/2026
Estrela,Bénito,Left Winger,22,CF Estrela Amadora,,,23/06/2026
Estrela,Diego Callai,Goalkeeper,21,Sporting CP B,1500000.0,,25/05/2026
Famalicão,Georgios Koutsias,Centre-Forward,22,FC Lugano,2000000.0,,03/06/2026
Famalicão,Naves,Centre-Back,24,Sociedade Esportiva Palmeiras,4000000.0,,23/05/2026
Famalicão,Michel Mboula,Centre-Back,23,FC Metz,900000.0,,14/05/2026
Gil Vicente FC,Diogo Prioste,Central Midfield,22,Gil Vicente FC,2000000.0,,30/06/2026
Gil Vicente FC,David Moreira,Centre-Back,22,Gil Vicente FC,1700000.0,,28/06/2026
Gil Vicente FC,José Silva,Right-Back,20,Gil Vicente FC,500000.0,,28/06/2026
Gil Vicente FC,Heinz Mörschel,Attacking Midfield,28,FC Vizela,1200000.0,,26/06/2026
Gil Vicente FC,Guilherme Fernandes,Goalkeeper,25,Real Betis Balompié,800000.0,,17/06/2026
Gil Vicente FC,Mikael,Centre-Forward,27,Clube de Regatas Brasil (AL),800000.0,,14/06/2026
Gil Vicente FC,Ricardo Esgaio,Right-Back,33,Gil Vicente FC,700000.0,,02/06/2026
Gil Vicente FC,Guillermo Viscarra,Goalkeeper,33,Club Alianza Lima,350000.0,,27/05/2026
Moreirense,João Veloso,Central Midfield,21,SL Benfica,1500000.0,,09/07/2026
Moreirense,Aranha,Goalkeeper,21,Moreirense FC,,,26/06/2026
Moreirense,Koby Mottoh,Striker,19,Moreirense FC,,,25/06/2026
Moreirense,David Moreira,Centre-Back,22,Gil Vicente FC,1700000.0,,14/06/2026
Moreirense,Janderson,Centre-Back,20,Moreirense FC,,,29/05/2026
Moreirense,Amine Chabane,Right-Back,19,Amiens SC,2000000.0,,22/05/2026
Nacional,João Gonçalves,Goalkeeper,25,CD Nacional,500000.0,,05/07/2026
Nacional,Danel Dongmo,Central Midfield,25,CD Nacional,450000.0,,01/07/2026
Nacional,Renato Marin,Goalkeeper,19,CD Nacional,1000000.0,,29/06/2026
Nacional,Jorge Soto,Goalkeeper,32,Without ClubWithout Club,350000.0,,26/06/2026
Nacional,Stavros Gavriel,Right Winger,24,CD Nacional,600000.0,,21/06/2026
Nacional,Higor,Left-Back,21,Vila Nova Futebol Clube (GO),400000.0,,20/06/2026
Nacional,Álvaro Santos,Left Winger,20,Lommel SK,800000.0,,18/06/2026
Nacional,David Moreira,Centre-Back,22,Gil Vicente FC,1700000.0,,12/06/2026
Porto,Mame Alassane Niang,Centre-Forward,20,Hamarkameratene,1800000.0,,08/07/2026
Porto,Nuno Tavares,Left-Back,26,SS Lazio,12000000.0,,07/07/2026
Porto,Saël Kumbedi,Right-Back,21,VfL Wolfsburg,12000000.0,,03/07/2026
Porto,Oswin Appollis,Left Winger,24,Orlando Pirates,2500000.0,63,02/07/2026
Porto,Matviy Ponomarenko,Centre-Forward,20,Dynamo Kyiv,12000000.0,,01/07/2026
Porto,Marcos Leonardo,Centre-Forward,23,Al-Hilal SFC,20000000.0,,01/07/2026
Porto,Niccolò Pisilli,Central Midfield,21,AS Roma,30000000.0,,01/07/2026
Porto,Akam Hashem,Centre-Back,27,Without ClubWithout Club,700000.0,47,24/06/2026
Porto,Eirik Granaas,Central Midfield,16,FC Porto B,900000.0,99,18/06/2026
Porto,Davis Opoku,Right-Back,18,Oud-Heverlee Leuven,800000.0,,16/06/2026
Porto,Mert Kömür,Attacking Midfield,20,FC Augsburg,12000000.0,,15/06/2026
Porto,Youssef Chermiti,Centre-Forward,22,Rangers FC,15000000.0,,14/06/2026
Porto,Lucas Stassin,Centre-Forward,21,AS Saint-Étienne,15000000.0,,09/06/2026
Porto,Mathys Tel,Centre-Forward,21,Tottenham Hotspur,22000000.0,,07/06/2026
Porto,Jorge Salinas,Left-Back,19,Racing Santander,8000000.0,,02/06/2026
Porto,Caleb Yirenkyi,Central Midfield,20,FC Nordsjaelland,10000000.0,,30/05/2026
Porto,André Silva,Centre-Forward,30,FC Porto,3000000.0,,30/05/2026
Porto,Mauro Júnior,Left-Back,27,PSV Eindhoven,18000000.0,,28/05/2026
Porto,Cardoso Varela,Left Winger,17,GNK Dinamo Zagreb,1000000.0,,28/05/2026
Porto,Jacob Ambæk,Centre-Forward,18,Bröndby IF,4000000.0,,28/05/2026
Porto,El Hadji Malick Diouf,Left-Back,21,West Ham United,28000000.0,,28/05/2026
Porto,João Afonso,Goalkeeper,19,FC Porto,1500000.0,,23/05/2026
Porto,Igor Jesus,Centre-Forward,25,Nottingham Forest,25000000.0,,17/05/2026
Porto,Juan Angulo,Centre-Forward,18,Independiente del Valle,350000.0,,14/05/2026
Porto,Lukas Hornicek,Goalkeeper,23,SC Braga,18000000.0,,14/05/2026
Rio Ave,Thayllon,Right Winger,19,Avaí FC,900000.0,,04/07/2026
Rio Ave,Stredair Appuah,Right Winger,22,Palermo FC,500000.0,,30/06/2026
Rio Ave,Diogo Nascimento,Central Midfield,23,Olympiacos Piraeus,4000000.0,,29/06/2026
Santa Clara,Fredy,Attacking Midfield,20,SC Braga U23,,,06/07/2026
Santa Clara,Devis Epassy,Goalkeeper,33,FC Dinamo 1948,400000.0,,29/06/2026
Santa Clara,Rômulo,Centre-Back,22,Clube Atlético Mineiro,450000.0,,26/06/2026
Santa Clara,Sorriso,Left Winger,20,Athletico Paranaense U20,,,25/06/2026
Santa Clara,Tiago Ribeiro,Central Midfield,24,CD Santa Clara,600000.0,,23/06/2026
Santa Clara,Emanuel Moreira,Centre-Back,23,CD Santa Clara,700000.0,,23/06/2026
Santa Clara,Vitinho,Central Midfield,22,Clube Náutico Capibaribe,500000.0,,09/06/2026
Sporting CP,Jesse Derry,Left Winger,19,Chelsea FC U21,2000000.0,,08/07/2026
Sporting CP,João Palhinha,Defensive Midfield,31,Bayern Munich,15000000.0,42,06/07/2026
Sporting CP,Rodrigo Rodrigues,Right Winger,18,Sporting CP,100000.0,,05/07/2026
Sporting CP,Yeremay Hernández,Left Winger,23,Deportivo A Coruña,25000000.0,,02/07/2026
Sporting CP,Assane Diao,Left Winger,20,Como 1907,30000000.0,,02/07/2026
Sporting CP,Kristian Arnstad,Left Winger,22,Aarhus GF,6000000.0,,01/07/2026
Sporting CP,Adrián Bernabé,Central Midfield,25,Parma Calcio 1913,15000000.0,,25/06/2026
Sporting CP,Franco Mastantuono,Right Winger,18,Real Madrid,45000000.0,,24/06/2026
Sporting CP,Will Lankshear,Centre-Forward,21,Tottenham Hotspur U21,7000000.0,,19/06/2026
Sporting CP,Aurelien Guernier,Left Winger,18,Milan Futuro,,,15/06/2026
Sporting CP,Cheveyo Tsawa,Central Midfield,19,FC Zürich,6000000.0,,14/06/2026
Sporting CP,Elves Baldé,Right Winger,26,Radomiak Radom,500000.0,,09/06/2026
Sporting CP,Chiquinho,Left Winger,26,FC Alverca,5000000.0,,09/06/2026
Sporting CP,Zan Vipotnik,Centre-Forward,24,Swansea City,22000000.0,,05/06/2026
Sporting CP,Juan Jesus,Centre-Back,35,Without ClubWithout Club,1500000.0,,04/06/2026
Sporting CP,Javi Rodríguez,Centre-Back,23,Celta de Vigo,18000000.0,,04/06/2026
Sporting CP,Michael Parker,Centre-Back,21,Örgryte IS,2000000.0,,04/06/2026
Sporting CP,Issa Doumbia,Central Midfield,22,Sporting CP,20000000.0,,22/05/2026
Sporting CP,João Afonso,Goalkeeper,19,FC Porto,1500000.0,,21/05/2026
Sporting CP,Elye Wahi,Centre-Forward,23,Eintracht Frankfurt,18000000.0,,21/05/2026
Sporting CP,Taichi Fukui,Central Midfield,21,FC Arouca,5000000.0,,15/05/2026
Sporting CP,Gabriel Silva,Left Winger,24,SC Braga,7000000.0,,14/05/2026
Sporting CP,Ibrahima Ba,Centre-Back,21,FC Famalicão,12000000.0,,14/05/2026
Sporting CP,Pedro Lima,Central Midfield,23,Sporting CP,3000000.0,,14/05/2026
Sporting CP,Elías Montiel,Defensive Midfield,20,CF Pachuca,6000000.0,,06/05/2026
Tondela,Samy Jr. Merheg,Centre-Forward,19,SC Braga B,1000000.0,,02/07/2026
Tondela,Yanis da Rocha,Defensive Midfield,22,SC Braga,200000.0,,02/07/2026
Tondela,Carlão,Goalkeeper,22,CD Tondela,,,28/06/2026
Tondela,Gastón Novero,Right Winger,28,CD Tondela,150000.0,,28/06/2026
Tondela,Bruno Almeida,Centre-Back,26,CD Tondela,,,28/06/2026
Tondela,Bruno Almeida,Right Winger,29,CD Santa Clara,350000.0,,28/06/2026
Tondela,Zé Ricardo,Left-Back,27,CD Tondela,350000.0,,14/06/2026
Vit. Guimarães,Yasir Boz,Attacking Midfield,18,Fenerbahce U19,,,28/06/2026
Vit. Guimarães,Cédric Soares,Right-Back,34,São Paulo Futebol Clube,500000.0,,19/06/2026
Vit. Guimarães,Samu,Goalkeeper,27,Maccabi Netanya,1600000.0,,16/06/2026
Vit. Guimarães,Elves Baldé,Right Winger,26,Radomiak Radom,500000.0,,09/06/2026
Vit. Guimarães,Gustavo Prado,Right Winger,21,Ceará Sporting Club,2500000.0,,08/06/2026
