target_club,player,pos_detail,age,current_club,market_value_eur,probability,date
Angers,Branco van den Boomen,Central Midfield,30,Ajax Amsterdam,2500000.0,,02/07/2026
Angers,Florián Monzón,Centre-Forward,25,CA Vélez Sarsfield,2500000.0,,30/06/2026
Angers,Jacques Siwe,Centre-Forward,24,Rubin Kazan,2500000.0,,16/06/2026
Angers,Anthony Bermont,Left Winger,21,Angers SCO,1000000.0,,11/06/2026
Angers,Alexis Trouillet,Central Midfield,25,Rodez AF,800000.0,,06/06/2026
Auxerre,Mamadou Diop,Goalkeeper,26,AJ Auxerre,1500000.0,66,04/07/2026
Auxerre,Christ Makosso,Centre-Back,22,Luton Town,800000.0,,30/06/2026
Auxerre,Kylian Madi,Right Midfield,17,SC Aubagne Air Bel U17,50000.0,,24/06/2026
Auxerre,Arthur Piedfort,Defensive Midfield,21,AJ Auxerre,4000000.0,,17/06/2026
Auxerre,Taïryk Arconte,Centre-Forward,22,Millwall FC,3000000.0,,06/06/2026
Auxerre,Danny Namaso,Left Winger,25,AJ Auxerre,6000000.0,,18/05/2026
Brest,Mohamed Hany,Right-Back,30,Al Ahly FC,1500000.0,,19/06/2026
Brest,Alexis Trouillet,Central Midfield,25,Rodez AF,800000.0,,06/06/2026
Brest,Andy Pelmard,Centre-Back,26,Clermont Foot 63,2000000.0,,18/04/2026
Le Havre,Aïmen Moueffek,Central Midfield,25,AS Saint-Étienne,2000000.0,,01/07/2026
Le Havre,Mohamed Abdallah,Right Winger,20,Al Ahly FC,200000.0,,30/06/2026
Le Havre,Thierno Ballo,Left Winger,24,Wolfsberger AC,6000000.0,36,30/06/2026
Le Havre,Ugo Raghouber,Defensive Midfield,22,LOSC Lille,3000000.0,,29/06/2026
Lens,Gift Links,Left Midfield,27,Aarhus GF,2500000.0,,03/07/2026
Lens,Rick van Drongelen,Centre-Back,27,Samsunspor,6000000.0,36,21/06/2026
Lens,Thomas Jørgensen,Central Midfield,20,Viborg FF,5000000.0,,21/06/2026
Lens,Lucas Gourna-Douath,Defensive Midfield,22,Red Bull Salzburg,6000000.0,,20/06/2026
Lens,Youssef Belammari,Left-Back,27,Al Ahly FC,1200000.0,,19/06/2026
Lens,Cyriaque Irié,Right Winger,21,SC Freiburg,8000000.0,,17/06/2026
Lens,Cheveyo Tsawa,Central Midfield,19,FC Zürich,6000000.0,,14/06/2026
Lens,Ibrahim Karamoko,Centre-Back,24,Standard Liège,3000000.0,,11/06/2026
Lens,Eduard Spertsyan,Attacking Midfield,26,FC Krasnodar,25000000.0,,05/06/2026
Lens,Mohamed Alì Zoma,Second Striker,22,1.FC Nuremberg,8000000.0,,04/06/2026
Lens,Elye Wahi,Centre-Forward,23,Eintracht Frankfurt,18000000.0,,21/05/2026
Lens,Loïs Openda,Centre-Forward,26,Juventus FC,25000000.0,,18/05/2026
Lens,Martin Adeline,Attacking Midfield,22,ESTAC Troyes,10000000.0,,18/05/2026
Lens,Thomas Lemar,Attacking Midfield,30,Atlético de Madrid,1800000.0,,14/05/2026
Lens,Oussama Targhalline,Defensive Midfield,24,Feyenoord Rotterdam,16000000.0,,12/05/2026
Lens,Akram Bouras,Central Midfield,24,Levski Sofia,2000000.0,,09/05/2026
Lens,Tawfik Bentayeb,Centre-Forward,24,Union Touarga Sportif,8000000.0,,01/05/2026
Lens,Thorgan Hazard,Attacking Midfield,33,Without ClubWithout Club,2000000.0,,26/04/2026
Lens,Fashion Sakala,Left Winger,29,Al-Fayha FC,3800000.0,,26/04/2026
Lens,Serge-Philippe Raux-Yao,Centre-Back,27,Rapid Vienna,4000000.0,,14/04/2026
Lens,Matthieu Epolo,Goalkeeper,21,Standard Liège,8000000.0,,16/04/2025
Lille,Gjivai Zechiël,Central Midfield,22,Feyenoord Rotterdam,10000000.0,,01/07/2026
Lille,Farès Ghedjemis,Right Winger,23,Frosinone Calcio,7500000.0,,30/06/2026
Lille,Mathys Detourbet,Left Winger,19,AS Monaco,15000000.0,,28/06/2026
Lille,Başar Önal,Left Midfield,22,NEC Nijmegen,7000000.0,,26/06/2026
Lille,Fynn Schenten,Centre-Forward,18,1.FC Köln,1000000.0,,25/06/2026
Lille,Yéli Traoré,Left Winger,19,LOSC Lille U19,,,23/06/2026
Lille,Yvann Titi,Right-Back,20,ESTAC Troyes,2500000.0,,18/06/2026
Lille,Cyriaque Irié,Right Winger,21,SC Freiburg,8000000.0,,17/06/2026
Lille,Maxime Delanghe,Goalkeeper,25,Cercle Brugge,1500000.0,,15/06/2026
Lille,Christ Tapé,Left-Back,20,AC Horsens,800000.0,,15/06/2026
Lille,Martin James,Goalkeeper,18,Without ClubWithout Club,,,14/06/2026
Lille,Aral Şimşir,Left Winger,24,FC Midtjylland,10000000.0,,10/06/2026
Lille,Mathys Tel,Centre-Forward,21,Tottenham Hotspur,22000000.0,,10/06/2026
Lille,Uran Bislimi,Central Midfield,26,FC Lugano,2500000.0,,27/05/2026
Lille,Ilija Despotovic,Centre-Forward,18,FC Lausanne-Sport U19,,,26/05/2026
Lille,Jacques Ekomié,Left-Back,22,Angers SCO,9000000.0,,20/05/2026
Lille,Gabriel Mec,Attacking Midfield,18,Grêmio Foot-Ball Porto Alegrense,16000000.0,,20/05/2026
Lille,Edvin Austbø,Left Winger,21,Viking FK,9000000.0,,20/05/2026
Lille,Kévin Danois,Central Midfield,22,AJ Auxerre,20000000.0,,19/05/2026
Lille,Antoine Sekongo,Central Midfield,22,USL Dunkerque,4000000.0,,19/05/2026
Lille,Khays Guimba-Babot,Right Winger,18,ESTAC Troyes U19,,,19/05/2026
Lille,Gabriel Menegon,Goalkeeper,17,Grêmio Foot-Ball Porto Alegrense,,,13/05/2026
Lille,Pape Moussa Fall,Centre-Forward,22,FC Metz,3500000.0,,11/05/2026
Lille,Anis Hadj Moussa,Right Winger,24,Feyenoord Rotterdam,23000000.0,,05/05/2026
Lille,Thomas Jørgensen,Central Midfield,20,Viborg FF,5000000.0,,08/04/2026
Lorient,Gabin Bernardeau,Attacking Midfield,20,OGC Nice,1200000.0,,03/07/2026
Lorient,Souleymane Faye,Right Winger,23,Sporting CP,3000000.0,,19/06/2026
Lorient,Johann Lepenant,Defensive Midfield,23,FC Nantes,7000000.0,,08/06/2026
Lorient,Robbie Ure,Centre-Forward,22,IK Sirius,5000000.0,,02/06/2026
Lorient,Antoine Sekongo,Central Midfield,22,USL Dunkerque,4000000.0,,19/05/2026
Lorient,Martin Adeline,Attacking Midfield,22,ESTAC Troyes,10000000.0,,18/05/2026
Lorient,Pape Moussa Fall,Centre-Forward,22,FC Metz,3500000.0,,11/05/2026
Lyon,Ime Okon,Centre-Back,22,Hannover 96,2000000.0,,06/07/2026
Lyon,Cláudio Braga,Centre-Forward,26,Heart of Midlothian FC,7000000.0,,23/06/2026
Lyon,Jonathan David,Centre-Forward,26,Juventus FC,30000000.0,20,22/06/2026
Lyon,Loïs Openda,Centre-Forward,26,Juventus FC,25000000.0,22,20/06/2026
Lyon,Han-beom Lee,Centre-Back,24,FC Midtjylland,3000000.0,,16/06/2026
Lyon,Brian Gutiérrez,Attacking Midfield,23,Deportivo Guadalajara,8000000.0,,16/06/2026
Lyon,Hyun-seok Hong,Attacking Midfield,27,1.FSV Mainz 05,2500000.0,,12/06/2026
Lyon,Pablo Pagis,Left Winger,23,FC Lorient,15000000.0,,09/06/2026
Lyon,Vitinho,Right-Back,26,Botafogo de Futebol e Regatas,9000000.0,,05/06/2026
Lyon,Kader Meïté,Centre-Forward,18,Al-Hilal SFC,18000000.0,,01/06/2026
Lyon,Zavier Gozo,Right Winger,19,Real Salt Lake City,6000000.0,,18/05/2026
Lyon,Tomas Bobcek,Centre-Forward,24,Lechia Gdansk,8000000.0,,12/05/2026
Lyon,Oussama Targhalline,Defensive Midfield,24,Feyenoord Rotterdam,16000000.0,,12/05/2026
Lyon,Kévin Danois,Central Midfield,22,AJ Auxerre,20000000.0,,11/05/2026
Lyon,Kaïl Boudache,Right Winger,20,Olympique Lyon,5000000.0,,29/04/2026
Lyon,Virgilio Olaya,Centre-Back,18,SD Aucas,1200000.0,,26/04/2026
Lyon,Melayro Bogarde,Defensive Midfield,24,LASK,4000000.0,,19/04/2026
Lyon,El Chadaille Bitshiabu,Centre-Back,21,RB Leipzig,18000000.0,,15/04/2026
Lyon,Thomas Kristensen,Centre-Back,24,Udinese Calcio,12000000.0,,13/04/2026
Lyon,Louey Ben Farhat,Second Striker,19,Karlsruher SC,10000000.0,,09/03/2026
Marseille,Hervé Koffi,Goalkeeper,29,RC Lens,6000000.0,,29/06/2026
Marseille,Malang Sarr,Centre-Back,27,Without ClubWithout Club,20000000.0,,20/06/2026
Marseille,Cyriaque Irié,Right Winger,21,SC Freiburg,8000000.0,15,17/06/2026
Marseille,Jephthe Malanda,Attacking Midfield,18,Olympique de Marseille B,,,16/06/2026
Marseille,Mohamadou Kanté,Defensive Midfield,20,West Ham United,1000000.0,,15/06/2026
Marseille,Hugo Magnetti,Central Midfield,28,Stade Brestois 29,6000000.0,,13/06/2026
Marseille,Jean-Clair Todibo,Centre-Back,26,West Ham United,22000000.0,,11/06/2026
Marseille,Akor Adams,Centre-Forward,26,Sevilla FC,15000000.0,,09/06/2026
Marseille,Sacha Lung,Centre-Back,18,Olympique de Marseille B,,,02/06/2026
Marseille,Yassine Titraoui,Central Midfield,22,Royal Charleroi SC,7000000.0,,02/06/2026
Marseille,Mattia Zaccagni,Left Winger,31,SS Lazio,7500000.0,,12/05/2026
Marseille,Anis Hadj Moussa,Right Winger,24,Feyenoord Rotterdam,23000000.0,,05/05/2026
Marseille,Pablo Pagis,Left Winger,23,FC Lorient,15000000.0,,05/05/2026
Marseille,Crysencio Summerville,Left Winger,24,West Ham United,35000000.0,,04/05/2026
Marseille,John Stones,Centre-Back,32,Without ClubWithout Club,12000000.0,,29/04/2026
Marseille,Alfie Osborne,Centre-Back,17,Heart of Midlothian FC U18,,,17/04/2026
Marseille,Adam Aznou,Left-Back,20,Everton FC,6000000.0,,17/04/2026
Marseille,Taras Mykhavko,Centre-Back,21,Dynamo Kyiv,10000000.0,,16/03/2026
Metz,Alassane Sy,Defensive Midfield,21,AS Académie Génération Foot,250000.0,,11/06/2026
Metz,Abdourahmane Mbodji,Centre-Forward,18,AS Académie Génération Foot,700000.0,,11/05/2026
Monaco,Evertton Araújo,Defensive Midfield,23,CR Flamengo,10000000.0,,06/07/2026
Monaco,Mory Kera,Defensive Midfield,18,Royal Charleroi SC,150000.0,,06/07/2026
Monaco,Ime Okon,Centre-Back,22,Hannover 96,2000000.0,,06/07/2026
Monaco,Rahim Alhassane,Left-Back,24,Real Oviedo,1500000.0,,05/07/2026
Monaco,Mathys Detourbet,Left Winger,19,AS Monaco,15000000.0,,01/07/2026
Monaco,Farès Ghedjemis,Right Winger,23,Frosinone Calcio,7500000.0,,30/06/2026
Monaco,Léo Pereira,Centre-Back,30,CR Flamengo,12000000.0,,29/06/2026
Monaco,Emmanuel Mbemba,Left-Back,18,Without ClubWithout Club,,,29/06/2026
Monaco,Romelu Lukaku,Centre-Forward,33,SSC Napoli,6000000.0,,29/06/2026
Monaco,Sadibou Sané,Centre-Back,22,FC Metz,7000000.0,,28/06/2026
Monaco,Mathys Detourbet,Left Winger,19,AS Monaco,15000000.0,,28/06/2026
Monaco,Mouad Dahak,Left Winger,20,Union Touarga Sportif,600000.0,,25/06/2026
Monaco,Han-beom Lee,Centre-Back,24,FC Midtjylland,3000000.0,,16/06/2026
Monaco,Brian Gutiérrez,Attacking Midfield,23,Deportivo Guadalajara,8000000.0,,16/06/2026
Monaco,Mert Kömür,Attacking Midfield,20,FC Augsburg,12000000.0,,13/06/2026
Monaco,Elias Havel,Centre-Forward,23,TSV Hartberg,2200000.0,,11/06/2026
Monaco,Ibrahima Cissé,Centre-Forward,18,Jong KAA Gent,900000.0,,07/06/2026
Monaco,Loïs Openda,Centre-Forward,26,Juventus FC,25000000.0,,04/06/2026
Monaco,Marc Casadó,Defensive Midfield,22,FC Barcelona,18000000.0,,03/06/2026
Monaco,Emersonn,Centre-Forward,21,FC Toulouse,8000000.0,,23/05/2026
Monaco,Aymen Assab,Central Midfield,17,Without ClubWithout Club,,,19/05/2026
Monaco,Oussama Targhalline,Defensive Midfield,24,Feyenoord Rotterdam,16000000.0,,12/05/2026
Monaco,Tomas Bobcek,Centre-Forward,24,Lechia Gdansk,8000000.0,,11/05/2026
Monaco,Adem Arous,Centre-Back,21,Kasimpasa,4000000.0,,10/05/2026
Monaco,Barış Alper Yılmaz,Left Winger,26,Galatasaray,30000000.0,,29/04/2026
Nantes,Killian Corredor,Centre-Forward,25,SV Darmstadt 98,2800000.0,,04/07/2026
Nantes,Lucas Perrin,Centre-Back,27,Sporting Gijón,2000000.0,,03/07/2026
Nantes,Wilitty Younoussa,Central Midfield,24,FC Nantes,900000.0,,22/06/2026
Nantes,Maxime Dupé,Goalkeeper,33,FC Nantes,700000.0,,16/06/2026
Nantes,Alexis Trouillet,Central Midfield,25,Rodez AF,800000.0,,06/06/2026
Nice,Robbie Ure,Centre-Forward,22,IK Sirius,5000000.0,,06/07/2026
Nice,Benjamin Bouchouari,Central Midfield,24,Trabzonspor,4500000.0,,05/07/2026
Nice,Gauthier Hein,Right Winger,29,FC Metz,5000000.0,,27/06/2026
Nice,Tim Jabol-Folcarelli,Central Midfield,26,Trabzonspor,7000000.0,,26/06/2026
Nice,Youssef Belammari,Left-Back,27,Al Ahly FC,1200000.0,,19/06/2026
Nice,Mohamed Hany,Right-Back,30,Al Ahly FC,1500000.0,,19/06/2026
Nice,Cyriaque Irié,Right Winger,21,SC Freiburg,8000000.0,,18/06/2026
Nice,Darlin Yongwa,Left-Back,25,Without ClubWithout Club,5000000.0,,17/06/2026
Nice,Jacques Siwe,Centre-Forward,24,Rubin Kazan,2500000.0,,16/06/2026
Nice,Anthony Martial,Centre-Forward,30,CF Monterrey,3500000.0,,09/06/2026
Nice,Lenny Joseph,Centre-Forward,25,Ferencvárosi TC,2000000.0,,02/06/2026
Nice,Élie N'Gatta,Right-Back,20,FC Sochaux-Montbéliard,800000.0,,06/05/2026
Nice,Elye Wahi,Centre-Forward,23,Eintracht Frankfurt,18000000.0,,29/04/2026
PSG,Folarin Balogun,Centre-Forward,25,AS Monaco,40000000.0,,03/07/2026
PSG,Yan Diomande,Left Winger,19,RB Leipzig,90000000.0,61,30/06/2026
PSG,Maghnes Akliouche,Right Winger,24,AS Monaco,50000000.0,60,28/06/2026
PSG,Julián Alvarez,Centre-Forward,26,Atlético de Madrid,100000000.0,,27/06/2026
PSG,Khéphren Thuram,Central Midfield,25,Juventus FC,38000000.0,,24/06/2026
PSG,Alessandro Circati,Centre-Back,22,Parma Calcio 1913,12000000.0,,22/06/2026
PSG,Michael Olise,Right Winger,24,Bayern Munich,150000000.0,23,19/06/2026
PSG,Arda Güler,Attacking Midfield,21,Real Madrid,90000000.0,,15/06/2026
PSG,Ayyoub Bouaddi,Central Midfield,18,LOSC Lille,50000000.0,,13/06/2026
PSG,Ferran Torres,Centre-Forward,26,FC Barcelona,50000000.0,,13/06/2026
PSG,Junior Kroupi,Centre-Forward,20,AFC Bournemouth,70000000.0,,02/06/2026
PSG,Jorge Salinas,Left-Back,19,Racing Santander,8000000.0,,02/06/2026
PSG,Aleksey Batrakov,Attacking Midfield,21,Lokomotiv Moscow,28000000.0,37,02/06/2026
PSG,Morgan Rogers,Attacking Midfield,23,Aston Villa,90000000.0,,31/05/2026
PSG,Konstantinos Karetsas,Attacking Midfield,18,KRC Genk,35000000.0,,25/05/2026
PSG,Adem Avdic,Left-Back,18,Red Star Belgrade,10000000.0,,19/05/2026
PSG,Mile Svilar,Goalkeeper,26,AS Roma,35000000.0,,19/05/2026
PSG,Elia Caprile,Goalkeeper,24,Cagliari Calcio,15000000.0,,19/05/2026
PSG,Anatoliy Trubin,Goalkeeper,24,SL Benfica,25000000.0,,19/05/2026
PSG,Joaquin Seys,Left-Back,21,Club Brugge KV,20000000.0,,18/05/2026
PSG,Karim Adeyemi,Right Winger,24,Borussia Dortmund,40000000.0,,17/05/2026
PSG,Matvey Kislyak,Central Midfield,20,CSKA Moscow,25000000.0,,13/05/2026
PSG,Federico Valverde,Central Midfield,27,Real Madrid,90000000.0,,13/05/2026
PSG,Gabriel Mec,Attacking Midfield,18,Grêmio Foot-Ball Porto Alegrense,16000000.0,,12/05/2026
PSG,Estéban Lepaul,Centre-Forward,26,Stade Rennais FC,35000000.0,,11/05/2026
Paris FC,Arsène Kouassi,Left-Back,22,FC Lorient,15000000.0,,28/06/2026
Paris FC,Toni Fruk,Attacking Midfield,25,HNK Rijeka,9000000.0,,27/06/2026
Paris FC,Andria Bartishvili,Attacking Midfield,17,Iberia 1999 Tbilisi,1500000.0,,22/06/2026
Paris FC,Nathan De Cat,Central Midfield,17,RSC Anderlecht,27000000.0,,12/06/2026
Paris FC,Matthis Abline,Centre-Forward,23,FC Nantes,20000000.0,,11/06/2026
Paris FC,N'Golo Kanté,Defensive Midfield,35,Fenerbahce,4000000.0,,10/06/2026
Paris FC,Emmanuel Mbemba,Left-Back,18,Without ClubWithout Club,,,09/06/2026
Paris FC,Anthony Martial,Centre-Forward,30,CF Monterrey,3500000.0,,09/06/2026
Paris FC,Mohamed Alì Zoma,Second Striker,22,1.FC Nuremberg,8000000.0,,04/06/2026
Paris FC,Lorenz Assignon,Right-Back,26,VfB Stuttgart,9000000.0,,25/05/2026
Paris FC,Mason Greenwood,Right Winger,24,Olympique Marseille,55000000.0,17,19/05/2026
Paris FC,Gustavo Varela,Centre-Forward,21,SL Benfica B,3000000.0,,15/05/2026
Paris FC,Adrien Thomasson,Central Midfield,32,Stade Rennais FC,4000000.0,,10/05/2026
Paris FC,Pablo Pagis,Left Winger,23,FC Lorient,15000000.0,,05/05/2026
Paris FC,Matt O'Riley,Central Midfield,25,Brighton & Hove Albion,18000000.0,,19/04/2026
Rennes,Charlie Cresswell,Centre-Back,23,FC Toulouse,25000000.0,,03/07/2026
Rennes,Bryan Reynolds,Right-Back,25,KVC Westerlo,3500000.0,,26/06/2026
Rennes,Lucas Chevalier,Goalkeeper,24,Paris Saint-Germain,25000000.0,,09/06/2026
Rennes,Diego Moreira,Left Midfield,21,RC Strasbourg Alsace,25000000.0,,27/05/2026
Rennes,Kévin Danois,Central Midfield,22,AJ Auxerre,20000000.0,,19/05/2026
Rennes,Antoine Sekongo,Central Midfield,22,USL Dunkerque,4000000.0,,19/05/2026
Rennes,Nabil Bentaleb,Defensive Midfield,31,Without ClubWithout Club,4500000.0,,19/05/2026
Rennes,Adrien Thomasson,Central Midfield,32,Stade Rennais FC,4000000.0,,15/05/2026
Rennes,Adem Arous,Centre-Back,21,Kasimpasa,4000000.0,,11/05/2026
Strasbourg,Marcel Reguła,Attacking Midfield,19,Zaglebie Lubin,7000000.0,,01/07/2026
Strasbourg,Fynn Schenten,Centre-Forward,18,1.FC Köln,1000000.0,,25/06/2026
Strasbourg,Zan Vipotnik,Centre-Forward,24,Swansea City,22000000.0,,24/06/2026
Strasbourg,Dastan Satpaev,Centre-Forward,17,Kairat Almaty,3500000.0,76,16/06/2026
Strasbourg,Robbie Ure,Centre-Forward,22,IK Sirius,5000000.0,,02/06/2026
Strasbourg,Taufik Seidu,Central Midfield,18,Atlético Madrid C,,,02/06/2026
Strasbourg,Mateo Del Blanco,Left-Back,22,CA Unión (Santa Fe),5000000.0,,28/05/2026
Strasbourg,Kingsley Olufadé,Striker,18,LOSC Lille U19,,,25/05/2026
Strasbourg,Oso,Left-Back,22,Sevilla FC,10000000.0,,23/05/2026
Strasbourg,Jonathan Jesus,Centre-Back,22,Cruzeiro Esporte Clube,8000000.0,,22/05/2026
Strasbourg,Jacques Ekomié,Left-Back,22,Angers SCO,9000000.0,,20/05/2026
Strasbourg,Carlos Espí,Centre-Forward,20,Levante UD,20000000.0,,14/05/2026
Strasbourg,Diogo Sousa,Defensive Midfield,20,RC Strasbourg Alsace,8000000.0,,12/05/2026
Strasbourg,Caleb Yirenkyi,Central Midfield,20,FC Nordsjaelland,10000000.0,,05/05/2026
Strasbourg,Tobías Andrada,Central Midfield,19,CA Vélez Sarsfield,9000000.0,,29/04/2026
Strasbourg,Bilal Nadir,Central Midfield,22,Without ClubWithout Club,8000000.0,,20/04/2026
Strasbourg,Xavier Mandza,Midfielder,17,OGC Nice U17,,,15/04/2026
Strasbourg,Giacomo Koloto,Centre-Forward,18,FC Basel 1893,3000000.0,,08/04/2026
Strasbourg,Nicolò Tresoldi,Centre-Forward,21,Club Brugge KV,25000000.0,,16/03/2026
Toulouse,Christ Tapé,Left-Back,20,AC Horsens,800000.0,,06/07/2026
Toulouse,Miguel Chaiwa,Defensive Midfield,22,Hibernian FC,3000000.0,,15/06/2026
Toulouse,Thomas Jørgensen,Central Midfield,20,Viborg FF,5000000.0,,14/06/2026
Toulouse,Hyun-seok Hong,Attacking Midfield,27,1.FSV Mainz 05,2500000.0,,12/06/2026
Toulouse,Ibrahim Cissé,Centre-Back,30,Without ClubWithout Club,2500000.0,,11/06/2026
Toulouse,Antoine Sekongo,Central Midfield,22,USL Dunkerque,4000000.0,,19/05/2026
Toulouse,Paul Nardi,Goalkeeper,32,Without ClubWithout Club,1200000.0,,18/05/2026
Toulouse,Akram Bouras,Central Midfield,24,Levski Sofia,2000000.0,,09/05/2026
Toulouse,Heinz Mörschel,Attacking Midfield,28,FC Vizela,1200000.0,,17/04/2026
