detected_at,squad,player,norm_key,tm_id,joined_date,contract_until,contract_signal,tm_photo,source
2026-07-07T15:50:34,Club Brugge,Nordin Jackers,nordin jackers,250543,2024-07-01,2029-06-30,,https://img.a.transfermarkt.technology/portrait/medium/250543-1705416091.jpg?lm=1,https://www.transfermarkt.com/fc-brugge/kader/verein/2282/plus/1
2026-07-07T15:50:34,Club Brugge,Axl De Corte,axl de corte,1073654,2025-07-01,2028-06-30,,https://img.a.transfermarkt.technology/portrait/medium/1073654-1692209584.jpg?lm=1,https://www.transfermarkt.com/fc-brugge/kader/verein/2282/plus/1
2026-07-07T15:50:34,Club Brugge,Joel Ordóñez,joel ordonez,893661,2023-07-01,2029-06-30,,https://img.a.transfermarkt.technology/portrait/medium/893661-1666292051.jpg?lm=1,https://www.transfermarkt.com/fc-brugge/kader/verein/2282/plus/1
2026-07-07T15:50:34,Club Brugge,Jorne Spileers,jorne spileers,743381,2023-01-01,2028-06-30,,https://img.a.transfermarkt.technology/portrait/medium/743381-1705658468.jpg?lm=1,https://www.transfermarkt.com/fc-brugge/kader/verein/2282/plus/1
2026-07-07T15:50:34,Club Brugge,Brandon Mechele,brandon mechele,236168,2013-07-01,2028-06-30,,https://img.a.transfermarkt.technology/portrait/medium/236168-1704874625.jpg?lm=1,https://www.transfermarkt.com/fc-brugge/kader/verein/2282/plus/1
2026-07-07T15:50:34,Club Brugge,Vince Osuji,vince osuji,1285176,2025-01-23,2029-06-30,,https://img.a.transfermarkt.technology/portrait/medium/1285176-1753180351.jpg?lm=1,https://www.transfermarkt.com/fc-brugge/kader/verein/2282/plus/1
2026-07-07T15:50:34,Club Brugge,Joaquin Seys,joaquin seys,981196,2024-07-01,2029-06-30,,https://img.a.transfermarkt.technology/portrait/medium/981196-1754511396.jpg?lm=1,https://www.transfermarkt.com/fc-brugge/kader/verein/2282/plus/1
2026-07-07T15:50:34,Club Brugge,Bjorn Meijer,bjorn meijer,594227,2022-07-01,2027-06-30,,https://img.a.transfermarkt.technology/portrait/medium/594227-1673726046.jpg?lm=1,https://www.transfermarkt.com/fc-brugge/kader/verein/2282/plus/1
2026-07-07T15:50:34,Club Brugge,Kyriani Sabbe,kyriani sabbe,743122,2023-01-01,2028-06-30,,https://img.a.transfermarkt.technology/portrait/medium/743122-1705056437.jpg?lm=1,https://www.transfermarkt.com/fc-brugge/kader/verein/2282/plus/1
2026-07-07T15:50:34,Club Brugge,Hugo Siquet,hugo siquet,578680,2024-07-23,2028-06-30,,https://img.a.transfermarkt.technology/portrait/medium/578680-1754510812.jpg?lm=1,https://www.transfermarkt.com/fc-brugge/kader/verein/2282/plus/1
2026-07-07T15:50:34,Club Brugge,Raphael Onyedika,raphael onyedika,699783,2022-08-28,2027-06-30,,https://img.a.transfermarkt.technology/portrait/medium/699783-1754511026.jpg?lm=1,https://www.transfermarkt.com/fc-brugge/kader/verein/2282/plus/1
2026-07-07T15:50:34,Club Brugge,Lynnt Audoor,lynnt audoor,623095,2025-07-01,2029-06-30,,https://img.a.transfermarkt.technology/portrait/medium/623095-1704452328.jpg?lm=1,https://www.transfermarkt.com/fc-brugge/kader/verein/2282/plus/1
2026-07-07T15:50:34,Club Brugge,Hugo Vetlesen,hugo vetlesen,499758,2023-07-03,2027-06-30,,https://img.a.transfermarkt.technology/portrait/medium/499758-1754511519.jpg?lm=1,https://www.transfermarkt.com/fc-brugge/kader/verein/2282/plus/1
2026-07-07T15:50:34,Club Brugge,Ludovit Reis,ludovit reis,490884,2025-07-01,2029-06-30,,https://img.a.transfermarkt.technology/portrait/medium/490884-1728397902.jpg?lm=1,https://www.transfermarkt.com/fc-brugge/kader/verein/2282/plus/1
2026-07-07T15:50:34,Club Brugge,Alejandro Granados,alejandro granados,998205,2025-07-01,2027-06-30,,https://img.a.transfermarkt.technology/portrait/medium/998205-1753180480.jpg?lm=1,https://www.transfermarkt.com/fc-brugge/kader/verein/2282/plus/1
2026-07-07T15:50:34,Club Brugge,Félix Lemaréchal,felix lemarechal,659518,2026-01-24,2029-06-30,,https://img.a.transfermarkt.technology/portrait/medium/659518-1732576183.png?lm=1,https://www.transfermarkt.com/fc-brugge/kader/verein/2282/plus/1
2026-07-07T15:50:34,Club Brugge,Hans Vanaken,hans vanaken,137576,2015-07-01,2028-06-30,,https://img.a.transfermarkt.technology/portrait/medium/137576-1705414489.jpg?lm=1,https://www.transfermarkt.com/fc-brugge/kader/verein/2282/plus/1
2026-07-07T15:50:34,Club Brugge,Cisse Sandra,cisse sandra,632088,2021-01-15,2027-06-30,,https://img.a.transfermarkt.technology/portrait/medium/632088-1745075831.jpg?lm=1,https://www.transfermarkt.com/fc-brugge/kader/verein/2282/plus/1
2026-07-07T15:50:34,Club Brugge,Tian Nai Koren,tian nai koren,1191293,2026-07-01,2029-06-30,NEW,https://img.a.transfermarkt.technology/portrait/medium/1191293-1777537484.jpg?lm=1,https://www.transfermarkt.com/fc-brugge/kader/verein/2282/plus/1
2026-07-07T15:50:34,Club Brugge,Christos Tzolis,christos tzolis,451677,2024-07-04,2029-06-30,,https://img.a.transfermarkt.technology/portrait/medium/451677-1754510866.jpg?lm=1,https://www.transfermarkt.com/fc-brugge/kader/verein/2282/plus/1
2026-07-07T15:50:34,Club Brugge,Mamadou Diakhon,mamadou diakhon,1054839,2025-08-18,2029-06-30,,https://img.a.transfermarkt.technology/portrait/medium/1054839-1723837204.png?lm=1,https://www.transfermarkt.com/fc-brugge/kader/verein/2282/plus/1
2026-07-07T15:50:34,Club Brugge,Shandre Campbell,shandre campbell,1159786,2025-02-02,2027-06-30,,https://img.a.transfermarkt.technology/portrait/medium/1159786-1754511168.jpg?lm=1,https://www.transfermarkt.com/fc-brugge/kader/verein/2282/plus/1
2026-07-07T15:50:34,Club Brugge,Carlos Forbs,carlos forbs,742451,2025-07-17,2029-06-30,,https://img.a.transfermarkt.technology/portrait/medium/742451-1721657852.jpg?lm=1,https://www.transfermarkt.com/fc-brugge/kader/verein/2282/plus/1
2026-07-07T15:50:34,Club Brugge,Nicolò Tresoldi,nicolo tresoldi,717329,2025-07-01,2029-06-30,,https://img.a.transfermarkt.technology/portrait/medium/717329-1754510555.jpg?lm=1,https://www.transfermarkt.com/fc-brugge/kader/verein/2282/plus/1
2026-07-07T15:50:34,Club Brugge,Romeo Vermant,romeo vermant,708454,2023-03-15,2028-06-30,,https://img.a.transfermarkt.technology/portrait/medium/708454-1754510947.jpg?lm=1,https://www.transfermarkt.com/fc-brugge/kader/verein/2282/plus/1
2026-07-07T15:50:34,Club Brugge,Gustaf Nilsson,gustaf nilsson,320440,2024-07-12,2028-06-30,,https://img.a.transfermarkt.technology/portrait/medium/320440-1754511265.jpg?lm=1,https://www.transfermarkt.com/fc-brugge/kader/verein/2282/plus/1
2026-07-07T15:50:37,Genk,Lucca Brughmans,lucca brughmans,1105547,2024-07-01,2030-06-30,,https://img.a.transfermarkt.technology/portrait/medium/1105547-1729177232.jpg?lm=1,https://www.transfermarkt.com/krc-genk/kader/verein/1184/plus/1
2026-07-07T15:50:37,Genk,Tobias Lawal,tobias lawal,393686,2025-07-09,2029-06-30,,https://img.a.transfermarkt.technology/portrait/medium/393686-1722521028.jpg?lm=1,https://www.transfermarkt.com/krc-genk/kader/verein/1184/plus/1
2026-07-07T15:50:37,Genk,Hendrik Van Crombrugge,hendrik van crombrugge,137326,2023-07-18,2027-06-30,,https://img.a.transfermarkt.technology/portrait/medium/137326-1714036449.png?lm=1,https://www.transfermarkt.com/krc-genk/kader/verein/1184/plus/1
2026-07-07T15:50:37,Genk,Emile Doucouré,emile doucoure,981532,2026-02-02,2030-06-30,,https://img.a.transfermarkt.technology/portrait/medium/981532-1711615589.png?lm=1,https://www.transfermarkt.com/krc-genk/kader/verein/1184/plus/1
2026-07-07T15:50:37,Genk,Matte Smets,matte smets,1019174,2024-07-01,2028-06-30,,https://img.a.transfermarkt.technology/portrait/medium/1019174-1713346132.png?lm=1,https://www.transfermarkt.com/krc-genk/kader/verein/1184/plus/1
2026-07-07T15:50:37,Genk,Mujaid Sadick,mujaid sadick,497663,2021-07-01,2028-06-30,,https://img.a.transfermarkt.technology/portrait/medium/497663-1714036674.png?lm=1,https://www.transfermarkt.com/krc-genk/kader/verein/1184/plus/1
2026-07-07T15:50:37,Genk,Josué Kongolo,josue kongolo,997474,2023-07-01,2028-06-30,,https://img.a.transfermarkt.technology/portrait/medium/997474-1714037420.png?lm=1,https://www.transfermarkt.com/krc-genk/kader/verein/1184/plus/1
2026-07-07T15:50:37,Genk,Adrián Palacios,adrian palacios,1041316,2024-07-01,2028-06-30,,https://img.a.transfermarkt.technology/portrait/medium/1041316-1781772811.jpg?lm=1,https://www.transfermarkt.com/krc-genk/kader/verein/1184/plus/1
2026-07-07T15:50:37,Genk,Yaimar Medina,yaimar medina,893659,2025-01-09,2029-06-30,,https://img.a.transfermarkt.technology/portrait/medium/893659-1781508465.jpg?lm=1,https://www.transfermarkt.com/krc-genk/kader/verein/1184/plus/1
2026-07-07T15:50:37,Genk,Joris Kayembe,joris kayembe,129586,2023-07-01,2027-06-30,,https://img.a.transfermarkt.technology/portrait/medium/129586-1714036942.png?lm=1,https://www.transfermarkt.com/krc-genk/kader/verein/1184/plus/1
2026-07-07T15:50:37,Genk,Zakaria El Ouahdi,zakaria el ouahdi,820474,2023-09-05,2028-06-30,,https://img.a.transfermarkt.technology/portrait/medium/820474-1714037470.png?lm=1,https://www.transfermarkt.com/krc-genk/kader/verein/1184/plus/1
2026-07-07T15:50:37,Genk,Ken Nkuba,ken nkuba,627939,2024-01-30,2028-06-30,,https://img.a.transfermarkt.technology/portrait/medium/627939-1714037103.png?lm=1,https://www.transfermarkt.com/krc-genk/kader/verein/1184/plus/1
2026-07-07T15:50:37,Genk,Ibrahima Sory Bangoura,ibrahima sory bangoura,1038348,2024-01-01,2028-06-30,,https://img.a.transfermarkt.technology/portrait/medium/1038348-1714046294.png?lm=1,https://www.transfermarkt.com/krc-genk/kader/verein/1184/plus/1
2026-07-07T15:50:37,Genk,Nikolas Sattlberger,nikolas sattlberger,669632,2024-08-05,2029-06-30,,https://img.a.transfermarkt.technology/portrait/medium/669632-1726050733.jpg?lm=1,https://www.transfermarkt.com/krc-genk/kader/verein/1184/plus/1
2026-07-07T15:50:37,Genk,Bryan Heynen,bryan heynen,356081,2015-07-01,2029-06-30,,https://img.a.transfermarkt.technology/portrait/medium/356081-1714037998.png?lm=1,https://www.transfermarkt.com/krc-genk/kader/verein/1184/plus/1
2026-07-07T15:50:37,Genk,August De Wannemacker,august de wannemacker,1184726,2026-01-20,2028-06-30,,https://img.a.transfermarkt.technology/portrait/medium/1184726-1729177685.jpg?lm=1,https://www.transfermarkt.com/krc-genk/kader/verein/1184/plus/1
2026-07-07T15:50:37,Genk,Konstantinos Karetsas,konstantinos karetsas,990148,2024-01-01,2029-06-30,,https://img.a.transfermarkt.technology/portrait/medium/990148-1742566542.jpg?lm=1,https://www.transfermarkt.com/krc-genk/kader/verein/1184/plus/1
2026-07-07T15:50:37,Genk,Daan Heymans,daan heymans,446491,2025-07-01,2029-06-30,,https://img.a.transfermarkt.technology/portrait/medium/446491-1672593669.jpg?lm=1,https://www.transfermarkt.com/krc-genk/kader/verein/1184/plus/1
2026-07-07T15:50:37,Genk,Jeppe Erenbjerg,jeppe erenbjerg,543302,2026-07-01,2029-06-30,NEW,https://img.a.transfermarkt.technology/portrait/medium/543302-1668018150.jpg?lm=1,https://www.transfermarkt.com/krc-genk/kader/verein/1184/plus/1
2026-07-07T15:50:37,Genk,Noah Adedeji-Sternberg,noah adedeji-sternberg,912436,2024-01-01,2028-06-30,,https://img.a.transfermarkt.technology/portrait/medium/912436-1714038356.png?lm=1,https://www.transfermarkt.com/krc-genk/kader/verein/1184/plus/1
2026-07-07T15:50:37,Genk,Yira Sor,yira sor,673382,2023-01-01,2027-06-30,,https://img.a.transfermarkt.technology/portrait/medium/673382-1714038500.png?lm=1,https://www.transfermarkt.com/krc-genk/kader/verein/1184/plus/1
2026-07-07T15:50:37,Genk,Ayumu Yokoyama,ayumu yokoyama,835775,2025-07-01,2029-06-30,,https://img.a.transfermarkt.technology/portrait/medium/835775-1781791634.jpg?lm=1,https://www.transfermarkt.com/krc-genk/kader/verein/1184/plus/1
2026-07-07T15:50:37,Genk,Jarne Steuckers,jarne steuckers,707159,2024-07-01,2028-06-30,,https://img.a.transfermarkt.technology/portrait/medium/707159-1713351891.png?lm=1,https://www.transfermarkt.com/krc-genk/kader/verein/1184/plus/1
2026-07-07T15:50:37,Genk,Junya Ito,junya ito,348791,2025-08-09,2028-06-30,,https://img.a.transfermarkt.technology/portrait/medium/348791-1781199980.jpg?lm=1,https://www.transfermarkt.com/krc-genk/kader/verein/1184/plus/1
2026-07-07T15:50:37,Genk,Robin Mirisola,robin mirisola,952439,2025-07-01,2030-06-30,,https://img.a.transfermarkt.technology/portrait/medium/952439-1714046487.png?lm=1,https://www.transfermarkt.com/krc-genk/kader/verein/1184/plus/1
2026-07-07T15:50:37,Genk,Aaron Bibout,aaron bibout,1122196,2025-07-24,2029-06-30,,https://img.a.transfermarkt.technology/portrait/medium/1122196-1740776089.jpg?lm=1,https://www.transfermarkt.com/krc-genk/kader/verein/1184/plus/1
2026-07-07T15:50:37,Genk,Jusef Erabi,jusef erabi,851699,2025-09-02,2029-06-30,,https://img.a.transfermarkt.technology/portrait/medium/851699-1743175085.jpg?lm=1,https://www.transfermarkt.com/krc-genk/kader/verein/1184/plus/1
2026-07-07T15:50:41,Union SG,Kjell Scherpen,kjell scherpen,463527,2025-07-24,2028-06-30,,https://img.a.transfermarkt.technology/portrait/medium/463527-1772107351.jpg?lm=1,https://www.transfermarkt.com/royale-union-saint-gilloise/kader/verein/3948/plus/1
2026-07-07T15:50:41,Union SG,Vic Chambaere,vic chambaere,565429,2024-07-01,2027-06-30,,https://img.a.transfermarkt.technology/portrait/medium/565429-1772107651.jpg?lm=1,https://www.transfermarkt.com/royale-union-saint-gilloise/kader/verein/3948/plus/1
2026-07-07T15:50:41,Union SG,Giorgi Kavlashvili,giorgi kavlashvili,1193791,2025-03-21,2028-06-30,,https://img.a.transfermarkt.technology/portrait/medium/1193791-1772107172.jpg?lm=1,https://www.transfermarkt.com/royale-union-saint-gilloise/kader/verein/3948/plus/1
2026-07-07T15:50:41,Union SG,Kevin Mac Allister,kevin mac allister,428920,2023-07-12,2027-06-30,,https://img.a.transfermarkt.technology/portrait/medium/428920-1772107267.jpg?lm=1,https://www.transfermarkt.com/royale-union-saint-gilloise/kader/verein/3948/plus/1
2026-07-07T15:50:41,Union SG,Ross Sykes,ross sykes,450958,2022-07-01,2027-06-30,,https://img.a.transfermarkt.technology/portrait/medium/450958-1772107622.jpg?lm=1,https://www.transfermarkt.com/royale-union-saint-gilloise/kader/verein/3948/plus/1
2026-07-07T15:50:41,Union SG,Fedde Leysen,fedde leysen,660746,2023-07-01,2029-06-30,,https://img.a.transfermarkt.technology/portrait/medium/660746-1772107142.jpg?lm=1,https://www.transfermarkt.com/royale-union-saint-gilloise/kader/verein/3948/plus/1
2026-07-07T15:50:41,Union SG,Mamadou Thierno Barry,mamadou thierno barry,1250976,2025-01-27,2029-06-30,,https://img.a.transfermarkt.technology/portrait/medium/1250976-1772107379.jpg?lm=1,https://www.transfermarkt.com/royale-union-saint-gilloise/kader/verein/3948/plus/1
2026-07-07T15:50:41,Union SG,Massiré Sylla,massire sylla,1256870,2026-01-13,2030-06-30,,https://img.a.transfermarkt.technology/portrait/medium/1256870-1772107889.jpg?lm=1,https://www.transfermarkt.com/royale-union-saint-gilloise/kader/verein/3948/plus/1
2026-07-07T15:50:41,Union SG,Nikki Havenaar,nikki havenaar,129684,2026-07-01,2029-06-30,NEW,https://img.a.transfermarkt.technology/portrait/medium/129684-1753367106.png?lm=1,https://www.transfermarkt.com/royale-union-saint-gilloise/kader/verein/3948/plus/1
2026-07-07T15:50:41,Union SG,Nohim Chibani,nohim chibani,1035533,2026-07-01,2030-06-30,NEW,https://img.a.transfermarkt.technology/portrait/medium/1035533-1693035280.png?lm=1,https://www.transfermarkt.com/royale-union-saint-gilloise/kader/verein/3948/plus/1
2026-07-07T15:50:41,Union SG,Louis Patris,louis patris,502247,2025-09-02,2029-06-30,,https://img.a.transfermarkt.technology/portrait/medium/502247-1772107757.jpg?lm=1,https://www.transfermarkt.com/royale-union-saint-gilloise/kader/verein/3948/plus/1
2026-07-07T15:50:41,Union SG,Ondrej Kricfalusi,ondrej kricfalusi,839551,2026-07-01,2030-06-30,NEW,https://img.a.transfermarkt.technology/portrait/medium/839551-1670007174.jpg?lm=1,https://www.transfermarkt.com/royale-union-saint-gilloise/kader/verein/3948/plus/1
2026-07-07T15:50:41,Union SG,Adem Zorgane,adem zorgane,592403,2025-07-01,2029-06-30,,https://img.a.transfermarkt.technology/portrait/medium/592403-1772107021.jpg?lm=1,https://www.transfermarkt.com/royale-union-saint-gilloise/kader/verein/3948/plus/1
2026-07-07T15:50:41,Union SG,Kamiel Van De Perre,kamiel van de perre,655021,2024-07-01,2029-06-30,,https://img.a.transfermarkt.technology/portrait/medium/655021-1772107237.jpg?lm=1,https://www.transfermarkt.com/royale-union-saint-gilloise/kader/verein/3948/plus/1
2026-07-07T15:50:41,Union SG,Besfort Zeneli,besfort zeneli,715653,2026-01-13,2030-06-30,,https://img.a.transfermarkt.technology/portrait/medium/715653-1772107822.jpg?lm=1,https://www.transfermarkt.com/royale-union-saint-gilloise/kader/verein/3948/plus/1
2026-07-07T15:50:41,Union SG,Rob Schoofs,rob schoofs,157396,2025-09-01,2028-06-30,,https://img.a.transfermarkt.technology/portrait/medium/157396-1772107788.jpg?lm=1,https://www.transfermarkt.com/royale-union-saint-gilloise/kader/verein/3948/plus/1
2026-07-07T15:50:41,Union SG,Ivan Pavlic,ivan pavlic,719383,2025-09-03,2029-06-30,,https://img.a.transfermarkt.technology/portrait/medium/719383-1772107721.jpg?lm=1,https://www.transfermarkt.com/royale-union-saint-gilloise/kader/verein/3948/plus/1
2026-07-07T15:50:41,Union SG,Anan Khalaili,anan khalaili,945021,2024-07-01,2028-06-30,,https://img.a.transfermarkt.technology/portrait/medium/945021-1772107050.jpg?lm=1,https://www.transfermarkt.com/royale-union-saint-gilloise/kader/verein/3948/plus/1
2026-07-07T15:50:41,Union SG,Ousseynou Niang,ousseynou niang,509463,2024-09-04,2028-06-30,,https://img.a.transfermarkt.technology/portrait/medium/509463-1772107485.jpg?lm=1,https://www.transfermarkt.com/royale-union-saint-gilloise/kader/verein/3948/plus/1
2026-07-07T15:50:41,Union SG,Anouar Ait El Hadj,anouar ait el hadj,486039,2024-07-13,2028-06-30,,https://img.a.transfermarkt.technology/portrait/medium/486039-1772107085.jpg?lm=1,https://www.transfermarkt.com/royale-union-saint-gilloise/kader/verein/3948/plus/1
2026-07-07T15:50:41,Union SG,Darius Olaru,darius olaru,395800,2026-07-01,2030-06-30,NEW,https://img.a.transfermarkt.technology/portrait/medium/395800-1753789412.png?lm=1,https://www.transfermarkt.com/royale-union-saint-gilloise/kader/verein/3948/plus/1
2026-07-07T15:50:41,Union SG,Guilherme Smith,guilherme smith,949337,2025-08-12,2030-06-30,,https://img.a.transfermarkt.technology/portrait/medium/949337-1772107686.jpg?lm=1,https://www.transfermarkt.com/royale-union-saint-gilloise/kader/verein/3948/plus/1
2026-07-07T15:50:41,Union SG,Relebohile Mofokeng,relebohile mofokeng,1125037,2026-07-02,2030-06-30,NEW,https://img.a.transfermarkt.technology/portrait/medium/1125037-1736459558.png?lm=1,https://www.transfermarkt.com/royale-union-saint-gilloise/kader/verein/3948/plus/1
2026-07-07T15:50:41,Union SG,Ilan Hurtevent,ilan hurtevent,1310356,2026-07-01,2030-06-30,NEW,https://img.a.transfermarkt.technology/portrait/medium/1310356-1754662618.jpg?lm=1,https://www.transfermarkt.com/royale-union-saint-gilloise/kader/verein/3948/plus/1
2026-07-07T15:50:41,Union SG,Promise David,promise david,888785,2024-07-02,2029-06-30,,https://img.a.transfermarkt.technology/portrait/medium/888785-1772107518.jpg?lm=1,https://www.transfermarkt.com/royale-union-saint-gilloise/kader/verein/3948/plus/1
2026-07-07T15:50:41,Union SG,Kevin Rodríguez,kevin rodriguez,684159,2023-09-01,2027-06-30,,https://img.a.transfermarkt.technology/portrait/medium/684159-1772107309.jpg?lm=1,https://www.transfermarkt.com/royale-union-saint-gilloise/kader/verein/3948/plus/1
2026-07-07T15:50:41,Union SG,Raul Florucz,raul florucz,449444,2025-07-01,2029-06-30,,https://img.a.transfermarkt.technology/portrait/medium/449444-1772107593.jpg?lm=1,https://www.transfermarkt.com/royale-union-saint-gilloise/kader/verein/3948/plus/1
2026-07-07T15:50:41,Union SG,Mohammed Fuseini,mohammed fuseini,979410,2024-07-02,2028-06-30,,https://img.a.transfermarkt.technology/portrait/medium/979410-1772107449.jpg?lm=1,https://www.transfermarkt.com/royale-union-saint-gilloise/kader/verein/3948/plus/1
2026-07-07T15:50:41,Union SG,Mateo Biondic,mateo biondic,810285,2026-01-03,2030-06-30,,https://img.a.transfermarkt.technology/portrait/medium/810285-1778592422.jpg?lm=1,https://www.transfermarkt.com/royale-union-saint-gilloise/kader/verein/3948/plus/1
2026-07-07T15:50:41,Union SG,Marc Giger,marc giger,659317,2025-01-31,2029-06-30,,https://img.a.transfermarkt.technology/portrait/medium/659317-1772107416.jpg?lm=1,https://www.transfermarkt.com/royale-union-saint-gilloise/kader/verein/3948/plus/1
2026-07-07T15:50:41,Union SG,Cristian Makaté,cristian makate,707546,2025-07-01,2029-06-30,,https://img.a.transfermarkt.technology/portrait/medium/707546-1772797266.jpg?lm=1,https://www.transfermarkt.com/royale-union-saint-gilloise/kader/verein/3948/plus/1
2026-07-07T15:50:45,Anderlecht,Colin Coosemans,colin coosemans,154351,2021-07-01,2028-06-30,,https://img.a.transfermarkt.technology/portrait/medium/154351-1705415837.jpg?lm=1,https://www.transfermarkt.com/rsc-anderlecht/kader/verein/58/plus/1
2026-07-07T15:50:45,Anderlecht,Justin Heekeren,justin heekeren,453770,2026-01-20,2029-06-30,,https://img.a.transfermarkt.technology/portrait/medium/453770-1730797362.jpg?lm=1,https://www.transfermarkt.com/rsc-anderlecht/kader/verein/58/plus/1
2026-07-07T15:50:45,Anderlecht,Marco Kana,marco kana,486051,2019-07-01,2028-06-30,,https://img.a.transfermarkt.technology/portrait/medium/486051-1660720218.jpg?lm=1,https://www.transfermarkt.com/rsc-anderlecht/kader/verein/58/plus/1
2026-07-07T15:50:45,Anderlecht,Lucas Hey,lucas hey,728924,2025-01-21,2029-06-30,,https://img.a.transfermarkt.technology/portrait/medium/728924-1684943150.jpg?lm=1,https://www.transfermarkt.com/rsc-anderlecht/kader/verein/58/plus/1
2026-07-07T15:50:45,Anderlecht,Giulian Biancone,giulian biancone,536507,2026-07-01,2029-06-30,NEW,https://img.a.transfermarkt.technology/portrait/medium/536507-1757715984.png?lm=1,https://www.transfermarkt.com/rsc-anderlecht/kader/verein/58/plus/1
2026-07-07T15:50:45,Anderlecht,Léo Pétrot,leo petrot,412829,2026-07-02,2028-06-30,NEW,https://img.a.transfermarkt.technology/portrait/medium/412829-1727723239.jpg?lm=1,https://www.transfermarkt.com/rsc-anderlecht/kader/verein/58/plus/1
2026-07-07T15:50:45,Anderlecht,Moussa Ndiaye,moussa ndiaye,649022,2022-08-25,2028-06-30,,https://img.a.transfermarkt.technology/portrait/medium/649022-1770026706.jpg?lm=1,https://www.transfermarkt.com/rsc-anderlecht/kader/verein/58/plus/1
2026-07-07T15:50:45,Anderlecht,Ludwig Augustinsson,ludwig augustinsson,170646,2024-08-06,2027-06-30,,https://img.a.transfermarkt.technology/portrait/medium/170646-1693900836.jpg?lm=1,https://www.transfermarkt.com/rsc-anderlecht/kader/verein/58/plus/1
2026-07-07T15:50:45,Anderlecht,Ilay Camara,ilay camara,570781,2025-07-05,2030-06-30,,https://img.a.transfermarkt.technology/portrait/medium/570781-1779366722.jpg?lm=1,https://www.transfermarkt.com/rsc-anderlecht/kader/verein/58/plus/1
2026-07-07T15:50:45,Anderlecht,Killian Sardella,killian sardella,454336,2019-07-01,2028-06-30,,https://img.a.transfermarkt.technology/portrait/medium/454336-1660676236.jpg?lm=1,https://www.transfermarkt.com/rsc-anderlecht/kader/verein/58/plus/1
2026-07-07T15:50:45,Anderlecht,Ali Maamar,ali maamar,920585,2025-01-16,2028-06-30,,https://img.a.transfermarkt.technology/portrait/medium/920585-1691997804.jpg?lm=1,https://www.transfermarkt.com/rsc-anderlecht/kader/verein/58/plus/1
2026-07-07T15:50:45,Anderlecht,Thomas Foket,thomas foket,215114,2024-08-03,2027-06-30,,https://img.a.transfermarkt.technology/portrait/medium/215114-1639672934.png?lm=1,https://www.transfermarkt.com/rsc-anderlecht/kader/verein/58/plus/1
2026-07-07T15:50:45,Anderlecht,Cedric Hatenboer,cedric hatenboer,682568,2025-01-28,2029-06-30,,https://img.a.transfermarkt.technology/portrait/medium/682568-1768295695.png?lm=1,https://www.transfermarkt.com/rsc-anderlecht/kader/verein/58/plus/1
2026-07-07T15:50:45,Anderlecht,Enric Llansana,enric llansana,412945,2025-07-01,2029-06-30,,https://img.a.transfermarkt.technology/portrait/medium/412945-1690212386.jpg?lm=1,https://www.transfermarkt.com/rsc-anderlecht/kader/verein/58/plus/1
2026-07-07T15:50:45,Anderlecht,Nathan De Cat,nathan de cat,1105541,2025-07-01,2027-06-30,,https://img.a.transfermarkt.technology/portrait/medium/1105541-1763066245.jpg?lm=1,https://www.transfermarkt.com/rsc-anderlecht/kader/verein/58/plus/1
2026-07-07T15:50:45,Anderlecht,Nathan-Dylan Saliba,nathan-dylan saliba,842420,2025-07-01,2029-06-30,,https://img.a.transfermarkt.technology/portrait/medium/842420-1740597560.jpg?lm=1,https://www.transfermarkt.com/rsc-anderlecht/kader/verein/58/plus/1
2026-07-07T15:50:45,Anderlecht,Majeed Ashimeru,majeed ashimeru,360140,2021-07-01,2027-06-30,,https://img.a.transfermarkt.technology/portrait/medium/360140-1772795998.png?lm=1,https://www.transfermarkt.com/rsc-anderlecht/kader/verein/58/plus/1
2026-07-07T15:50:45,Anderlecht,Anas Tajaouart,anas tajaouart,1113308,2025-07-01,2029-06-30,,https://img.a.transfermarkt.technology/portrait/medium/1113308-1691997287.jpg?lm=1,https://www.transfermarkt.com/rsc-anderlecht/kader/verein/58/plus/1
2026-07-07T15:50:45,Anderlecht,Mario Stroeykens,mario stroeykens,588866,2021-01-01,2028-06-30,,https://img.a.transfermarkt.technology/portrait/medium/588866-1760423610.jpg?lm=1,https://www.transfermarkt.com/rsc-anderlecht/kader/verein/58/plus/1
2026-07-07T15:50:45,Anderlecht,Alexis Flips,alexis flips,395242,2023-08-12,2028-06-30,,https://img.a.transfermarkt.technology/portrait/medium/395242-1706694435.jpg?lm=1,https://www.transfermarkt.com/rsc-anderlecht/kader/verein/58/plus/1
2026-07-07T15:50:45,Anderlecht,César Huerta,cesar huerta,540315,2025-01-10,2029-06-30,,https://img.a.transfermarkt.technology/portrait/medium/540315-1722760933.jpg?lm=1,https://www.transfermarkt.com/rsc-anderlecht/kader/verein/58/plus/1
2026-07-07T15:50:45,Anderlecht,Tristan Degreef,tristan degreef,903513,2024-11-01,2028-06-30,,https://img.a.transfermarkt.technology/portrait/medium/903513-1781768273.jpg?lm=1,https://www.transfermarkt.com/rsc-anderlecht/kader/verein/58/plus/1
2026-07-07T15:50:45,Anderlecht,Mihajlo Cvetkovic,mihajlo cvetkovic,897510,2025-07-01,2029-06-30,,https://img.a.transfermarkt.technology/portrait/medium/897510-1735138525.png?lm=1,https://www.transfermarkt.com/rsc-anderlecht/kader/verein/58/plus/1
2026-07-07T15:50:45,Anderlecht,Danylo Sikan,danylo sikan,417228,2026-01-21,2030-06-30,,https://img.a.transfermarkt.technology/portrait/medium/417228-1756296842.png?lm=1,https://www.transfermarkt.com/rsc-anderlecht/kader/verein/58/plus/1
2026-07-07T15:50:45,Anderlecht,Adriano Bertaccini,adriano bertaccini,364896,2025-08-01,2029-06-30,,https://img.a.transfermarkt.technology/portrait/medium/364896-1713353059.png?lm=1,https://www.transfermarkt.com/rsc-anderlecht/kader/verein/58/plus/1
2026-07-07T15:50:45,Anderlecht,Luis Vázquez,luis vazquez,844516,2023-07-26,2028-06-30,,https://img.a.transfermarkt.technology/portrait/medium/844516-1699907027.jpg?lm=1,https://www.transfermarkt.com/rsc-anderlecht/kader/verein/58/plus/1
2026-07-07T15:50:45,Anderlecht,Elyèss Dao,elyess dao,1047103,2025-02-03,2029-06-30,,https://img.a.transfermarkt.technology/portrait/medium/1047103-1781768024.jpg?lm=1,https://www.transfermarkt.com/rsc-anderlecht/kader/verein/58/plus/1
2026-07-07T15:50:48,Antwerp,Taishi Brandon Nozawa,taishi brandon nozawa,617377,2025-07-01,2029-06-30,,https://img.a.transfermarkt.technology/portrait/medium/617377-1781618366.jpg?lm=1,https://www.transfermarkt.com/royal-antwerpen-fc/kader/verein/1096/plus/1
2026-07-07T15:50:48,Antwerp,Yannick Thoelen,yannick thoelen,64246,2025-01-30,2025-01-30,,https://img.a.transfermarkt.technology/portrait/medium/64246-1705488995.jpg?lm=1,https://www.transfermarkt.com/royal-antwerpen-fc/kader/verein/1096/plus/1
2026-07-07T15:50:48,Antwerp,Niels Devalckeneer,niels devalckeneer,1020704,2023-07-01,2028-06-30,,https://img.a.transfermarkt.technology/portrait/medium/1020704-1695159776.jpg?lm=1,https://www.transfermarkt.com/royal-antwerpen-fc/kader/verein/1096/plus/1
2026-07-07T15:50:48,Antwerp,Rein Van Helden,rein van helden,706063,2026-01-23,2030-06-30,,https://img.a.transfermarkt.technology/portrait/medium/706063-1713346349.png?lm=1,https://www.transfermarkt.com/royal-antwerpen-fc/kader/verein/1096/plus/1
2026-07-07T15:50:48,Antwerp,Yuto Tsunashima,yuto tsunashima,1030663,2025-08-06,2028-06-30,,https://img.a.transfermarkt.technology/portrait/medium/1030663-1754466605.jpg?lm=1,https://www.transfermarkt.com/royal-antwerpen-fc/kader/verein/1096/plus/1
2026-07-07T15:50:48,Antwerp,Andreas Verstraeten,andreas verstraeten,1124880,2024-07-01,2028-06-30,,https://img.a.transfermarkt.technology/portrait/medium/1124880-1695160277.jpg?lm=1,https://www.transfermarkt.com/royal-antwerpen-fc/kader/verein/1096/plus/1
2026-07-07T15:50:48,Antwerp,Daam Foulon,daam foulon,338637,2025-07-01,2028-06-30,,https://img.a.transfermarkt.technology/portrait/medium/338637-1693901217.jpg?lm=1,https://www.transfermarkt.com/royal-antwerpen-fc/kader/verein/1096/plus/1
2026-07-07T15:50:48,Antwerp,Eran Tuypens,eran tuypens,1130961,2029-06-30,2029-06-30,NEW,https://img.a.transfermarkt.technology/portrait/medium/1130961-1695159913.jpg?lm=1,https://www.transfermarkt.com/royal-antwerpen-fc/kader/verein/1096/plus/1
2026-07-07T15:50:48,Antwerp,Semm Renders,semm renders,1186563,2025-01-01,2027-06-30,,https://img.a.transfermarkt.technology/portrait/medium/1186563-1771332531.png?lm=1,https://www.transfermarkt.com/royal-antwerpen-fc/kader/verein/1096/plus/1
2026-07-07T15:50:48,Antwerp,Jules Ahoka,jules ahoka,1401779,2025-09-08,2029-06-30,,https://img.a.transfermarkt.technology/portrait/medium/1401779-1781696718.jpg?lm=1,https://www.transfermarkt.com/royal-antwerpen-fc/kader/verein/1096/plus/1
2026-07-07T15:50:48,Antwerp,Xander Dierckx,xander dierckx,1264666,2026-01-01,2027-06-30,,https://img.a.transfermarkt.technology/portrait/medium/1264666-1742984080.jpg?lm=1,https://www.transfermarkt.com/royal-antwerpen-fc/kader/verein/1096/plus/1
2026-07-07T15:50:48,Antwerp,Youssef Hamdaoui,youssef hamdaoui,1112904,2025-01-01,2027-06-30,,https://img.a.transfermarkt.technology/portrait/medium/1112904-1729001338.jpg?lm=1,https://www.transfermarkt.com/royal-antwerpen-fc/kader/verein/1096/plus/1
2026-07-07T15:50:48,Antwerp,Thibo Somers,thibo somers,719456,2025-07-18,2028-06-30,,https://img.a.transfermarkt.technology/portrait/medium/719456-1672484378.jpg?lm=1,https://www.transfermarkt.com/royal-antwerpen-fc/kader/verein/1096/plus/1
2026-07-07T15:50:48,Antwerp,Christopher Scott,christopher scott,503162,2022-07-01,2028-06-30,,https://img.a.transfermarkt.technology/portrait/medium/503162-1659086962.jpg?lm=1,https://www.transfermarkt.com/royal-antwerpen-fc/kader/verein/1096/plus/1
2026-07-07T15:50:48,Antwerp,Farouck Adekami,farouck adekami,1293796,2025-01-01,2027-06-30,,https://img.a.transfermarkt.technology/portrait/medium/1293796-1737961131.jpg?lm=1,https://www.transfermarkt.com/royal-antwerpen-fc/kader/verein/1096/plus/1
2026-07-07T15:50:48,Antwerp,Koki Ando,koki ando,1209302,2026-07-01,2030-06-30,NEW,https://img.a.transfermarkt.technology/portrait/medium/1209302-1773593782.jpg?lm=1,https://www.transfermarkt.com/royal-antwerpen-fc/kader/verein/1096/plus/1
2026-07-07T15:50:48,Antwerp,Anthony Valencia,anthony valencia,974374,2022-07-01,2026-06-30,,https://img.a.transfermarkt.technology/portrait/medium/974374-1659086874.jpg?lm=1,https://www.transfermarkt.com/royal-antwerpen-fc/kader/verein/1096/plus/1
2026-07-07T15:50:48,Antwerp,Mukhammadali Urinboev,mukhammadali urinboev,763090,2025-07-07,2029-06-30,,https://img.a.transfermarkt.technology/portrait/medium/763090-1745333282.png?lm=1,https://www.transfermarkt.com/royal-antwerpen-fc/kader/verein/1096/plus/1
2026-07-07T15:50:48,Antwerp,Geoffry Hairemans,geoffry hairemans,110292,2025-07-01,2027-06-30,,https://img.a.transfermarkt.technology/portrait/medium/110292-1705503703.jpg?lm=1,https://www.transfermarkt.com/royal-antwerpen-fc/kader/verein/1096/plus/1
2026-07-07T15:50:48,Antwerp,Carlos Mejia,carlos mejia,1551902,2026-07-01,2030-06-30,NEW,https://img.a.transfermarkt.technology/portrait/medium/default.jpg?lm=1,https://www.transfermarkt.com/royal-antwerpen-fc/kader/verein/1096/plus/1
2026-07-07T15:50:48,Antwerp,Gerard Vandeplas,gerard vandeplas,937117,2025-01-01,2028-06-30,,https://img.a.transfermarkt.technology/portrait/medium/937117-1678046496.jpg?lm=1,https://www.transfermarkt.com/royal-antwerpen-fc/kader/verein/1096/plus/1
2026-07-07T15:50:48,Antwerp,Gabriel Jesus David,gabriel jesus david,1380876,2025-07-01,2029-06-30,,https://img.a.transfermarkt.technology/portrait/medium/1380876-1753695205.jpg?lm=1,https://www.transfermarkt.com/royal-antwerpen-fc/kader/verein/1096/plus/1
2026-07-07T15:50:48,Antwerp,Luis Narh,luis narh,1555142,2026-07-01,2030-06-30,NEW,https://img.a.transfermarkt.technology/portrait/medium/default.jpg?lm=1,https://www.transfermarkt.com/royal-antwerpen-fc/kader/verein/1096/plus/1
2026-07-07T15:50:52,Gent,Davy Roef,davy roef,140808,2020-07-01,2029-06-30,,https://img.a.transfermarkt.technology/portrait/medium/140808-1660750049.jpg?lm=1,https://www.transfermarkt.com/kaa-gent/kader/verein/157/plus/1
2026-07-07T15:50:52,Gent,Kjell Peersman,kjell peersman,654919,2025-07-25,2028-06-30,,https://img.a.transfermarkt.technology/portrait/medium/654919-1656945666.jpg?lm=1,https://www.transfermarkt.com/kaa-gent/kader/verein/157/plus/1
2026-07-07T15:50:52,Gent,Tom Vandenberghe,tom vandenberghe,387990,2025-01-07,2027-06-30,,https://img.a.transfermarkt.technology/portrait/medium/387990-1704726704.jpg?lm=1,https://www.transfermarkt.com/kaa-gent/kader/verein/157/plus/1
2026-07-07T15:50:52,Gent,Bas Evers,bas evers,1231353,2026-01-01,2028-06-30,,https://img.a.transfermarkt.technology/portrait/medium/1231353-1729177430.jpg?lm=1,https://www.transfermarkt.com/kaa-gent/kader/verein/157/plus/1
2026-07-07T15:50:52,Gent,Victor De Coninck,victor de coninck,1053009,2026-07-01,2027-06-30,NEW,https://img.a.transfermarkt.technology/portrait/medium/1053009-1759919759.jpg?lm=1,https://www.transfermarkt.com/kaa-gent/kader/verein/157/plus/1
2026-07-07T15:50:52,Gent,Maksim Paskotsi,maksim paskotsi,488298,2025-08-04,2029-06-30,,https://img.a.transfermarkt.technology/portrait/medium/488298-1754374359.jpg?lm=1,https://www.transfermarkt.com/kaa-gent/kader/verein/157/plus/1
2026-07-07T15:50:52,Gent,Siebe Van der Heyden,siebe van der heyden,400131,2025-07-25,2028-06-30,,https://img.a.transfermarkt.technology/portrait/medium/400131-1642262598.jpg?lm=1,https://www.transfermarkt.com/kaa-gent/kader/verein/157/plus/1
2026-07-07T15:50:52,Gent,Matties Volckaert,matties volckaert,781812,2025-11-09,2029-06-30,,https://img.a.transfermarkt.technology/portrait/medium/781812-1759920096.jpg?lm=1,https://www.transfermarkt.com/kaa-gent/kader/verein/157/plus/1
2026-07-07T15:50:52,Gent,Christian Burgess,christian burgess,244221,2026-07-01,2028-06-30,NEW,https://img.a.transfermarkt.technology/portrait/medium/244221-1772107115.jpg?lm=1,https://www.transfermarkt.com/kaa-gent/kader/verein/157/plus/1
2026-07-07T15:50:52,Gent,Hugo Gambor,hugo gambor,775403,2024-02-01,2027-06-30,,https://img.a.transfermarkt.technology/portrait/medium/775403-1705098029.jpg?lm=1,https://www.transfermarkt.com/kaa-gent/kader/verein/157/plus/1
2026-07-07T15:50:52,Gent,Tiago Araújo,tiago araujo,481628,2024-08-24,2028-06-30,,https://img.a.transfermarkt.technology/portrait/medium/481628-1781861651.jpg?lm=1,https://www.transfermarkt.com/kaa-gent/kader/verein/157/plus/1
2026-07-07T15:50:52,Gent,Abdoul Ayinde,abdoul ayinde,1160184,2026-01-01,2027-06-30,,https://img.a.transfermarkt.technology/portrait/medium/1160184-1746717025.jpg?lm=1,https://www.transfermarkt.com/kaa-gent/kader/verein/157/plus/1
2026-07-07T15:50:52,Gent,Lars Cooman,lars cooman,1064973,2026-07-01,2029-06-30,NEW,https://img.a.transfermarkt.technology/portrait/medium/1064973-1767860483.jpeg?lm=1,https://www.transfermarkt.com/kaa-gent/kader/verein/157/plus/1
2026-07-07T15:50:52,Gent,Gilles De Meyer,gilles de meyer,1005835,2024-11-26,2028-06-30,,https://img.a.transfermarkt.technology/portrait/medium/1005835-1732779540.jpg?lm=1,https://www.transfermarkt.com/kaa-gent/kader/verein/157/plus/1
2026-07-07T15:50:52,Gent,Mohammed El Âdfaoui,mohammed el adfaoui,1105542,2025-07-05,2028-06-30,,https://img.a.transfermarkt.technology/portrait/medium/1105542-1754545603.jpg?lm=1,https://www.transfermarkt.com/kaa-gent/kader/verein/157/plus/1
2026-07-07T15:50:52,Gent,Wout Asselman,wout asselman,931525,2026-01-01,2029-06-30,,https://img.a.transfermarkt.technology/portrait/medium/931525-1746717226.jpg?lm=1,https://www.transfermarkt.com/kaa-gent/kader/verein/157/plus/1
2026-07-07T15:50:52,Gent,Mathias Delorge,mathias delorge,723487,2024-07-24,2028-06-30,,https://img.a.transfermarkt.technology/portrait/medium/723487-1713347909.png?lm=1,https://www.transfermarkt.com/kaa-gent/kader/verein/157/plus/1
2026-07-07T15:50:52,Gent,Tibe De Vlieger,tibe de vlieger,1019173,2024-01-01,2030-06-30,,https://img.a.transfermarkt.technology/portrait/medium/1019173-1772694106.jpg?lm=1,https://www.transfermarkt.com/kaa-gent/kader/verein/157/plus/1
2026-07-07T15:50:52,Gent,László Bénes,laszlo benes,243188,2026-07-01,2030-06-30,NEW,https://img.a.transfermarkt.technology/portrait/medium/243188-1770893430.jpg?lm=1,https://www.transfermarkt.com/kaa-gent/kader/verein/157/plus/1
2026-07-07T15:50:52,Gent,Atsuki Ito,atsuki ito,492715,2024-08-14,2028-06-30,,https://img.a.transfermarkt.technology/portrait/medium/492715-1781861941.jpg?lm=1,https://www.transfermarkt.com/kaa-gent/kader/verein/157/plus/1
2026-07-07T15:50:52,Gent,Leonardo Lopes,leonardo lopes,348756,2024-12-13,2028-06-30,,https://img.a.transfermarkt.technology/portrait/medium/348756-1706020926.jpg?lm=1,https://www.transfermarkt.com/kaa-gent/kader/verein/157/plus/1
2026-07-07T15:50:52,Gent,Matisse Samoise,matisse samoise,705991,2020-11-30,2028-06-30,,https://img.a.transfermarkt.technology/portrait/medium/705991-1706020225.jpg?lm=1,https://www.transfermarkt.com/kaa-gent/kader/verein/157/plus/1
2026-07-07T15:50:52,Gent,Abdelkahar Kadri,abdelkahar kadri,592400,2025-07-30,2029-06-30,,https://img.a.transfermarkt.technology/portrait/medium/592400-1679214180.jpg?lm=1,https://www.transfermarkt.com/kaa-gent/kader/verein/157/plus/1
2026-07-07T15:50:52,Gent,Aimé Omgba,aime omgba,568373,2024-09-04,2029-06-30,,https://img.a.transfermarkt.technology/portrait/medium/568373-1717147838.jpg?lm=1,https://www.transfermarkt.com/kaa-gent/kader/verein/157/plus/1
2026-07-07T15:50:52,Gent,Pieter Gerkens,pieter gerkens,183383,2023-07-01,2027-06-30,,https://img.a.transfermarkt.technology/portrait/medium/183383-1671479324.jpg?lm=1,https://www.transfermarkt.com/kaa-gent/kader/verein/157/plus/1
2026-07-07T15:50:52,Gent,Michal Skoras,michal skoras,393565,2025-09-06,2029-06-30,,https://img.a.transfermarkt.technology/portrait/medium/393565-1716985498.jpg?lm=1,https://www.transfermarkt.com/kaa-gent/kader/verein/157/plus/1
2026-07-07T15:50:52,Gent,Momodou Sonko,momodou sonko,929876,2024-01-29,2028-06-30,,https://img.a.transfermarkt.technology/portrait/medium/929876-1706694287.jpg?lm=1,https://www.transfermarkt.com/kaa-gent/kader/verein/157/plus/1
2026-07-07T15:50:52,Gent,Hyllarion Goore,hyllarion goore,1285174,2025-01-30,2029-06-30,,https://img.a.transfermarkt.technology/portrait/medium/1285174-1781862509.jpg?lm=1,https://www.transfermarkt.com/kaa-gent/kader/verein/157/plus/1
2026-07-07T15:50:52,Gent,Wilfried Kanga,wilfried kanga,395523,2025-07-01,2028-06-30,,https://img.a.transfermarkt.technology/portrait/medium/395523-1781862619.jpg?lm=1,https://www.transfermarkt.com/kaa-gent/kader/verein/157/plus/1
2026-07-07T15:50:52,Gent,Max Dean,max dean,805889,2024-07-12,2028-06-30,,https://img.a.transfermarkt.technology/portrait/medium/805889-1781862709.jpg?lm=1,https://www.transfermarkt.com/kaa-gent/kader/verein/157/plus/1
2026-07-07T15:50:52,Gent,Josué Vergara,josue vergara,1291709,2026-07-01,2031-06-30,NEW,https://img.a.transfermarkt.technology/portrait/medium/1291709-1773927100.png?lm=1,https://www.transfermarkt.com/kaa-gent/kader/verein/157/plus/1
2026-07-07T15:50:52,Gent,Ibrahima Cissé,ibrahima cisse,1473866,2028-06-30,2028-06-30,NEW,https://img.a.transfermarkt.technology/portrait/medium/1473866-1773039351.jpg?lm=1,https://www.transfermarkt.com/kaa-gent/kader/verein/157/plus/1
2026-07-07T15:50:52,Gent,Moctar Diop,moctar diop,1125610,2026-01-23,2029-06-30,,https://img.a.transfermarkt.technology/portrait/medium/1125610-1712103213.jpg?lm=1,https://www.transfermarkt.com/kaa-gent/kader/verein/157/plus/1
2026-07-07T15:50:55,Westerlo,Andreas Jungdal,andreas jungdal,592924,2025-07-01,2028-06-30,,https://img.a.transfermarkt.technology/portrait/medium/592924-1710321790.jpg?lm=1,https://www.transfermarkt.com/kvc-westerlo/kader/verein/968/plus/1
2026-07-07T15:50:55,Westerlo,Bill Lathouwers,bill lathouwers,601556,2026-07-01,2030-06-30,NEW,https://img.a.transfermarkt.technology/portrait/medium/601556-1756924538.jpg?lm=1,https://www.transfermarkt.com/kvc-westerlo/kader/verein/968/plus/1
2026-07-07T15:50:55,Westerlo,Oskar Annell,oskar annell,1063262,2025-07-01,2028-06-30,,https://img.a.transfermarkt.technology/portrait/medium/1063262-1718281776.jpg?lm=1,https://www.transfermarkt.com/kvc-westerlo/kader/verein/968/plus/1
2026-07-07T15:50:55,Westerlo,Emin Bayram,emin bayram,655902,2024-07-30,2028-06-30,,https://img.a.transfermarkt.technology/portrait/medium/655902-1671037417.png?lm=1,https://www.transfermarkt.com/kvc-westerlo/kader/verein/968/plus/1
2026-07-07T15:50:55,Westerlo,Reno Münz,reno munz,934645,2026-07-01,2030-06-30,NEW,https://img.a.transfermarkt.technology/portrait/medium/934645-1764866002.jpg?lm=1,https://www.transfermarkt.com/kvc-westerlo/kader/verein/968/plus/1
2026-07-07T15:50:55,Westerlo,Seiji Kimura,seiji kimura,501749,2025-08-08,2029-06-30,,https://img.a.transfermarkt.technology/portrait/medium/501749-1628084836.jpg?lm=1,https://www.transfermarkt.com/kvc-westerlo/kader/verein/968/plus/1
2026-07-07T15:50:55,Westerlo,Amando Lapage,amando lapage,1029619,2025-02-03,2029-06-30,,https://img.a.transfermarkt.technology/portrait/medium/1029619-1660116770.jpg?lm=1,https://www.transfermarkt.com/kvc-westerlo/kader/verein/968/plus/1
2026-07-07T15:50:55,Westerlo,Michée Ndembi,michee ndembi,1247587,2026-02-02,2029-06-30,,https://img.a.transfermarkt.technology/portrait/medium/1247587-1763560432.jpg?lm=1,https://www.transfermarkt.com/kvc-westerlo/kader/verein/968/plus/1
2026-07-07T15:50:55,Westerlo,Dylan Ourega,dylan ourega,1010044,2026-01-21,2030-06-30,,https://img.a.transfermarkt.technology/portrait/medium/1010044-1747252604.png?lm=1,https://www.transfermarkt.com/kvc-westerlo/kader/verein/968/plus/1
2026-07-07T15:50:55,Westerlo,Bryan Reynolds,bryan reynolds,475208,2023-07-30,2027-06-30,,https://img.a.transfermarkt.technology/portrait/medium/475208-1706611075.jpg?lm=1,https://www.transfermarkt.com/kvc-westerlo/kader/verein/968/plus/1
2026-07-07T15:50:55,Westerlo,Lucas Mbamba,lucas mbamba,937111,2025-07-29,2029-06-30,,https://img.a.transfermarkt.technology/portrait/medium/937111-1711305615.jpg?lm=1,https://www.transfermarkt.com/kvc-westerlo/kader/verein/968/plus/1
2026-07-07T15:50:55,Westerlo,Doğucan Haspolat,dogucan haspolat,387143,2023-09-06,2027-06-30,,https://img.a.transfermarkt.technology/portrait/medium/387143-1762770636.jpg?lm=1,https://www.transfermarkt.com/kvc-westerlo/kader/verein/968/plus/1
2026-07-07T15:50:55,Westerlo,Sergiy Sydorchuk,sergiy sydorchuk,124182,2023-09-05,2027-06-30,,https://img.a.transfermarkt.technology/portrait/medium/124182-1713449985.png?lm=1,https://www.transfermarkt.com/kvc-westerlo/kader/verein/968/plus/1
2026-07-07T15:50:55,Westerlo,Thomas Van den Keybus,thomas van den keybus,502298,2023-07-05,2027-06-30,,https://img.a.transfermarkt.technology/portrait/medium/502298-1713450201.png?lm=1,https://www.transfermarkt.com/kvc-westerlo/kader/verein/968/plus/1
2026-07-07T15:50:55,Westerlo,Reda Laalaoui,reda laalaoui,1094135,2025-09-08,2029-06-30,,https://img.a.transfermarkt.technology/portrait/medium/1094135-1746125079.jpeg?lm=1,https://www.transfermarkt.com/kvc-westerlo/kader/verein/968/plus/1
2026-07-07T15:50:55,Westerlo,Isa Sakamoto,isa sakamoto,814491,2025-07-01,2028-06-30,,https://img.a.transfermarkt.technology/portrait/medium/814491-1736179574.jpg?lm=1,https://www.transfermarkt.com/kvc-westerlo/kader/verein/968/plus/1
2026-07-07T15:50:55,Westerlo,Karol Borys,karol borys,890272,2024-02-01,2027-06-30,,https://img.a.transfermarkt.technology/portrait/medium/890272-1713450249.png?lm=1,https://www.transfermarkt.com/kvc-westerlo/kader/verein/968/plus/1
2026-07-07T15:50:55,Westerlo,Naoufal Bohamdi-Kamoni,naoufal bohamdi-kamoni,1318194,2026-01-04,2029-06-30,,https://img.a.transfermarkt.technology/portrait/medium/1318194-1759917666.jpg?lm=1,https://www.transfermarkt.com/kvc-westerlo/kader/verein/968/plus/1
2026-07-07T15:50:55,Westerlo,Shunsuke Saito,shunsuke saito,1194136,2026-01-14,2029-06-30,,https://img.a.transfermarkt.technology/portrait/medium/1194136-1767004845.jpg?lm=1,https://www.transfermarkt.com/kvc-westerlo/kader/verein/968/plus/1
2026-07-07T15:50:55,Westerlo,David Amegnaglo,david amegnaglo,924051,2026-07-01,2030-06-30,NEW,https://img.a.transfermarkt.technology/portrait/medium/924051-1712782216.png?lm=1,https://www.transfermarkt.com/kvc-westerlo/kader/verein/968/plus/1
2026-07-07T15:50:55,Westerlo,Afonso Patrão,afonso patrao,1006449,2026-01-28,2030-06-30,,https://img.a.transfermarkt.technology/portrait/medium/default.jpg?lm=1,https://www.transfermarkt.com/kvc-westerlo/kader/verein/968/plus/1
2026-07-07T15:50:58,Sint-Truiden,Leo Kokubo,leo kokubo,501737,2024-07-11,2027-06-30,,https://img.a.transfermarkt.technology/portrait/medium/501737-1604578645.jpg?lm=1,https://www.transfermarkt.com/vv-st-truiden/kader/verein/475/plus/1
2026-07-07T15:50:58,Sint-Truiden,Matt Lendfers,matt lendfers,937107,2023-07-01,2027-06-30,,https://img.a.transfermarkt.technology/portrait/medium/937107-1713345861.png?lm=1,https://www.transfermarkt.com/vv-st-truiden/kader/verein/475/plus/1
2026-07-07T15:50:58,Sint-Truiden,Loïc Mbe Soh,loic mbe soh,463610,2026-01-21,2026-01-21,,https://img.a.transfermarkt.technology/portrait/medium/463610-1557735619.jpg?lm=1,https://www.transfermarkt.com/vv-st-truiden/kader/verein/475/plus/1
2026-07-07T15:50:58,Sint-Truiden,Joedrick Pupe,joedrick pupe,452296,2026-07-01,2029-06-30,NEW,https://img.a.transfermarkt.technology/portrait/medium/452296-1757576357.jpg?lm=1,https://www.transfermarkt.com/vv-st-truiden/kader/verein/475/plus/1
2026-07-07T15:50:58,Sint-Truiden,Visar Musliu,visar musliu,207623,2025-02-03,2027-06-30,,https://img.a.transfermarkt.technology/portrait/medium/207623-1734014773.jpg?lm=1,https://www.transfermarkt.com/vv-st-truiden/kader/verein/475/plus/1
2026-07-07T15:50:58,Sint-Truiden,Shogo Taniguchi,shogo taniguchi,307870,2024-07-19,2024-07-19,,https://img.a.transfermarkt.technology/portrait/medium/307870-1781200305.jpg?lm=1,https://www.transfermarkt.com/vv-st-truiden/kader/verein/475/plus/1
2026-07-07T15:50:58,Sint-Truiden,Wolke Janssens,wolke janssens,235247,2016-07-01,2028-06-30,,https://img.a.transfermarkt.technology/portrait/medium/235247-1713346691.png?lm=1,https://www.transfermarkt.com/vv-st-truiden/kader/verein/475/plus/1
2026-07-07T15:50:58,Sint-Truiden,Hugo Lambotte,hugo lambotte,1287151,2024-07-18,2028-06-30,,https://img.a.transfermarkt.technology/portrait/medium/1287151-1732866952.jpg?lm=1,https://www.transfermarkt.com/vv-st-truiden/kader/verein/475/plus/1
2026-07-07T15:50:58,Sint-Truiden,Taiga Hata,taiga hata,570572,2025-07-04,2028-06-30,,https://img.a.transfermarkt.technology/portrait/medium/570572-1654247848.jpg?lm=1,https://www.transfermarkt.com/vv-st-truiden/kader/verein/475/plus/1
2026-07-07T15:50:58,Sint-Truiden,Robert-Jan Vanwesemael,robert-jan vanwesemael,727528,2023-07-01,2030-06-30,,https://img.a.transfermarkt.technology/portrait/medium/727528-1713347170.png?lm=1,https://www.transfermarkt.com/vv-st-truiden/kader/verein/475/plus/1
2026-07-07T15:50:58,Sint-Truiden,Abdoulaye Sissako,abdoulaye sissako,418661,2025-07-01,2028-06-30,,https://img.a.transfermarkt.technology/portrait/medium/418661-1706021061.jpg?lm=1,https://www.transfermarkt.com/vv-st-truiden/kader/verein/475/plus/1
2026-07-07T15:50:58,Sint-Truiden,Alouis Diriken,alouis diriken,751989,2025-07-01,2029-06-30,,https://img.a.transfermarkt.technology/portrait/medium/751989-1713347445.png?lm=1,https://www.transfermarkt.com/vv-st-truiden/kader/verein/475/plus/1
2026-07-07T15:50:58,Sint-Truiden,Ryan Merlen,ryan merlen,538970,2025-07-01,2029-06-30,,https://img.a.transfermarkt.technology/portrait/medium/538970-1713878740.jpg?lm=1,https://www.transfermarkt.com/vv-st-truiden/kader/verein/475/plus/1
2026-07-07T15:50:58,Sint-Truiden,Adam Nhaili,adam nhaili,1159759,2023-07-01,2028-06-30,,https://img.a.transfermarkt.technology/portrait/medium/1159759-1713352800.png?lm=1,https://www.transfermarkt.com/vv-st-truiden/kader/verein/475/plus/1
2026-07-07T15:50:58,Sint-Truiden,Illyès Benachour,illyes benachour,1182625,2025-07-01,2029-06-30,,https://img.a.transfermarkt.technology/portrait/medium/1182625-1747232836.jpg?lm=1,https://www.transfermarkt.com/vv-st-truiden/kader/verein/475/plus/1
2026-07-07T15:50:58,Sint-Truiden,Ilias Sebaoui,ilias sebaoui,852953,2025-07-01,2028-06-30,,https://img.a.transfermarkt.technology/portrait/medium/852953-1723714225.jpg?lm=1,https://www.transfermarkt.com/vv-st-truiden/kader/verein/475/plus/1
2026-07-07T15:50:58,Sint-Truiden,Kaito Matsuzawa,kaito matsuzawa,1124661,2025-07-01,2027-06-30,,https://img.a.transfermarkt.technology/portrait/medium/1124661-1759763155.jpg?lm=1,https://www.transfermarkt.com/vv-st-truiden/kader/verein/475/plus/1
2026-07-07T15:50:58,Sint-Truiden,Isaías Delpupo,isaias delpupo,736034,2024-08-09,2027-06-30,,https://img.a.transfermarkt.technology/portrait/medium/736034-1590742742.jpg?lm=1,https://www.transfermarkt.com/vv-st-truiden/kader/verein/475/plus/1
2026-07-07T15:50:58,Sint-Truiden,Andrés Ferrari,andres ferrari,973805,2025-07-01,2025-07-01,,https://img.a.transfermarkt.technology/portrait/medium/973805-1682362275.jpeg?lm=1,https://www.transfermarkt.com/vv-st-truiden/kader/verein/475/plus/1
2026-07-07T15:50:58,Sint-Truiden,Oumar Diouf,oumar diouf,1137664,2026-01-20,2029-06-30,,https://img.a.transfermarkt.technology/portrait/medium/1137664-1693403522.png?lm=1,https://www.transfermarkt.com/vv-st-truiden/kader/verein/475/plus/1
2026-07-07T15:50:58,Sint-Truiden,Shion Shinkawa,shion shinkawa,1153358,2026-01-16,2029-06-30,,https://img.a.transfermarkt.technology/portrait/medium/default.jpg?lm=1,https://www.transfermarkt.com/vv-st-truiden/kader/verein/475/plus/1
2026-07-07T15:50:58,Sint-Truiden,Frédéric Soèllé Soèllé,frederic soelle soelle,981197,2026-07-01,2026-07-01,NEW,https://img.a.transfermarkt.technology/portrait/medium/981197-1756924720.jpg?lm=1,https://www.transfermarkt.com/vv-st-truiden/kader/verein/475/plus/1
2026-07-07T15:50:58,Sint-Truiden,Jay-David Mbalanda,jay-david mbalanda,1309326,2025-01-01,2025-01-01,,https://img.a.transfermarkt.technology/portrait/medium/default.jpg?lm=1,https://www.transfermarkt.com/vv-st-truiden/kader/verein/475/plus/1
2026-07-07T15:51:01,Mechelen,Nacho Miras,nacho miras,685106,2025-01-14,2029-06-30,,https://img.a.transfermarkt.technology/portrait/medium/685106-1659605411.jpg?lm=1,https://www.transfermarkt.com/kv-mechelen/kader/verein/354/plus/1
2026-07-07T15:51:01,Mechelen,Ortwin De Wolf,ortwin de wolf,450218,2024-07-01,2027-06-30,,https://img.a.transfermarkt.technology/portrait/medium/450218-1709893883.jpg?lm=1,https://www.transfermarkt.com/kv-mechelen/kader/verein/354/plus/1
2026-07-07T15:51:01,Mechelen,Tijn Van Ingelgom,tijn van ingelgom,981712,2025-07-01,2027-06-30,,https://img.a.transfermarkt.technology/portrait/medium/981712-1729176867.jpg?lm=1,https://www.transfermarkt.com/kv-mechelen/kader/verein/354/plus/1
2026-07-07T15:51:01,Mechelen,Axel Willockx,axel willockx,1192697,2025-07-01,2027-06-30,,https://img.a.transfermarkt.technology/portrait/medium/1192697-1724403339.PNG?lm=1,https://www.transfermarkt.com/kv-mechelen/kader/verein/354/plus/1
2026-07-07T15:51:01,Mechelen,Redouane Halhal,redouane halhal,913660,2024-08-15,2027-06-30,,https://img.a.transfermarkt.technology/portrait/medium/913660-1726297099.jpg?lm=1,https://www.transfermarkt.com/kv-mechelen/kader/verein/354/plus/1
2026-07-07T15:51:01,Mechelen,José Marsà,jose marsa,563139,2024-07-13,2027-06-30,,https://img.a.transfermarkt.technology/portrait/medium/563139-1666099864.jpg?lm=1,https://www.transfermarkt.com/kv-mechelen/kader/verein/354/plus/1
2026-07-07T15:51:01,Mechelen,Tommy St. Jago,tommy st. jago,458734,2025-07-01,2028-06-30,,https://img.a.transfermarkt.technology/portrait/medium/458734-1718022607.jpg?lm=1,https://www.transfermarkt.com/kv-mechelen/kader/verein/354/plus/1
2026-07-07T15:51:01,Mechelen,Gora Diouf,gora diouf,1049965,2025-07-01,2028-06-30,,https://img.a.transfermarkt.technology/portrait/medium/1049965-1739452053.png?lm=1,https://www.transfermarkt.com/kv-mechelen/kader/verein/354/plus/1
2026-07-07T15:51:01,Mechelen,Ian Struyf,ian struyf,1269454,2025-07-28,2028-06-30,,https://img.a.transfermarkt.technology/portrait/medium/1269454-1724403941.PNG?lm=1,https://www.transfermarkt.com/kv-mechelen/kader/verein/354/plus/1
2026-07-07T15:51:01,Mechelen,Lovro Golic,lovro golic,991751,2025-07-15,2029-06-30,,https://img.a.transfermarkt.technology/portrait/medium/991751-1704955199.jpg?lm=1,https://www.transfermarkt.com/kv-mechelen/kader/verein/354/plus/1
2026-07-07T15:51:01,Mechelen,Moncef Zekri,moncef zekri,1263687,2025-07-01,2028-06-30,,https://img.a.transfermarkt.technology/portrait/medium/1263687-1761651646.jpg?lm=1,https://www.transfermarkt.com/kv-mechelen/kader/verein/354/plus/1
2026-07-07T15:51:01,Mechelen,Thérence Koudou,therence koudou,910176,2025-07-23,2029-06-30,,https://img.a.transfermarkt.technology/portrait/medium/910176-1639673934.png?lm=1,https://www.transfermarkt.com/kv-mechelen/kader/verein/354/plus/1
2026-07-07T15:51:01,Mechelen,Kobe Corbanie,kobe corbanie,981194,2026-07-01,2029-06-30,NEW,https://img.a.transfermarkt.technology/portrait/medium/981194-1673801616.jpg?lm=1,https://www.transfermarkt.com/kv-mechelen/kader/verein/354/plus/1
2026-07-07T15:51:01,Mechelen,Fredrik Hammar,fredrik hammar,504245,2025-01-07,2028-06-30,,https://img.a.transfermarkt.technology/portrait/medium/504245-1723541563.jpg?lm=1,https://www.transfermarkt.com/kv-mechelen/kader/verein/354/plus/1
2026-07-07T15:51:01,Mechelen,Ryan Teague,ryan teague,616431,2025-07-01,2028-06-30,,https://img.a.transfermarkt.technology/portrait/medium/616431-1703769381.png?lm=1,https://www.transfermarkt.com/kv-mechelen/kader/verein/354/plus/1
2026-07-07T15:51:01,Mechelen,Massimo Decoene,massimo decoene,931712,2025-09-24,2027-06-30,,https://img.a.transfermarkt.technology/portrait/medium/931712-1713872351.jpg?lm=1,https://www.transfermarkt.com/kv-mechelen/kader/verein/354/plus/1
2026-07-07T15:51:01,Mechelen,Dikeni Salifou,dikeni salifou,664973,2025-09-07,2028-06-30,,https://img.a.transfermarkt.technology/portrait/medium/664973-1722887235.jpg?lm=1,https://www.transfermarkt.com/kv-mechelen/kader/verein/354/plus/1
2026-07-07T15:51:01,Mechelen,Noah Makanza,noah makanza,1082083,2025-01-01,2027-06-30,,https://img.a.transfermarkt.technology/portrait/medium/1082083-1724405077.PNG?lm=1,https://www.transfermarkt.com/kv-mechelen/kader/verein/354/plus/1
2026-07-07T15:51:01,Mechelen,Amine Ouahabi,amine ouahabi,1269453,2025-07-01,2028-06-30,,https://img.a.transfermarkt.technology/portrait/medium/1269453-1743565838.png?lm=1,https://www.transfermarkt.com/kv-mechelen/kader/verein/354/plus/1
2026-07-07T15:51:01,Mechelen,Bilal Bafdili,bilal bafdili,1063263,2023-07-01,2027-06-30,,https://img.a.transfermarkt.technology/portrait/medium/1063263-1718282509.jpg?lm=1,https://www.transfermarkt.com/kv-mechelen/kader/verein/354/plus/1
2026-07-07T15:51:01,Mechelen,Maksim Kireev,maksim kireev,671677,2025-08-25,2029-06-30,,https://img.a.transfermarkt.technology/portrait/medium/671677-1739184146.jpg?lm=1,https://www.transfermarkt.com/kv-mechelen/kader/verein/354/plus/1
2026-07-07T15:51:01,Mechelen,Myron van Brederode,myron van brederode,650712,2025-09-06,2029-06-30,,https://img.a.transfermarkt.technology/portrait/medium/650712-1660763058.jpg?lm=1,https://www.transfermarkt.com/kv-mechelen/kader/verein/354/plus/1
2026-07-07T15:51:01,Mechelen,Cedric Van Meirvenne,cedric van meirvenne,1097605,2026-07-01,2030-06-30,NEW,https://img.a.transfermarkt.technology/portrait/medium/1097605-1774016755.jpg?lm=1,https://www.transfermarkt.com/kv-mechelen/kader/verein/354/plus/1
2026-07-07T15:51:01,Mechelen,Bill Antonio,bill antonio,956050,2024-01-01,2027-06-30,,https://img.a.transfermarkt.technology/portrait/medium/956050-1718281939.jpg?lm=1,https://www.transfermarkt.com/kv-mechelen/kader/verein/354/plus/1
2026-07-07T15:51:01,Mechelen,Halil Özdemir,halil ozdemir,988711,2025-07-24,2027-06-30,,https://img.a.transfermarkt.technology/portrait/medium/988711-1724403795.PNG?lm=1,https://www.transfermarkt.com/kv-mechelen/kader/verein/354/plus/1
2026-07-07T15:51:01,Mechelen,Bouke Boersma,bouke boersma,846826,2026-01-28,2029-06-30,,https://img.a.transfermarkt.technology/portrait/medium/846826-1767882519.jpg?lm=1,https://www.transfermarkt.com/kv-mechelen/kader/verein/354/plus/1
2026-07-07T15:51:01,Mechelen,Keano Vanrafelghem,keano vanrafelghem,583919,2025-01-16,2029-06-30,,https://img.a.transfermarkt.technology/portrait/medium/583919-1770620939.jpg?lm=1,https://www.transfermarkt.com/kv-mechelen/kader/verein/354/plus/1
2026-07-07T15:51:01,Mechelen,Benito Raman,benito raman,112930,2024-08-23,2027-06-30,,https://img.a.transfermarkt.technology/portrait/medium/112930-1693899816.jpg?lm=1,https://www.transfermarkt.com/kv-mechelen/kader/verein/354/plus/1
2026-07-07T15:51:01,Mechelen,Mauro Lenaerts,mauro lenaerts,1382710,2026-01-01,2029-06-30,,https://img.a.transfermarkt.technology/portrait/medium/default.jpg?lm=1,https://www.transfermarkt.com/kv-mechelen/kader/verein/354/plus/1
2026-07-07T15:51:05,Standard Liège,Matthieu Epolo,matthieu epolo,680218,2021-07-01,2029-06-30,,https://img.a.transfermarkt.technology/portrait/medium/680218-1705580908.jpg?lm=1,https://www.transfermarkt.com/standard-luttich/kader/verein/3057/plus/1
2026-07-07T15:51:05,Standard Liège,Lucas Pirard,lucas pirard,168166,2025-07-01,2028-06-30,,https://img.a.transfermarkt.technology/portrait/medium/168166-1706870344.jpg?lm=1,https://www.transfermarkt.com/standard-luttich/kader/verein/3057/plus/1
2026-07-07T15:51:05,Standard Liège,Belmin Dizdarevic,belmin dizdarevic,483007,2026-01-30,2027-06-30,,https://img.a.transfermarkt.technology/portrait/medium/483007-1702663715.JPG?lm=1,https://www.transfermarkt.com/standard-luttich/kader/verein/3057/plus/1
2026-07-07T15:51:05,Standard Liège,Ibe Hautekiet,ibe hautekiet,565016,2023-01-31,2029-06-30,,https://img.a.transfermarkt.technology/portrait/medium/565016-1672687228.jpg?lm=1,https://www.transfermarkt.com/standard-luttich/kader/verein/3057/plus/1
2026-07-07T15:51:05,Standard Liège,Ibrahim Karamoko,ibrahim karamoko,538072,2025-01-07,2030-06-30,,https://img.a.transfermarkt.technology/portrait/medium/538072-1742298729.png?lm=1,https://www.transfermarkt.com/standard-luttich/kader/verein/3057/plus/1
2026-07-07T15:51:05,Standard Liège,Bosko Sutalo,bosko sutalo,431698,2024-07-08,2029-06-30,,https://img.a.transfermarkt.technology/portrait/medium/431698-1735132269.jpeg?lm=1,https://www.transfermarkt.com/standard-luttich/kader/verein/3057/plus/1
2026-07-07T15:51:05,Standard Liège,Josué Homawoo,josue homawoo,655143,2025-07-01,2027-06-30,,https://img.a.transfermarkt.technology/portrait/medium/655143-1732263537.png?lm=1,https://www.transfermarkt.com/standard-luttich/kader/verein/3057/plus/1
2026-07-07T15:51:05,Standard Liège,Dimitri Lavalée,dimitri lavalee,420890,2026-07-01,2028-06-30,NEW,https://img.a.transfermarkt.technology/portrait/medium/420890-1736777226.jpg?lm=1,https://www.transfermarkt.com/standard-luttich/kader/verein/3057/plus/1
2026-07-07T15:51:05,Standard Liège,Daan Dierckx,daan dierckx,621965,2024-07-01,2028-06-30,,https://img.a.transfermarkt.technology/portrait/medium/621965-1746716774.jpg?lm=1,https://www.transfermarkt.com/standard-luttich/kader/verein/3057/plus/1
2026-07-07T15:51:05,Standard Liège,Gustav Mortensen,gustav mortensen,685679,2026-01-15,2030-06-30,,https://img.a.transfermarkt.technology/portrait/medium/685679-1768466648.jpg?lm=1,https://www.transfermarkt.com/standard-luttich/kader/verein/3057/plus/1
2026-07-07T15:51:05,Standard Liège,Henry Lawrence,henry lawrence,580765,2024-07-01,2029-06-30,,https://img.a.transfermarkt.technology/portrait/medium/580765-1574325751.jpg?lm=1,https://www.transfermarkt.com/standard-luttich/kader/verein/3057/plus/1
2026-07-07T15:51:05,Standard Liège,Marlon Fossey,marlon fossey,408562,2022-09-06,2027-06-30,,https://img.a.transfermarkt.technology/portrait/medium/408562-1706694611.jpg?lm=1,https://www.transfermarkt.com/standard-luttich/kader/verein/3057/plus/1
2026-07-07T15:51:05,Standard Liège,Steeven Assengue,steeven assengue,1165893,2025-10-07,2027-06-30,,https://img.a.transfermarkt.technology/portrait/medium/default.jpg?lm=1,https://www.transfermarkt.com/standard-luttich/kader/verein/3057/plus/1
2026-07-07T15:51:05,Standard Liège,Marco Ilaimaharitra,marco ilaimaharitra,205550,2025-07-01,2027-06-30,,https://img.a.transfermarkt.technology/portrait/medium/205550-1672593922.jpg?lm=1,https://www.transfermarkt.com/standard-luttich/kader/verein/3057/plus/1
2026-07-07T15:51:05,Standard Liège,Laurens Goemaere,laurens goemaere,1048452,2026-07-01,2030-06-30,NEW,https://img.a.transfermarkt.technology/portrait/medium/1048452-1761205800.jpg?lm=1,https://www.transfermarkt.com/standard-luttich/kader/verein/3057/plus/1
2026-07-07T15:51:05,Standard Liège,Nayel Mehssatou,nayel mehssatou,486053,2025-07-01,2028-06-30,,https://img.a.transfermarkt.technology/portrait/medium/486053-1696755675.jpg?lm=1,https://www.transfermarkt.com/standard-luttich/kader/verein/3057/plus/1
2026-07-07T15:51:05,Standard Liège,Casper Nielsen,casper nielsen,148365,2025-07-02,2028-06-30,,https://img.a.transfermarkt.technology/portrait/medium/148365-1733899547.jpg?lm=1,https://www.transfermarkt.com/standard-luttich/kader/verein/3057/plus/1
2026-07-07T15:51:05,Standard Liège,Tobias Mohr,tobias mohr,153661,2025-07-01,2028-06-30,,https://img.a.transfermarkt.technology/portrait/medium/153661-1657108199.jpg?lm=1,https://www.transfermarkt.com/standard-luttich/kader/verein/3057/plus/1
2026-07-07T15:51:05,Standard Liège,Mohammed El Hankouri,mohammed el hankouri,384587,2025-08-01,2027-06-30,,https://img.a.transfermarkt.technology/portrait/medium/384587-1719302263.jpg?lm=1,https://www.transfermarkt.com/standard-luttich/kader/verein/3057/plus/1
2026-07-07T15:51:05,Standard Liège,Rafiki Saïd,rafiki said,780147,2025-07-07,2028-06-30,,https://img.a.transfermarkt.technology/portrait/medium/780147-1617876264.jpg?lm=1,https://www.transfermarkt.com/standard-luttich/kader/verein/3057/plus/1
2026-07-07T15:51:05,Standard Liège,Adnane Abid,adnane abid,583899,2025-07-01,2029-06-30,,https://img.a.transfermarkt.technology/portrait/medium/583899-1714046715.png?lm=1,https://www.transfermarkt.com/standard-luttich/kader/verein/3057/plus/1
2026-07-07T15:51:05,Standard Liège,Bruny Nsimba,bruny nsimba,452584,2026-07-01,2029-06-30,NEW,https://img.a.transfermarkt.technology/portrait/medium/452584-1671480942.jpg?lm=1,https://www.transfermarkt.com/standard-luttich/kader/verein/3057/plus/1
2026-07-07T15:51:05,Standard Liège,Dennis Eckert Ayensa,dennis eckert ayensa,249303,2025-07-01,2028-06-30,,https://img.a.transfermarkt.technology/portrait/medium/249303-1666292999.jpg?lm=1,https://www.transfermarkt.com/standard-luttich/kader/verein/3057/plus/1
2026-07-07T15:51:05,Standard Liège,Timothé Nkada,timothe nkada,522788,2025-08-07,2028-06-30,,https://img.a.transfermarkt.technology/portrait/medium/522788-1595963749.jpg?lm=1,https://www.transfermarkt.com/standard-luttich/kader/verein/3057/plus/1
2026-07-07T15:51:05,Standard Liège,René Mitongo,rene mitongo,1241698,2025-07-01,2028-06-30,,https://img.a.transfermarkt.technology/portrait/medium/1241698-1729177764.jpg?lm=1,https://www.transfermarkt.com/standard-luttich/kader/verein/3057/plus/1
2026-07-07T15:51:05,Standard Liège,Bernard Nguene,bernard nguene,1314671,2026-02-02,2028-06-30,,https://img.a.transfermarkt.technology/portrait/medium/1314671-1756823301.jpg?lm=1,https://www.transfermarkt.com/standard-luttich/kader/verein/3057/plus/1
2026-07-07T15:51:05,Standard Liège,Thomas Henry,thomas henry,412513,2025-07-03,2027-06-30,,https://img.a.transfermarkt.technology/portrait/medium/412513-1663671645.jpg?lm=1,https://www.transfermarkt.com/standard-luttich/kader/verein/3057/plus/1
2026-07-07T15:51:05,Standard Liège,Grejohn Kyei,grejohn kyei,321647,2024-07-03,2027-06-30,,https://img.a.transfermarkt.technology/portrait/medium/321647-1676903279.jpg?lm=1,https://www.transfermarkt.com/standard-luttich/kader/verein/3057/plus/1
2026-07-07T15:51:08,Charleroi,Mohamed Koné,mohamed kone,911985,2024-07-02,2027-06-30,,https://img.a.transfermarkt.technology/portrait/medium/911985-1715878431.jpg?lm=1,https://www.transfermarkt.com/rsc-charleroi/kader/verein/172/plus/1
2026-07-07T15:51:08,Charleroi,Martin Delavallée,martin delavallee,903223,2022-07-01,2027-06-30,,https://img.a.transfermarkt.technology/portrait/medium/903223-1706263222.jpg?lm=1,https://www.transfermarkt.com/rsc-charleroi/kader/verein/172/plus/1
2026-07-07T15:51:08,Charleroi,Théo Defourny,theo defourny,104543,2024-07-01,2027-06-30,,https://img.a.transfermarkt.technology/portrait/medium/104543-1709822628.png?lm=1,https://www.transfermarkt.com/rsc-charleroi/kader/verein/172/plus/1
2026-07-07T15:51:08,Charleroi,Check Keita,check keita,820146,2024-07-04,2027-06-30,,https://img.a.transfermarkt.technology/portrait/medium/820146-1639673676.png?lm=1,https://www.transfermarkt.com/rsc-charleroi/kader/verein/172/plus/1
2026-07-07T15:51:08,Charleroi,Aiham Ousou,aiham ousou,585068,2025-01-07,2028-06-30,,https://img.a.transfermarkt.technology/portrait/medium/585068-1697831156.png?lm=1,https://www.transfermarkt.com/rsc-charleroi/kader/verein/172/plus/1
2026-07-07T15:51:08,Charleroi,Noah Solheid,noah solheid,1037260,2026-07-01,2029-06-30,NEW,https://img.a.transfermarkt.technology/portrait/medium/1037260-1663010262.jpg?lm=1,https://www.transfermarkt.com/rsc-charleroi/kader/verein/172/plus/1
2026-07-07T15:51:08,Charleroi,Massamba Sow,massamba sow,959576,2025-01-01,2027-06-30,,https://img.a.transfermarkt.technology/portrait/medium/959576-1734938201.jpg?lm=1,https://www.transfermarkt.com/rsc-charleroi/kader/verein/172/plus/1
2026-07-07T15:51:08,Charleroi,Naël Piron,nael piron,1318685,2026-07-01,2028-06-30,NEW,https://img.a.transfermarkt.technology/portrait/medium/default.jpg?lm=1,https://www.transfermarkt.com/rsc-charleroi/kader/verein/172/plus/1
2026-07-07T15:51:08,Charleroi,Mardochée Nzita,mardochee nzita,463738,2024-07-01,2028-06-30,,https://img.a.transfermarkt.technology/portrait/medium/463738-1711612650.png?lm=1,https://www.transfermarkt.com/rsc-charleroi/kader/verein/172/plus/1
2026-07-07T15:51:08,Charleroi,Kevin Van Den Kerkhof,kevin van den kerkhof,400680,2026-07-01,2028-06-30,NEW,https://img.a.transfermarkt.technology/portrait/medium/400680-1697464135.png?lm=1,https://www.transfermarkt.com/rsc-charleroi/kader/verein/172/plus/1
2026-07-07T15:51:08,Charleroi,Amine Boukamir,amine boukamir,961051,2024-07-01,2027-06-30,,https://img.a.transfermarkt.technology/portrait/medium/961051-1646210435.jpg?lm=1,https://www.transfermarkt.com/rsc-charleroi/kader/verein/172/plus/1
2026-07-07T15:51:08,Charleroi,Mory Kera,mory kera,1308524,2025-07-01,2027-06-30,,https://img.a.transfermarkt.technology/portrait/medium/1308524-1742977693.jpg?lm=1,https://www.transfermarkt.com/rsc-charleroi/kader/verein/172/plus/1
2026-07-07T15:51:08,Charleroi,Yassine Titraoui,yassine titraoui,748445,2024-07-12,2027-06-30,,https://img.a.transfermarkt.technology/portrait/medium/748445-1780325822.jpg?lm=1,https://www.transfermarkt.com/rsc-charleroi/kader/verein/172/plus/1
2026-07-07T15:51:08,Charleroi,Yassine Khalifi,yassine khalifi,869462,2025-07-14,2027-06-30,,https://img.a.transfermarkt.technology/portrait/medium/869462-1753700178.jpg?lm=1,https://www.transfermarkt.com/rsc-charleroi/kader/verein/172/plus/1
2026-07-07T15:51:08,Charleroi,Patrick Pflücke,patrick pflucke,159522,2025-09-02,2027-06-30,,https://img.a.transfermarkt.technology/portrait/medium/159522-1696753926.jpg?lm=1,https://www.transfermarkt.com/rsc-charleroi/kader/verein/172/plus/1
2026-07-07T15:51:08,Charleroi,Jakob Napoleon Romsaas,jakob napoleon romsaas,902401,2025-07-01,2027-06-30,,https://img.a.transfermarkt.technology/portrait/medium/902401-1694550115.jpg?lm=1,https://www.transfermarkt.com/rsc-charleroi/kader/verein/172/plus/1
2026-07-07T15:51:08,Charleroi,Parfait Guiagon,parfait guiagon,624913,2023-08-29,2028-06-30,,https://img.a.transfermarkt.technology/portrait/medium/624913-1758629240.jpg?lm=1,https://www.transfermarkt.com/rsc-charleroi/kader/verein/172/plus/1
2026-07-07T15:51:08,Charleroi,Freddy Mbemba,freddy mbemba,983364,2025-07-04,2028-06-30,,https://img.a.transfermarkt.technology/portrait/medium/983364-1742299959.png?lm=1,https://www.transfermarkt.com/rsc-charleroi/kader/verein/172/plus/1
2026-07-07T15:51:08,Charleroi,Severin Nioule,severin nioule,1182739,2026-07-01,2029-06-30,NEW,https://img.a.transfermarkt.technology/portrait/medium/1182739-1721935888.jpg?lm=1,https://www.transfermarkt.com/rsc-charleroi/kader/verein/172/plus/1
2026-07-07T15:51:08,Charleroi,Antoine Bernier,antoine bernier,340343,2023-07-01,2028-06-30,,https://img.a.transfermarkt.technology/portrait/medium/340343-1704452194.jpg?lm=1,https://www.transfermarkt.com/rsc-charleroi/kader/verein/172/plus/1
2026-07-07T15:51:08,Charleroi,Aurélien Scheidler,aurelien scheidler,497175,2025-08-19,2028-06-30,,https://img.a.transfermarkt.technology/portrait/medium/497175-1656342808.png?lm=1,https://www.transfermarkt.com/rsc-charleroi/kader/verein/172/plus/1
2026-07-07T15:51:08,Charleroi,Antoine Colassin,antoine colassin,440953,2025-07-08,2028-06-30,,https://img.a.transfermarkt.technology/portrait/medium/440953-1568023666.jpg?lm=1,https://www.transfermarkt.com/rsc-charleroi/kader/verein/172/plus/1
2026-07-07T15:51:13,Cercle Brugge,Warleson,warleson,477460,2020-02-06,2027-06-30,,https://img.a.transfermarkt.technology/portrait/medium/477460-1778048837.jpg?lm=1,https://www.transfermarkt.com/cercle-brugge/kader/verein/520/plus/1
2026-07-07T15:51:13,Cercle Brugge,Maxime Delanghe,maxime delanghe,409490,2023-07-01,2028-06-30,,https://img.a.transfermarkt.technology/portrait/medium/409490-1704984384.jpg?lm=1,https://www.transfermarkt.com/cercle-brugge/kader/verein/520/plus/1
2026-07-07T15:51:13,Cercle Brugge,Bas Langenbick,bas langenbick,993333,2024-01-01,2028-06-30,,https://img.a.transfermarkt.technology/portrait/medium/993333-1703263807.jpg?lm=1,https://www.transfermarkt.com/cercle-brugge/kader/verein/520/plus/1
2026-07-07T15:51:13,Cercle Brugge,Geoffrey Kondo,geoffrey kondo,1027253,2026-01-27,2029-06-30,,https://img.a.transfermarkt.technology/portrait/medium/1027253-1778861273.jpg?lm=1,https://www.transfermarkt.com/cercle-brugge/kader/verein/520/plus/1
2026-07-07T15:51:13,Cercle Brugge,Christiaan Ravych,christiaan ravych,579089,2022-07-01,2027-06-30,,https://img.a.transfermarkt.technology/portrait/medium/579089-1659434250.jpg?lm=1,https://www.transfermarkt.com/cercle-brugge/kader/verein/520/plus/1
2026-07-07T15:51:13,Cercle Brugge,Emmanuel Kakou,emmanuel kakou,1233680,2024-07-01,2027-06-30,,https://img.a.transfermarkt.technology/portrait/medium/1233680-1732867667.jpg?lm=1,https://www.transfermarkt.com/cercle-brugge/kader/verein/520/plus/1
2026-07-07T15:51:13,Cercle Brugge,Royer Caicedo,royer caicedo,1274489,2026-02-02,2029-06-30,,https://img.a.transfermarkt.technology/portrait/medium/1274489-1738525923.jpg?lm=1,https://www.transfermarkt.com/cercle-brugge/kader/verein/520/plus/1
2026-07-07T15:51:13,Cercle Brugge,Jonas Lietaert,jonas lietaert,1010225,2024-01-01,2027-06-30,,https://img.a.transfermarkt.technology/portrait/medium/1010225-1713533639.jpg?lm=1,https://www.transfermarkt.com/cercle-brugge/kader/verein/520/plus/1
2026-07-07T15:51:13,Cercle Brugge,Valy Konaté,valy konate,1120020,2025-07-01,2027-06-30,,https://img.a.transfermarkt.technology/portrait/medium/1120020-1753174518.jpg?lm=1,https://www.transfermarkt.com/cercle-brugge/kader/verein/520/plus/1
2026-07-07T15:51:13,Cercle Brugge,Gary Magnée,gary magnee,679050,2024-08-17,2028-06-30,,https://img.a.transfermarkt.technology/portrait/medium/679050-1704727126.jpg?lm=1,https://www.transfermarkt.com/cercle-brugge/kader/verein/520/plus/1
2026-07-07T15:51:13,Cercle Brugge,Ibrahim Diakité,ibrahim diakite,919173,2024-07-03,2028-06-30,,https://img.a.transfermarkt.technology/portrait/medium/919173-1639671633.png?lm=1,https://www.transfermarkt.com/cercle-brugge/kader/verein/520/plus/1
2026-07-07T15:51:13,Cercle Brugge,Ibrahima Diaby,ibrahima diaby,1053160,2025-07-01,2029-06-30,,https://img.a.transfermarkt.technology/portrait/medium/1053160-1753174617.jpg?lm=1,https://www.transfermarkt.com/cercle-brugge/kader/verein/520/plus/1
2026-07-07T15:51:13,Cercle Brugge,Hannes Van Der Bruggen,hannes van der bruggen,110822,2021-01-19,2027-06-30,,https://img.a.transfermarkt.technology/portrait/medium/110822-1705658325.jpg?lm=1,https://www.transfermarkt.com/cercle-brugge/kader/verein/520/plus/1
2026-07-07T15:51:13,Cercle Brugge,Lawrence Agyekum,lawrence agyekum,733410,2025-07-01,2029-06-30,,https://img.a.transfermarkt.technology/portrait/medium/733410-1693046010.png?lm=1,https://www.transfermarkt.com/cercle-brugge/kader/verein/520/plus/1
2026-07-07T15:51:13,Cercle Brugge,Lazare Amani,lazare amani,435808,2026-07-01,2028-06-30,NEW,https://img.a.transfermarkt.technology/portrait/medium/435808-1762961673.jpg?lm=1,https://www.transfermarkt.com/cercle-brugge/kader/verein/520/plus/1
2026-07-07T15:51:13,Cercle Brugge,Erick Nunes,erick nunes,1086381,2025-07-01,2029-06-30,,https://img.a.transfermarkt.technology/portrait/medium/1086381-1723788635.jpg?lm=1,https://www.transfermarkt.com/cercle-brugge/kader/verein/520/plus/1
2026-07-07T15:51:13,Cercle Brugge,Heriberto Jurado,heriberto jurado,950874,2025-02-03,2028-06-30,,https://img.a.transfermarkt.technology/portrait/medium/950874-1660074499.jpg?lm=1,https://www.transfermarkt.com/cercle-brugge/kader/verein/520/plus/1
2026-07-07T15:51:13,Cercle Brugge,Charles Herrmann,charles herrmann,884822,2026-02-01,2029-06-30,,https://img.a.transfermarkt.technology/portrait/medium/884822-1760967283.jpg?lm=1,https://www.transfermarkt.com/cercle-brugge/kader/verein/520/plus/1
2026-07-07T15:51:13,Cercle Brugge,Krys Kouassi,krys kouassi,1208836,2025-07-10,2030-06-30,,https://img.a.transfermarkt.technology/portrait/medium/default.jpg?lm=1,https://www.transfermarkt.com/cercle-brugge/kader/verein/520/plus/1
2026-07-07T15:51:13,Cercle Brugge,Alama Bayo,alama bayo,1123952,2024-07-01,2028-06-30,,https://img.a.transfermarkt.technology/portrait/medium/1123952-1682783894.png?lm=1,https://www.transfermarkt.com/cercle-brugge/kader/verein/520/plus/1
2026-07-07T15:51:13,Cercle Brugge,Steve Ngoura,steve ngoura,923838,2025-01-07,2028-06-30,,https://img.a.transfermarkt.technology/portrait/medium/923838-1753174730.jpg?lm=1,https://www.transfermarkt.com/cercle-brugge/kader/verein/520/plus/1
2026-07-07T15:51:13,Cercle Brugge,Dante Vanzeir,dante vanzeir,289648,2026-01-06,2027-06-30,,https://img.a.transfermarkt.technology/portrait/medium/289648-1710582152.jpg?lm=1,https://www.transfermarkt.com/cercle-brugge/kader/verein/520/plus/1
2026-07-07T15:51:13,Cercle Brugge,Abdoul Kader Ouattara,abdoul kader ouattara,1176433,2024-01-01,2028-06-30,,https://img.a.transfermarkt.technology/portrait/medium/1176433-1753175523.jpg?lm=1,https://www.transfermarkt.com/cercle-brugge/kader/verein/520/plus/1
2026-07-07T15:51:16,OH Leuven,Tobe Leysen,tobe leysen,580434,2023-08-19,2027-06-30,,https://img.a.transfermarkt.technology/portrait/medium/580434-1713278155.png?lm=1,https://www.transfermarkt.com/oud-heverlee-leuven/kader/verein/2727/plus/1
2026-07-07T15:51:16,OH Leuven,Dani van den Heuvel,dani van den heuvel,559320,2026-07-01,2029-06-30,NEW,https://img.a.transfermarkt.technology/portrait/medium/559320-1754511080.jpg?lm=1,https://www.transfermarkt.com/oud-heverlee-leuven/kader/verein/2727/plus/1
2026-07-07T15:51:16,OH Leuven,Owen Jochmans,owen jochmans,559161,2024-07-01,2027-06-30,,https://img.a.transfermarkt.technology/portrait/medium/559161-1713341575.png?lm=1,https://www.transfermarkt.com/oud-heverlee-leuven/kader/verein/2727/plus/1
2026-07-07T15:51:16,OH Leuven,Roggerio Nyakossi,roggerio nyakossi,805484,2025-01-27,2027-06-30,,https://img.a.transfermarkt.technology/portrait/medium/805484-1646144881.jpg?lm=1,https://www.transfermarkt.com/oud-heverlee-leuven/kader/verein/2727/plus/1
2026-07-07T15:51:16,OH Leuven,Ewoud Pletinckx,ewoud pletinckx,491298,2022-07-01,2029-06-30,,https://img.a.transfermarkt.technology/portrait/medium/491298-1713278867.png?lm=1,https://www.transfermarkt.com/oud-heverlee-leuven/kader/verein/2727/plus/1
2026-07-07T15:51:16,OH Leuven,Noë Dussenne,noe dussenne,160736,2025-08-19,2028-06-30,,https://img.a.transfermarkt.technology/portrait/medium/160736-1616872819.jpg?lm=1,https://www.transfermarkt.com/oud-heverlee-leuven/kader/verein/2727/plus/1
2026-07-07T15:51:16,OH Leuven,Viktor Damjanic,viktor damjanic,946964,2025-07-23,2028-06-30,,https://img.a.transfermarkt.technology/portrait/medium/946964-1747406520.jpg?lm=1,https://www.transfermarkt.com/oud-heverlee-leuven/kader/verein/2727/plus/1
2026-07-07T15:51:16,OH Leuven,Christ Souanga,christ souanga,981118,2024-07-01,2027-06-30,,https://img.a.transfermarkt.technology/portrait/medium/981118-1713342205.png?lm=1,https://www.transfermarkt.com/oud-heverlee-leuven/kader/verein/2727/plus/1
2026-07-07T15:51:16,OH Leuven,Takahiro Akimoto,takahiro akimoto,733309,2024-07-01,2027-06-30,,https://img.a.transfermarkt.technology/portrait/medium/733309-1713337957.jpg?lm=1,https://www.transfermarkt.com/oud-heverlee-leuven/kader/verein/2727/plus/1
2026-07-07T15:51:16,OH Leuven,Óscar Gil,oscar gil,544106,2024-08-01,2026-06-30,,https://img.a.transfermarkt.technology/portrait/medium/544106-1625835288.jpg?lm=1,https://www.transfermarkt.com/oud-heverlee-leuven/kader/verein/2727/plus/1
2026-07-07T15:51:16,OH Leuven,Davis Opoku,davis opoku,1200400,2025-11-01,2028-06-30,,https://img.a.transfermarkt.technology/portrait/medium/1200400-1729001177.jpg?lm=1,https://www.transfermarkt.com/oud-heverlee-leuven/kader/verein/2727/plus/1
2026-07-07T15:51:16,OH Leuven,Thibault Vlietinck,thibault vlietinck,249568,2022-08-12,2028-06-30,,https://img.a.transfermarkt.technology/portrait/medium/249568-1713280347.png?lm=1,https://www.transfermarkt.com/oud-heverlee-leuven/kader/verein/2727/plus/1
2026-07-07T15:51:16,OH Leuven,Lukasz Lakomy,lukasz lakomy,401598,2026-07-01,2029-06-30,NEW,https://img.a.transfermarkt.technology/portrait/medium/401598-1733948230.jpg?lm=1,https://www.transfermarkt.com/oud-heverlee-leuven/kader/verein/2727/plus/1
2026-07-07T15:51:16,OH Leuven,Birger Verstraete,birger verstraete,234193,2024-07-10,2027-06-30,,https://img.a.transfermarkt.technology/portrait/medium/234193-1608908875.jpg?lm=1,https://www.transfermarkt.com/oud-heverlee-leuven/kader/verein/2727/plus/1
2026-07-07T15:51:16,OH Leuven,Manuel Osifo,manuel osifo,823584,2024-02-01,2027-06-30,,https://img.a.transfermarkt.technology/portrait/medium/823584-1713338532.png?lm=1,https://www.transfermarkt.com/oud-heverlee-leuven/kader/verein/2727/plus/1
2026-07-07T15:51:16,OH Leuven,Siebe Schrijvers,siebe schrijvers,208552,2021-01-15,2027-06-30,,https://img.a.transfermarkt.technology/portrait/medium/208552-1713336899.png?lm=1,https://www.transfermarkt.com/oud-heverlee-leuven/kader/verein/2727/plus/1
2026-07-07T15:51:16,OH Leuven,Wouter George,wouter george,551932,2025-01-01,2028-06-30,,https://img.a.transfermarkt.technology/portrait/medium/551932-1713342556.png?lm=1,https://www.transfermarkt.com/oud-heverlee-leuven/kader/verein/2727/plus/1
2026-07-07T15:51:16,OH Leuven,Bryang Kayo,bryang kayo,666821,2025-07-02,2028-06-30,,https://img.a.transfermarkt.technology/portrait/medium/666821-1689882042.jpg?lm=1,https://www.transfermarkt.com/oud-heverlee-leuven/kader/verein/2727/plus/1
2026-07-07T15:51:16,OH Leuven,William Balikwisha,william balikwisha,381968,2024-07-20,2028-06-30,,https://img.a.transfermarkt.technology/portrait/medium/381968-1705488589.jpg?lm=1,https://www.transfermarkt.com/oud-heverlee-leuven/kader/verein/2727/plus/1
2026-07-07T15:51:16,OH Leuven,Thibaud Verlinden,thibaud verlinden,338673,2025-02-03,2028-06-30,,https://img.a.transfermarkt.technology/portrait/medium/338673-1711615201.png?lm=1,https://www.transfermarkt.com/oud-heverlee-leuven/kader/verein/2727/plus/1
2026-07-07T15:51:16,OH Leuven,Henok Teklab,henok teklab,492634,2025-09-05,2027-06-30,,https://img.a.transfermarkt.technology/portrait/medium/492634-1714469405.png?lm=1,https://www.transfermarkt.com/oud-heverlee-leuven/kader/verein/2727/plus/1
2026-07-07T15:51:16,OH Leuven,Chukwubuikem Ikwuemesi,chukwubuikem ikwuemesi,929494,2024-07-24,2027-06-30,,https://img.a.transfermarkt.technology/portrait/medium/929494-1693293465.jpg?lm=1,https://www.transfermarkt.com/oud-heverlee-leuven/kader/verein/2727/plus/1
2026-07-07T15:51:16,OH Leuven,Abdoul Karim Traoré,abdoul karim traore,1284784,2025-07-08,2028-06-30,,https://img.a.transfermarkt.technology/portrait/medium/1284784-1753699659.jpg?lm=1,https://www.transfermarkt.com/oud-heverlee-leuven/kader/verein/2727/plus/1
2026-07-07T15:51:16,OH Leuven,Sory Kaba,sory kaba,355689,2025-09-08,2026-06-30,,https://img.a.transfermarkt.technology/portrait/medium/355689-1556009401.jpg?lm=1,https://www.transfermarkt.com/oud-heverlee-leuven/kader/verein/2727/plus/1
2026-07-07T15:51:16,OH Leuven,Kyan Vaesen,kyan vaesen,687630,2026-02-02,2029-06-30,,https://img.a.transfermarkt.technology/portrait/medium/687630-1713450607.png?lm=1,https://www.transfermarkt.com/oud-heverlee-leuven/kader/verein/2727/plus/1
2026-07-07T15:51:20,Zulte Waregem,Brent Gabriël,brent gabriel,338665,2025-07-01,2028-06-30,,https://img.a.transfermarkt.technology/portrait/medium/338665-1713871912.jpg?lm=1,https://www.transfermarkt.com/sv-zulte-waregem/kader/verein/3508/plus/1
2026-07-07T15:51:20,Zulte Waregem,Louis Bostyn,louis bostyn,159382,2014-07-01,2027-06-30,,https://img.a.transfermarkt.technology/portrait/medium/159382-1709893684.jpg?lm=1,https://www.transfermarkt.com/sv-zulte-waregem/kader/verein/3508/plus/1
2026-07-07T15:51:20,Zulte Waregem,Arnaud Dobbels,arnaud dobbels,1065144,2023-07-01,2027-06-30,,https://img.a.transfermarkt.technology/portrait/medium/1065144-1709893965.jpeg?lm=1,https://www.transfermarkt.com/sv-zulte-waregem/kader/verein/3508/plus/1
2026-07-07T15:51:20,Zulte Waregem,Jakob Kiilerich,jakob kiilerich,521225,2025-08-03,2027-06-30,,https://img.a.transfermarkt.technology/portrait/medium/521225-1725485168.jpg?lm=1,https://www.transfermarkt.com/sv-zulte-waregem/kader/verein/3508/plus/1
2026-07-07T15:51:20,Zulte Waregem,Laurent Lemoine,laurent lemoine,289584,2024-09-05,2027-06-30,,https://img.a.transfermarkt.technology/portrait/medium/289584-1626772588.jpg?lm=1,https://www.transfermarkt.com/sv-zulte-waregem/kader/verein/3508/plus/1
2026-07-07T15:51:20,Zulte Waregem,Anton Tanghe,anton tanghe,460848,2024-01-06,2027-06-30,,https://img.a.transfermarkt.technology/portrait/medium/460848-1709894210.png?lm=1,https://www.transfermarkt.com/sv-zulte-waregem/kader/verein/3508/plus/1
2026-07-07T15:51:20,Zulte Waregem,Benoit De Jaegere,benoit de jaegere,727088,2026-01-01,2029-06-30,,https://img.a.transfermarkt.technology/portrait/medium/727088-1774594715.jpg?lm=1,https://www.transfermarkt.com/sv-zulte-waregem/kader/verein/3508/plus/1
2026-07-07T15:51:20,Zulte Waregem,Kadir Seven,kadir seven,930056,2026-01-22,2028-06-30,,https://img.a.transfermarkt.technology/portrait/medium/930056-1696866228.png?lm=1,https://www.transfermarkt.com/sv-zulte-waregem/kader/verein/3508/plus/1
2026-07-07T15:51:20,Zulte Waregem,Mouhamadou Sall,mouhamadou sall,1507561,2026-01-27,2028-06-30,,https://img.a.transfermarkt.technology/portrait/medium/default.jpg?lm=1,https://www.transfermarkt.com/sv-zulte-waregem/kader/verein/3508/plus/1
2026-07-07T15:51:20,Zulte Waregem,Yannick Cappelle,yannick cappelle,583901,2023-07-01,2028-06-30,,https://img.a.transfermarkt.technology/portrait/medium/583901-1709894742.jpg?lm=1,https://www.transfermarkt.com/sv-zulte-waregem/kader/verein/3508/plus/1
2026-07-07T15:51:20,Zulte Waregem,Wilguens Paugain,wilguens paugain,609691,2025-07-01,2028-06-30,,https://img.a.transfermarkt.technology/portrait/medium/609691-1726495140.png?lm=1,https://www.transfermarkt.com/sv-zulte-waregem/kader/verein/3508/plus/1
2026-07-07T15:51:20,Zulte Waregem,Enrique Lofolomo,enrique lofolomo,591032,2025-07-01,2027-06-30,,https://img.a.transfermarkt.technology/portrait/medium/591032-1689513062.jpg?lm=1,https://www.transfermarkt.com/sv-zulte-waregem/kader/verein/3508/plus/1
2026-07-07T15:51:20,Zulte Waregem,Thomas Claes,thomas claes,671682,2025-07-01,2028-06-30,,https://img.a.transfermarkt.technology/portrait/medium/671682-1714046245.png?lm=1,https://www.transfermarkt.com/sv-zulte-waregem/kader/verein/3508/plus/1
2026-07-07T15:51:20,Zulte Waregem,Dirk Asare,dirk asare,708453,2026-02-02,2029-06-30,,https://img.a.transfermarkt.technology/portrait/medium/708453-1718282283.jpg?lm=1,https://www.transfermarkt.com/sv-zulte-waregem/kader/verein/3508/plus/1
2026-07-07T15:51:20,Zulte Waregem,Tristan Panduro,tristan panduro,1027444,2026-01-10,2028-06-30,,https://img.a.transfermarkt.technology/portrait/medium/default.jpg?lm=1,https://www.transfermarkt.com/sv-zulte-waregem/kader/verein/3508/plus/1
2026-07-07T15:51:20,Zulte Waregem,Serxho Ujka,serxho ujka,597289,2025-07-18,2027-06-30,,https://img.a.transfermarkt.technology/portrait/medium/597289-1705820197.jpg?lm=1,https://www.transfermarkt.com/sv-zulte-waregem/kader/verein/3508/plus/1
2026-07-07T15:51:20,Zulte Waregem,Joseph Opoku,joseph opoku,1310437,2024-08-29,2027-06-30,,https://img.a.transfermarkt.technology/portrait/medium/1310437-1741365119.jpg?lm=1,https://www.transfermarkt.com/sv-zulte-waregem/kader/verein/3508/plus/1
2026-07-07T15:51:20,Zulte Waregem,Marley Aké,marley ake,682032,2026-07-01,2028-06-30,NEW,https://img.a.transfermarkt.technology/portrait/medium/682032-1738847709.jpg?lm=1,https://www.transfermarkt.com/sv-zulte-waregem/kader/verein/3508/plus/1
2026-07-07T15:51:20,Zulte Waregem,Dylan Demuynck,dylan demuynck,654947,2023-07-01,2027-06-30,,https://img.a.transfermarkt.technology/portrait/medium/654947-1709896216.jpg?lm=1,https://www.transfermarkt.com/sv-zulte-waregem/kader/verein/3508/plus/1
2026-07-07T15:51:20,Zulte Waregem,Nikola Mituljikic,nikola mituljikic,706554,2025-08-14,2028-06-30,,https://img.a.transfermarkt.technology/portrait/medium/706554-1694785397.jpg?lm=1,https://www.transfermarkt.com/sv-zulte-waregem/kader/verein/3508/plus/1
2026-07-07T15:51:20,Zulte Waregem,Malick Mbaye,malick mbaye,707063,2026-02-02,2029-06-30,,https://img.a.transfermarkt.technology/portrait/medium/707063-1697465878.png?lm=1,https://www.transfermarkt.com/sv-zulte-waregem/kader/verein/3508/plus/1
2026-07-07T15:51:20,Zulte Waregem,Jevon Simons,jevon simons,738492,2025-02-03,2027-06-30,,https://img.a.transfermarkt.technology/portrait/medium/738492-1767882463.jpg?lm=1,https://www.transfermarkt.com/sv-zulte-waregem/kader/verein/3508/plus/1
2026-07-07T15:51:20,Zulte Waregem,Anosike Ementa,anosike ementa,543311,2025-08-07,2028-06-30,,https://img.a.transfermarkt.technology/portrait/medium/543311-1713785258.jpg?lm=1,https://www.transfermarkt.com/sv-zulte-waregem/kader/verein/3508/plus/1
2026-07-07T15:51:20,Zulte Waregem,Tobias Hedl,tobias hedl,548037,2025-07-01,2027-06-30,,https://img.a.transfermarkt.technology/portrait/medium/548037-1724948741.jpg?lm=1,https://www.transfermarkt.com/sv-zulte-waregem/kader/verein/3508/plus/1
2026-07-07T15:51:20,Zulte Waregem,Hemsley Akpa-Chukwu,hemsley akpa-chukwu,1153876,2026-07-01,2029-06-30,NEW,https://img.a.transfermarkt.technology/portrait/medium/1153876-1776865552.jpg?lm=1,https://www.transfermarkt.com/sv-zulte-waregem/kader/verein/3508/plus/1
2026-07-07T15:51:20,Zulte Waregem,Siebe Van Keymolen,siebe van keymolen,1178961,2025-10-07,2027-06-30,,https://img.a.transfermarkt.technology/portrait/medium/default.jpg?lm=1,https://www.transfermarkt.com/sv-zulte-waregem/kader/verein/3508/plus/1
2026-07-07T15:51:23,Dender,Julien Devriendt,julien devriendt,452896,2026-07-01,2028-06-30,NEW,https://img.a.transfermarkt.technology/portrait/medium/452896-1662383296.jpg?lm=1,https://www.transfermarkt.com/fcv-dender-eh/kader/verein/9010/plus/1
2026-07-07T15:51:23,Dender,Louis Fortin,louis fortin,706859,2025-08-05,2027-06-30,,https://img.a.transfermarkt.technology/portrait/medium/706859-1706610890.jpg?lm=1,https://www.transfermarkt.com/fcv-dender-eh/kader/verein/9010/plus/1
2026-07-07T15:51:23,Dender,Luc Marijnissen,luc marijnissen,717604,2025-07-01,2028-06-30,,https://img.a.transfermarkt.technology/portrait/medium/717604-1692261678.jpg?lm=1,https://www.transfermarkt.com/fcv-dender-eh/kader/verein/9010/plus/1
2026-07-07T15:51:23,Dender,Bo De Kerf,bo de kerf,790238,2026-01-23,2029-06-30,,https://img.a.transfermarkt.technology/portrait/medium/790238-1761139966.png?lm=1,https://www.transfermarkt.com/fcv-dender-eh/kader/verein/9010/plus/1
2026-07-07T15:51:23,Dender,Kobe Cools,kobe cools,340162,2022-07-01,2027-06-30,,https://img.a.transfermarkt.technology/portrait/medium/340162-1695456121.jpg?lm=1,https://www.transfermarkt.com/fcv-dender-eh/kader/verein/9010/plus/1
2026-07-07T15:51:23,Dender,Fabio Ferraro,fabio ferraro,579084,2023-08-03,2027-06-30,,https://img.a.transfermarkt.technology/portrait/medium/579084-1666031256.jpg?lm=1,https://www.transfermarkt.com/fcv-dender-eh/kader/verein/9010/plus/1
2026-07-07T15:51:23,Dender,Nail Moutha-Sebtaoui,nail moutha-sebtaoui,748808,2025-07-01,2028-06-30,,https://img.a.transfermarkt.technology/portrait/medium/748808-1691997145.jpg?lm=1,https://www.transfermarkt.com/fcv-dender-eh/kader/verein/9010/plus/1
2026-07-07T15:51:23,Dender,Marsoni Sambu,marsoni sambu,316709,2025-09-07,2027-06-30,,https://img.a.transfermarkt.technology/portrait/medium/316709-1756925651.jpg?lm=1,https://www.transfermarkt.com/fcv-dender-eh/kader/verein/9010/plus/1
2026-07-07T15:51:23,Dender,Malcolm Viltard,malcolm viltard,840688,2024-07-01,2027-06-30,,https://img.a.transfermarkt.technology/portrait/medium/840688-1669380460.png?lm=1,https://www.transfermarkt.com/fcv-dender-eh/kader/verein/9010/plus/1
2026-07-07T15:51:23,Dender,Nathan Rôdes,nathan rodes,481171,2022-07-01,2027-06-30,,https://img.a.transfermarkt.technology/portrait/medium/481171-1662384962.jpg?lm=1,https://www.transfermarkt.com/fcv-dender-eh/kader/verein/9010/plus/1
2026-07-07T15:51:23,Dender,Oskar Szulc,oskar szulc,1447447,2026-07-01,2029-06-30,NEW,https://img.a.transfermarkt.technology/portrait/medium/1447447-1776345578.JPG?lm=1,https://www.transfermarkt.com/fcv-dender-eh/kader/verein/9010/plus/1
2026-07-07T15:51:23,Dender,Krzysztof Koton,krzysztof koton,920209,2025-07-15,2028-06-30,,https://img.a.transfermarkt.technology/portrait/medium/920209-1671301900.png?lm=1,https://www.transfermarkt.com/fcv-dender-eh/kader/verein/9010/plus/1
2026-07-07T15:51:23,Dender,Roman Kvet,roman kvet,400649,2025-07-01,2027-06-30,,https://img.a.transfermarkt.technology/portrait/medium/400649-1693401752.png?lm=1,https://www.transfermarkt.com/fcv-dender-eh/kader/verein/9010/plus/1
2026-07-07T15:51:23,Dender,Amine Daali,amine daali,951960,2026-01-23,2027-06-30,,https://img.a.transfermarkt.technology/portrait/medium/951960-1675691362.png?lm=1,https://www.transfermarkt.com/fcv-dender-eh/kader/verein/9010/plus/1
2026-07-07T15:51:23,Dender,David Hrncar,david hrncar,471621,2024-07-01,2027-06-30,,https://img.a.transfermarkt.technology/portrait/medium/471621-1714737012.png?lm=1,https://www.transfermarkt.com/fcv-dender-eh/kader/verein/9010/plus/1
2026-07-07T15:51:23,Dender,Kembo Diliwidi,kembo diliwidi,1160813,2026-07-01,2026-07-01,NEW,https://img.a.transfermarkt.technology/portrait/medium/1160813-1738585501.jpg?lm=1,https://www.transfermarkt.com/fcv-dender-eh/kader/verein/9010/plus/1
2026-07-07T15:51:23,Dender,Mohamed Berte,mohamed berte,895402,2024-07-01,2027-06-30,,https://img.a.transfermarkt.technology/portrait/medium/895402-1713873142.jpg?lm=1,https://www.transfermarkt.com/fcv-dender-eh/kader/verein/9010/plus/1
2026-07-07T15:51:23,Dender,David Toshevski,david toshevski,542338,2025-09-20,2027-06-30,,https://img.a.transfermarkt.technology/portrait/medium/542338-1723812009.jpg?lm=1,https://www.transfermarkt.com/fcv-dender-eh/kader/verein/9010/plus/1
2026-07-07T15:51:23,Dender,Emmanuel Mballa Amougou,emmanuel mballa amougou,886362,2026-07-01,2028-06-30,NEW,https://img.a.transfermarkt.technology/portrait/medium/default.jpg?lm=1,https://www.transfermarkt.com/fcv-dender-eh/kader/verein/9010/plus/1
2026-07-07T15:51:28,La Louvière,Marcos Peano,marcos peano,360338,2024-07-01,2028-06-30,,https://img.a.transfermarkt.technology/portrait/medium/360338-1772795034.png?lm=1,https://www.transfermarkt.com/raal-la-louviere/kader/verein/3901/plus/1
2026-07-07T15:51:28,La Louvière,Tiago Pereira Cardoso,tiago pereira cardoso,926301,2026-07-01,2027-06-30,NEW,https://img.a.transfermarkt.technology/portrait/medium/926301-1760967429.jpg?lm=1,https://www.transfermarkt.com/raal-la-louviere/kader/verein/3901/plus/1
2026-07-07T15:51:28,La Louvière,Célestin De Schrevel,celestin de schrevel,707804,2025-07-01,2028-06-30,,https://img.a.transfermarkt.technology/portrait/medium/707804-1772795094.png?lm=1,https://www.transfermarkt.com/raal-la-louviere/kader/verein/3901/plus/1
2026-07-07T15:51:28,La Louvière,Lucas Monteiro,lucas monteiro,905252,2024-07-01,2027-06-30,,https://img.a.transfermarkt.technology/portrait/medium/905252-1772795210.png?lm=1,https://www.transfermarkt.com/raal-la-louviere/kader/verein/3901/plus/1
2026-07-07T15:51:28,La Louvière,Théo Radelet,theo radelet,1123651,2026-07-01,2029-06-30,NEW,https://img.a.transfermarkt.technology/portrait/medium/1123651-1713341706.png?lm=1,https://www.transfermarkt.com/raal-la-louviere/kader/verein/3901/plus/1
2026-07-07T15:51:28,La Louvière,Yllan Okou,yllan okou,745202,2025-08-03,2028-06-30,,https://img.a.transfermarkt.technology/portrait/medium/745202-1772795345.png?lm=1,https://www.transfermarkt.com/raal-la-louviere/kader/verein/3901/plus/1
2026-07-07T15:51:28,La Louvière,Djibril Lamego,djibril lamego,947363,2024-07-01,2027-06-30,,https://img.a.transfermarkt.technology/portrait/medium/947363-1772795276.png?lm=1,https://www.transfermarkt.com/raal-la-louviere/kader/verein/3901/plus/1
2026-07-07T15:51:28,La Louvière,Siad Gourville,siad gourville,917822,2026-07-01,2027-06-30,NEW,https://img.a.transfermarkt.technology/portrait/medium/917822-1750009631.png?lm=1,https://www.transfermarkt.com/raal-la-louviere/kader/verein/3901/plus/1
2026-07-07T15:51:28,La Louvière,Mehdi Boukamir,mehdi boukamir,860048,2026-07-01,2027-06-30,NEW,https://img.a.transfermarkt.technology/portrait/medium/860048-1729088273.jpg?lm=1,https://www.transfermarkt.com/raal-la-louviere/kader/verein/3901/plus/1
2026-07-07T15:51:28,La Louvière,Wagane Faye,wagane faye,463133,2022-07-01,2027-06-30,,https://img.a.transfermarkt.technology/portrait/medium/463133-1772795712.png?lm=1,https://www.transfermarkt.com/raal-la-louviere/kader/verein/3901/plus/1
2026-07-07T15:51:28,La Louvière,Thierry Lutonda,thierry lutonda,416802,2025-08-07,2027-06-30,,https://img.a.transfermarkt.technology/portrait/medium/416802-1772795442.png?lm=1,https://www.transfermarkt.com/raal-la-louviere/kader/verein/3901/plus/1
2026-07-07T15:51:28,La Louvière,Nolan Gillot,nolan gillot,808128,2024-07-01,2028-06-30,,https://img.a.transfermarkt.technology/portrait/medium/808128-1772795787.png?lm=1,https://www.transfermarkt.com/raal-la-louviere/kader/verein/3901/plus/1
2026-07-07T15:51:28,La Louvière,Shaquil Delos,shaquil delos,650809,2026-07-01,2028-06-30,NEW,https://img.a.transfermarkt.technology/portrait/medium/650809-1632825488.jpg?lm=1,https://www.transfermarkt.com/raal-la-louviere/kader/verein/3901/plus/1
2026-07-07T15:51:28,La Louvière,Darío Benavides,dario benavides,711626,2025-07-01,2028-06-30,,https://img.a.transfermarkt.technology/portrait/medium/711626-1772795606.png?lm=1,https://www.transfermarkt.com/raal-la-louviere/kader/verein/3901/plus/1
2026-07-07T15:51:28,La Louvière,Alexis Beka Beka,alexis beka beka,539065,2025-07-01,2027-06-30,,https://img.a.transfermarkt.technology/portrait/medium/539065-1772796437.png?lm=1,https://www.transfermarkt.com/raal-la-louviere/kader/verein/3901/plus/1
2026-07-07T15:51:28,La Louvière,Sami Lahssaini,sami lahssaini,535706,2024-07-01,2027-06-30,,https://img.a.transfermarkt.technology/portrait/medium/535706-1772796264.png?lm=1,https://www.transfermarkt.com/raal-la-louviere/kader/verein/3901/plus/1
2026-07-07T15:51:28,La Louvière,Ismaila Coulibaly,ismaila coulibaly,490224,2026-07-01,2028-06-30,NEW,https://img.a.transfermarkt.technology/portrait/medium/490224-1754322517.png?lm=1,https://www.transfermarkt.com/raal-la-louviere/kader/verein/3901/plus/1
2026-07-07T15:51:28,La Louvière,Samuel Gueulette,samuel gueulette,705416,2021-07-01,2027-06-30,,https://img.a.transfermarkt.technology/portrait/medium/705416-1772796558.png?lm=1,https://www.transfermarkt.com/raal-la-louviere/kader/verein/3901/plus/1
2026-07-07T15:51:28,La Louvière,Mame Wade,mame wade,931555,2026-07-02,2028-06-30,NEW,https://img.a.transfermarkt.technology/portrait/medium/931555-1756993227.jpg?lm=1,https://www.transfermarkt.com/raal-la-louviere/kader/verein/3901/plus/1
2026-07-07T15:51:28,La Louvière,Mátyás Kovács,matyas kovacs,720939,2026-07-01,2028-06-30,NEW,https://img.a.transfermarkt.technology/portrait/medium/default.jpg?lm=1,https://www.transfermarkt.com/raal-la-louviere/kader/verein/3901/plus/1
2026-07-07T15:51:28,La Louvière,Joël Ito,joel ito,338652,2023-07-01,2028-06-30,,https://img.a.transfermarkt.technology/portrait/medium/338652-1772796109.png?lm=1,https://www.transfermarkt.com/raal-la-louviere/kader/verein/3901/plus/1
2026-07-07T15:51:28,La Louvière,Bryan Soumaré,bryan soumare,644563,2026-01-23,2027-06-30,,https://img.a.transfermarkt.technology/portrait/medium/644563-1772796656.png?lm=1,https://www.transfermarkt.com/raal-la-louviere/kader/verein/3901/plus/1
2026-07-07T15:51:28,La Louvière,Noah Makembo-Ntemo,noah makembo-ntemo,981539,2025-07-01,2027-06-30,,https://img.a.transfermarkt.technology/portrait/medium/981539-1772796718.png?lm=1,https://www.transfermarkt.com/raal-la-louviere/kader/verein/3901/plus/1
2026-07-07T15:51:28,La Louvière,Quentin Benaets,quentin benaets,738770,2026-07-01,2027-06-30,NEW,https://img.a.transfermarkt.technology/portrait/medium/738770-1672602780.jpg?lm=1,https://www.transfermarkt.com/raal-la-louviere/kader/verein/3901/plus/1
2026-07-07T15:51:28,La Louvière,Elias Filet,elias filet,937994,2026-07-01,2028-06-30,NEW,https://img.a.transfermarkt.technology/portrait/medium/937994-1753083685.jpg?lm=1,https://www.transfermarkt.com/raal-la-louviere/kader/verein/3901/plus/1
2026-07-07T15:51:28,La Louvière,Mouhamed Belkheir,mouhamed belkheir,394127,2025-07-01,2028-06-30,,https://img.a.transfermarkt.technology/portrait/medium/394127-1772796936.png?lm=1,https://www.transfermarkt.com/raal-la-louviere/kader/verein/3901/plus/1
2026-07-07T15:51:28,La Louvière,Mohamed Guindo,mohamed guindo,617698,2024-07-01,2027-06-30,,https://img.a.transfermarkt.technology/portrait/medium/617698-1709896279.jpg?lm=1,https://www.transfermarkt.com/raal-la-louviere/kader/verein/3901/plus/1
2026-07-07T15:51:28,La Louvière,Nachon Nsingi,nachon nsingi,707802,2026-01-23,2027-06-30,,https://img.a.transfermarkt.technology/portrait/medium/707802-1772797078.png?lm=1,https://www.transfermarkt.com/raal-la-louviere/kader/verein/3901/plus/1
