squad,season_id,window,direction,player,norm_key,pos,age,nat,club,fee_eur,fee_text,photo
Alavés,2026,summer,in,Ville Koski,ville koski,Centre-Back,24,Finland,NK Istra,3000000.0,€3.00m,https://img.a.transfermarkt.technology/portrait/medium/581326-1768659999.jpg?lm=1
Alavés,2026,summer,in,Egoitz Muñoz,egoitz munoz,Right-Back,22,Spain,Alavés B,,-,https://img.a.transfermarkt.technology/portrait/medium/default.jpg?lm=1
Alavés,2026,summer,in,Asier Villalibre,asier villalibre,Centre-Forward,28,Spain,Racing,,End of loan 30/06/2026,https://img.a.transfermarkt.technology/portrait/medium/251897-1709676417.png?lm=1
Alavés,2026,summer,in,Moussa Diarra,moussa diarra,Centre-Back,25,Mali,RSC Anderlecht,,End of loan 30/06/2026,https://img.a.transfermarkt.technology/portrait/medium/694509-1708555512.jpg?lm=1
Alavés,2026,summer,in,Jesús Owono,jesus owono,Goalkeeper,25,Equatorial Guinea,FC Andorra,,End of loan 30/06/2026,https://img.a.transfermarkt.technology/portrait/medium/631693-1767009098.jpg?lm=1
Alavés,2026,summer,in,Hugo Novoa,hugo novoa,Right-Back,23,Spain,CD Mirandés,,End of loan 30/06/2026,https://img.a.transfermarkt.technology/portrait/medium/668276-1606146927.jpg?lm=1
Alavés,2026,summer,in,Nikola Maras,nikola maras,Centre-Back,30,Serbia,CD Mirandés,,End of loan 30/06/2026,https://img.a.transfermarkt.technology/portrait/medium/258475-1726303551.jpg?lm=1
Alavés,2026,summer,in,Unai Ropero,unai ropero,Right Winger,24,Spain,Hércules CF,,End of loan 30/06/2026,https://img.a.transfermarkt.technology/portrait/medium/default.jpg?lm=1
Alavés,2026,summer,in,Adrián Pica,adrian pica,Centre-Back,24,Spain,CD Mirandés,,End of loan 30/06/2026,https://img.a.transfermarkt.technology/portrait/medium/895458-1751442592.jpg?lm=1
Alavés,2026,summer,in,Tomás Mendes,tomas mendes,Defensive Midfield,21,Guinea-Bissau,Alverca,,End of loan 30/06/2026,https://img.a.transfermarkt.technology/portrait/medium/default.jpg?lm=1
Alavés,2026,summer,in,Selu Diallo,selu diallo,Central Midfield,22,Guinea,CyD Leonesa,,End of loan 30/06/2026,https://img.a.transfermarkt.technology/portrait/medium/1054931-1731932772.jpg?lm=1
Alavés,2026,summer,in,Gustavo Albarracín,gustavo albarracin,Central Midfield,20,Argentina,NK Istra,,End of loan 30/06/2026,https://img.a.transfermarkt.technology/portrait/medium/1074967-1758268198.png?lm=1
Alavés,2026,summer,in,Adrián Rodríguez,adrian rodriguez,Goalkeeper,25,Argentina,Real Zaragoza,,End of loan 30/06/2026,https://img.a.transfermarkt.technology/portrait/medium/608382-1779142396.jpg?lm=1
Alavés,2026,summer,out,Asier Villalibre,asier villalibre,Centre-Forward,28,Spain,Racing,1000000.0,€1.00m,https://img.a.transfermarkt.technology/portrait/medium/251897-1709676417.png?lm=1
Alavés,2026,summer,out,Jon Guridi,jon guridi,Central Midfield,31,Spain,Sevilla FC,,free transfer,https://img.a.transfermarkt.technology/portrait/medium/289257-1604301765.jpg?lm=1
Alavés,2026,summer,out,Raúl Fernández,raul fernandez,Goalkeeper,38,Spain,CD Leganés,,free transfer,https://img.a.transfermarkt.technology/portrait/medium/54217-1498749052.jpg?lm=1
Alavés,2026,summer,out,Egoitz Muñoz,egoitz munoz,Right-Back,22,Spain,Córdoba CF,,loan transfer,https://img.a.transfermarkt.technology/portrait/medium/default.jpg?lm=1
Alavés,2026,summer,out,Jon Pacheco,jon pacheco,Centre-Back,25,Spain,Real Sociedad,,End of loan 30/06/2026,https://img.a.transfermarkt.technology/portrait/medium/580560-1631178086.jpg?lm=1
Alavés,2026,summer,out,Calebe,calebe,Attacking Midfield,26,Brazil,Fortaleza,,End of loan 30/06/2026,https://img.a.transfermarkt.technology/portrait/medium/798114-1762367600.jpg?lm=1
Alavés,2026,summer,out,Ibrahim Diabate,ibrahim diabate,Centre-Forward,26,Cote d'Ivoire,GAIS,,End of loan 30/06/2026,https://img.a.transfermarkt.technology/portrait/medium/620696-1755680442.jpg?lm=1
Alavés,2026,summer,out,Ville Koski,ville koski,Centre-Back,24,Finland,NK Istra,,End of loan 30/06/2026,https://img.a.transfermarkt.technology/portrait/medium/581326-1768659999.jpg?lm=1
Athletic Club,2026,summer,in,Peio Canales,peio canales,Attacking Midfield,21,Spain,Racing,,End of loan 30/06/2026,https://img.a.transfermarkt.technology/portrait/medium/1056966-1709678026.png?lm=1
Athletic Club,2026,summer,in,Julen Agirrezabala,julen agirrezabala,Goalkeeper,25,Spain,Valencia,,End of loan 30/06/2026,https://img.a.transfermarkt.technology/portrait/medium/625014-1709674945.png?lm=1
Athletic Club,2026,summer,in,Álvaro Djaló,alvaro djalo,Left Winger,26,Guinea-Bissau,Al-Gharafa,,End of loan 30/06/2026,https://img.a.transfermarkt.technology/portrait/medium/671649-1762259842.jpg?lm=1
Athletic Club,2026,summer,in,Hugo Rincón,hugo rincon,Right-Back,23,Spain,Girona,,End of loan 30/06/2026,https://img.a.transfermarkt.technology/portrait/medium/834487-1709677097.png?lm=1
Athletic Club,2026,summer,in,Unai Vencedor,unai vencedor,Central Midfield,25,Spain,Levante,,End of loan 30/06/2026,https://img.a.transfermarkt.technology/portrait/medium/610083-1671998817.png?lm=1
Athletic Club,2026,summer,in,Beñat Gerenabarrena,benat gerenabarrena,Central Midfield,23,Spain,Castellón,,End of loan 30/06/2026,https://img.a.transfermarkt.technology/portrait/medium/709214-1709677208.png?lm=1
Athletic Club,2026,summer,out,Iñigo Lekue,inigo lekue,Right-Back,33,Spain,Retired,,-,https://img.a.transfermarkt.technology/portrait/medium/255501-1709675295.png?lm=1
Atlético Madrid,2026,summer,in,Alejandro Grimaldo,alejandro grimaldo,Left-Back,30,Spain,Leverkusen,22000000.0,€22.00m,https://img.a.transfermarkt.technology/portrait/medium/193082-1689710805.jpg?lm=1
Atlético Madrid,2026,summer,in,Thomas Lemar,thomas lemar,Attacking Midfield,30,France,Girona,,End of loan 30/06/2026,https://img.a.transfermarkt.technology/portrait/medium/205562-1686662075.jpg?lm=1
Atlético Madrid,2026,summer,in,Horațiu Moldovan,horatiu moldovan,Goalkeeper,28,Romania,Real Oviedo,,End of loan 30/06/2026,https://img.a.transfermarkt.technology/portrait/medium/525438-1718199207.jpg?lm=1
Atlético Madrid,2026,summer,in,Carlos Martín,carlos martin,Left Winger,24,Spain,Rayo Vallecano,,End of loan 30/06/2026,https://img.a.transfermarkt.technology/portrait/medium/618813-1707924109.jpg?lm=1
Atlético Madrid,2026,summer,out,Antoine Griezmann,antoine griezmann,Second Striker,35,France,Orlando,,free transfer,https://img.a.transfermarkt.technology/portrait/medium/125781-1775233998.jpg?lm=1
Atlético Madrid,2026,summer,out,Clément Lenglet,clement lenglet,Centre-Back,31,France,Benfica,,loan transfer,https://img.a.transfermarkt.technology/portrait/medium/182904-1599988301.jpg?lm=1
Atlético Madrid,2026,summer,out,Nico González,nico gonzalez,Left Winger,28,Argentina,Juventus,,End of loan 30/06/2026,https://img.a.transfermarkt.technology/portrait/medium/486031-1673442459.jpg?lm=1
Barcelona,2026,summer,in,Anthony Gordon,anthony gordon,Left Winger,25,England,Newcastle,80000000.0,€80.00m,https://img.a.transfermarkt.technology/portrait/medium/503733-1761080304.jpg?lm=1
Barcelona,2026,summer,in,Xavi Espart,xavi espart,Right-Back,19,Spain,Barça Atlètic,,-,https://img.a.transfermarkt.technology/portrait/medium/1018912-1768246502.jpg?lm=1
Barcelona,2026,summer,in,Álvaro Cortés,alvaro cortes,Centre-Back,21,Spain,Barça Atlètic,,-,https://img.a.transfermarkt.technology/portrait/medium/924610-1759223668.jpg?lm=1
Barcelona,2026,summer,in,Tommy Marqués,tommy marques,Defensive Midfield,19,Spain,Barça Atlètic,,-,https://img.a.transfermarkt.technology/portrait/medium/938156-1750759779.jpg?lm=1
Barcelona,2026,summer,in,Toni Fernández,toni fernandez,Attacking Midfield,17,Spain,Barça Atlètic,,-,https://img.a.transfermarkt.technology/portrait/medium/1066206-1761737036.jpg?lm=1
Barcelona,2026,summer,in,Diego Kochen,diego kochen,Goalkeeper,20,United States,Barça Atlètic,,-,https://img.a.transfermarkt.technology/portrait/medium/938144-1727891789.jpg?lm=1
Barcelona,2026,summer,in,Ansu Fati,ansu fati,Left Winger,23,Spain,Monaco,,End of loan 30/06/2026,https://img.a.transfermarkt.technology/portrait/medium/466810-1721828228.jpg?lm=1
Barcelona,2026,summer,in,Héctor Fort,hector fort,Right-Back,19,Spain,Elche CF,,End of loan 30/06/2026,https://img.a.transfermarkt.technology/portrait/medium/937955-1702504973.jpg?lm=1
Barcelona,2026,summer,in,Iñaki Peña,inaki pena,Goalkeeper,27,Spain,Elche CF,,End of loan 30/06/2026,https://img.a.transfermarkt.technology/portrait/medium/283170-1702502364.jpg?lm=1
Barcelona,2026,summer,in,Marc-André ter Stegen,marc-andre ter stegen,Goalkeeper,34,Germany,Girona,,End of loan 30/06/2026,https://img.a.transfermarkt.technology/portrait/medium/74857-1674465246.jpg?lm=1
Barcelona,2026,summer,in,Áron Yaakobishvili,aron yaakobishvili,Goalkeeper,20,Hungary,FC Andorra,,End of loan 30/06/2026,https://img.a.transfermarkt.technology/portrait/medium/938145-1699371976.jpg?lm=1
Barcelona,2026,summer,in,Ander Astralaga,ander astralaga,Goalkeeper,22,Spain,Granada CF,,End of loan 30/06/2026,https://img.a.transfermarkt.technology/portrait/medium/709955-1733947865.jpg?lm=1
Barcelona,2026,summer,out,Ansu Fati,ansu fati,Left Winger,23,Spain,Monaco,11000000.0,€11.00m,https://img.a.transfermarkt.technology/portrait/medium/466810-1721828228.jpg?lm=1
Barcelona,2026,summer,out,Iñaki Peña,inaki pena,Goalkeeper,27,Spain,Panathinaikos,3000000.0,€3.00m,https://img.a.transfermarkt.technology/portrait/medium/283170-1702502364.jpg?lm=1
Barcelona,2026,summer,out,Robert Lewandowski,robert lewandowski,Centre-Forward,37,Poland,Chicago,,free transfer,https://img.a.transfermarkt.technology/portrait/medium/38253-1760445524.jpg?lm=1
Barcelona,2026,summer,out,Diego Kochen,diego kochen,Goalkeeper,20,United States,Lyngby BK,,loan transfer,https://img.a.transfermarkt.technology/portrait/medium/938144-1727891789.jpg?lm=1
Barcelona,2026,summer,out,Ander Astralaga,ander astralaga,Goalkeeper,22,Spain,Without Club,,-,https://img.a.transfermarkt.technology/portrait/medium/709955-1733947865.jpg?lm=1
Barcelona,2026,summer,out,Marcus Rashford,marcus rashford,Left Winger,28,England,Man Utd,,End of loan 30/06/2026,https://img.a.transfermarkt.technology/portrait/medium/258923-1674473054.jpg?lm=1
Barcelona,2026,summer,out,João Cancelo,joao cancelo,Right-Back,32,Portugal,Al-Hilal,,End of loan 30/06/2026,https://img.a.transfermarkt.technology/portrait/medium/182712-1675080937.jpg?lm=1
Celta Vigo,2026,summer,in,Aleix Febas,aleix febas,Central Midfield,30,Spain,Elche CF,,free transfer,https://img.a.transfermarkt.technology/portrait/medium/217144-1448531418.jpg?lm=1
Celta Vigo,2026,summer,in,Javi Galán,javi galan,Left-Back,31,Spain,CA Osasuna,,free transfer,https://img.a.transfermarkt.technology/portrait/medium/448628-1706112804.jpg?lm=1
Celta Vigo,2026,summer,in,Manu Sánchez,manu sanchez,Left-Back,25,Spain,Levante,,End of loan 30/06/2026,https://img.a.transfermarkt.technology/portrait/medium/618809-1673281847.jpg?lm=1
Celta Vigo,2026,summer,in,Unai Núñez,unai nunez,Centre-Back,29,Spain,Valencia,,End of loan 30/06/2026,https://img.a.transfermarkt.technology/portrait/medium/338285-1753679771.jpg?lm=1
Celta Vigo,2026,summer,in,Damián Rodríguez,damian rodriguez,Defensive Midfield,23,Spain,Racing,,End of loan 30/06/2026,https://img.a.transfermarkt.technology/portrait/medium/715628-1732612000.jpg?lm=1
Celta Vigo,2026,summer,in,Carles Pérez,carles perez,Right Winger,28,Spain,Aris Saloniki,,End of loan 30/06/2026,https://img.a.transfermarkt.technology/portrait/medium/282810-1698852701.jpg?lm=1
Celta Vigo,2026,summer,in,Carlos Dotor,carlos dotor,Central Midfield,25,Spain,Málaga CF,,End of loan 30/06/2026,https://img.a.transfermarkt.technology/portrait/medium/623524-1739477790.jpg?lm=1
Celta Vigo,2026,summer,out,Óscar Mingueza,oscar mingueza,Right-Back,27,Spain,Without Club,,-,https://img.a.transfermarkt.technology/portrait/medium/331505-1698852962.jpg?lm=1
Celta Vigo,2026,summer,out,Marcos Alonso,marcos alonso,Centre-Back,35,Spain,Without Club,,-,https://img.a.transfermarkt.technology/portrait/medium/112515-1694505734.jpg?lm=1
Celta Vigo,2026,summer,out,Joseph Aidoo,joseph aidoo,Centre-Back,30,Ghana,Without Club,,-,https://img.a.transfermarkt.technology/portrait/medium/358250-1773950910.jpg?lm=1
Celta Vigo,2026,summer,out,Mihailo Ristic,mihailo ristic,Left-Back,30,Serbia,Without Club,,-,https://img.a.transfermarkt.technology/portrait/medium/271455-1769759453.jpg?lm=1
Celta Vigo,2026,summer,out,Franco Cervi,franco cervi,Left Winger,32,Argentina,Without Club,,-,https://img.a.transfermarkt.technology/portrait/medium/341110-1603798993.jpg?lm=1
Celta Vigo,2026,summer,out,Marc Vidal,marc vidal,Goalkeeper,26,Spain,Without Club,,-,https://img.a.transfermarkt.technology/portrait/medium/541621-1772461246.jpeg?lm=1
Celta Vigo,2026,summer,out,Fer López,fer lopez,Attacking Midfield,22,Spain,Wolves,,End of loan 30/06/2026,https://img.a.transfermarkt.technology/portrait/medium/1064471-1744632582.jpg?lm=1
Elche,2026,summer,in,Buba Sangaré,buba sangare,Right-Back,18,Spain,Roma,4500000.0,€4.50m,https://img.a.transfermarkt.technology/portrait/medium/962125-1739283835.jpg?lm=1
Elche,2026,summer,in,Víctor Chust,victor chust,Centre-Back,26,Spain,Cádiz CF,1000000.0,€1.00m,https://img.a.transfermarkt.technology/portrait/medium/495625-1725990797.jpg?lm=1
Elche,2026,summer,in,Gonzalo Villar,gonzalo villar,Central Midfield,28,Spain,Dinamo Zagreb,1000000.0,€1.00m,https://img.a.transfermarkt.technology/portrait/medium/398163-1611584180.jpg?lm=1
Elche,2026,summer,in,Abiel Osorio,abiel osorio,Centre-Forward,24,Argentina,Defensa,,End of loan 30/06/2026,https://img.a.transfermarkt.technology/portrait/medium/991773-1770650623.jpg?lm=1
Elche,2026,summer,in,Matia Barzic,matia barzic,Centre-Back,22,Croatia,CyD Leonesa,,End of loan 30/06/2026,https://img.a.transfermarkt.technology/portrait/medium/1060456-1761232760.jpg?lm=1
Elche,2026,summer,in,Bambo Diaby,bambo diaby,Centre-Back,28,Spain,Granada CF,,End of loan 30/06/2026,https://img.a.transfermarkt.technology/portrait/medium/435493-1723551440.jpg?lm=1
Elche,2026,summer,in,Ali Houary,ali houary,Second Striker,20,Morocco,CD Mirandés,,End of loan 30/06/2026,https://img.a.transfermarkt.technology/portrait/medium/default.jpg?lm=1
Elche,2026,summer,in,Rafa Núñez,rafa nunez,Left Winger,24,Dominican Republic,Eldense,,End of loan 30/06/2026,https://img.a.transfermarkt.technology/portrait/medium/589456-1629022489.jpg?lm=1
Elche,2026,summer,out,Aleix Febas,aleix febas,Central Midfield,30,Spain,Celta de Vigo,,free transfer,https://img.a.transfermarkt.technology/portrait/medium/217144-1448531418.jpg?lm=1
Elche,2026,summer,out,André Silva,andre silva,Centre-Forward,30,Portugal,Porto,,free transfer,https://img.a.transfermarkt.technology/portrait/medium/198008-1724336978.jpg?lm=1
Elche,2026,summer,out,Léo Pétrot,leo petrot,Centre-Back,29,France,RSC Anderlecht,,free transfer,https://img.a.transfermarkt.technology/portrait/medium/412829-1727723239.jpg?lm=1
Elche,2026,summer,out,Josan,josan,Right Winger,36,Spain,Without Club,,-,https://img.a.transfermarkt.technology/portrait/medium/277533-1601023578.jpg?lm=1
Elche,2026,summer,out,Héctor Fort,hector fort,Right-Back,19,Spain,Barcelona,,End of loan 30/06/2026,https://img.a.transfermarkt.technology/portrait/medium/937955-1702504973.jpg?lm=1
Elche,2026,summer,out,Buba Sangaré,buba sangare,Right-Back,18,Spain,Roma,,End of loan 30/06/2026,https://img.a.transfermarkt.technology/portrait/medium/962125-1739283835.jpg?lm=1
Elche,2026,summer,out,Rafa Mir,rafa mir,Centre-Forward,29,Spain,Sevilla FC,,End of loan 30/06/2026,https://img.a.transfermarkt.technology/portrait/medium/361254-1720020544.jpg?lm=1
Elche,2026,summer,out,Iñaki Peña,inaki pena,Goalkeeper,27,Spain,Barcelona,,End of loan 30/06/2026,https://img.a.transfermarkt.technology/portrait/medium/283170-1702502364.jpg?lm=1
Elche,2026,summer,out,Víctor Chust,victor chust,Centre-Back,26,Spain,Cádiz CF,,End of loan 30/06/2026,https://img.a.transfermarkt.technology/portrait/medium/495625-1725990797.jpg?lm=1
Elche,2026,summer,out,Adrià Pedrosa,adria pedrosa,Left-Back,28,Spain,Sevilla FC,,End of loan 30/06/2026,https://img.a.transfermarkt.technology/portrait/medium/501418-1583506190.jpg?lm=1
Elche,2026,summer,out,Gonzalo Villar,gonzalo villar,Central Midfield,28,Spain,Dinamo Zagreb,,End of loan 30/06/2026,https://img.a.transfermarkt.technology/portrait/medium/398163-1611584180.jpg?lm=1
Espanyol,2026,summer,in,Álex Calatrava,alex calatrava,Attacking Midfield,26,Spain,Castellón,5000000.0,€5.00m,https://img.a.transfermarkt.technology/portrait/medium/633111-1726738145.jpg?lm=1
Espanyol,2026,summer,in,Quilindschy Hartman,quilindschy hartman,Left-Back,24,Netherlands,Burnley,,loan transfer,https://img.a.transfermarkt.technology/portrait/medium/514285-1723820103.jpg?lm=1
Espanyol,2026,summer,in,Marcos Fernández,marcos fernandez,Centre-Forward,23,Spain,AD Ceuta,,End of loan 30/06/2026,https://img.a.transfermarkt.technology/portrait/medium/961948-1782514405.jpg?lm=1
Espanyol,2026,summer,in,Javi Hernández,javi hernandez,Attacking Midfield,22,Spain,CD Mirandés,,End of loan 30/06/2026,https://img.a.transfermarkt.technology/portrait/medium/946279-1725656260.png?lm=1
Espanyol,2026,summer,in,Pablo Ramón,pablo ramon,Centre-Back,25,Spain,Racing,,End of loan 30/06/2026,https://img.a.transfermarkt.technology/portrait/medium/629511-1712568179.jpg?lm=1
Espanyol,2026,summer,in,José Gragera,jose gragera,Central Midfield,26,Spain,Dep. A Coruña,,End of loan 30/06/2026,https://img.a.transfermarkt.technology/portrait/medium/557147-1664207582.jpg?lm=1
Espanyol,2026,summer,in,Rafel Bauzà,rafel bauza,Central Midfield,21,Spain,CD Mirandés,,End of loan 30/06/2026,https://img.a.transfermarkt.technology/portrait/medium/default.jpg?lm=1
Espanyol,2026,summer,in,Roger Hinojo,roger hinojo,Left-Back,21,Spain,CyD Leonesa,,End of loan 30/06/2026,https://img.a.transfermarkt.technology/portrait/medium/1204959-1761231615.jpg?lm=1
Espanyol,2026,summer,in,Justin Smith,justin smith,Central Midfield,23,Canada,Sporting Gijón,,End of loan 30/06/2026,https://img.a.transfermarkt.technology/portrait/medium/904712-1760544046.jpg?lm=1
Espanyol,2026,summer,in,Omar Sadik,omar sadik,Centre-Forward,22,Morocco,Pau FC,,End of loan 30/06/2026,https://img.a.transfermarkt.technology/portrait/medium/869458-1779446986.jpg?lm=1
Espanyol,2026,summer,in,Hugo Pérez,hugo perez,Centre-Back,23,Spain,Gimnàstic,,End of loan 30/06/2026,https://img.a.transfermarkt.technology/portrait/medium/718027-1757572026.png?lm=1
Espanyol,2026,summer,out,Hugo Pérez,hugo perez,Centre-Back,23,Spain,Torreense,,free transfer,https://img.a.transfermarkt.technology/portrait/medium/718027-1757572026.png?lm=1
Espanyol,2026,summer,out,Fernando Calero,fernando calero,Centre-Back,30,Spain,Without Club,,-,https://img.a.transfermarkt.technology/portrait/medium/357884-1447238696.jpg?lm=1
Espanyol,2026,summer,out,Carlos Romero,carlos romero,Left-Back,24,Spain,Villarreal,,End of loan 30/06/2026,https://img.a.transfermarkt.technology/portrait/medium/709372-1747385379.jpg?lm=1
Espanyol,2026,summer,out,Cyril Ngonge,cyril ngonge,Right Winger,26,Belgium,Napoli,,End of loan 30/06/2026,https://img.a.transfermarkt.technology/portrait/medium/358032-1674197416.jpg?lm=1
Espanyol,2026,summer,out,Ramón Terrats,ramon terrats,Central Midfield,25,Spain,Villarreal,,End of loan 30/06/2026,https://img.a.transfermarkt.technology/portrait/medium/783396-1726231968.jpg?lm=1
Espanyol,2026,summer,out,Charles Pickel,charles pickel,Defensive Midfield,29,DR Congo,Cremonese,,End of loan 30/06/2026,https://img.a.transfermarkt.technology/portrait/medium/243879-1658483049.jpg?lm=1
Getafe,2026,summer,in,Martín Satriano,martin satriano,Centre-Forward,25,Uruguay,Lyon,6500000.0,€6.50m,https://img.a.transfermarkt.technology/portrait/medium/640109-1626685122.jpg?lm=1
Getafe,2026,summer,in,Zaid Romero,zaid romero,Centre-Back,26,Argentina,Club Brugge,5000000.0,€5.00m,https://img.a.transfermarkt.technology/portrait/medium/741142-1753180256.jpg?lm=1
Getafe,2026,summer,in,Mario Martín,mario martin,Defensive Midfield,22,Spain,Real Madrid,3500000.0,€3.50m,https://img.a.transfermarkt.technology/portrait/medium/948273-1707861820.jpg?lm=1
Getafe,2026,summer,in,Sebastián Boselli,sebastian boselli,Centre-Back,22,Uruguay,River Plate,1500000.0,€1.50m,https://img.a.transfermarkt.technology/portrait/medium/898352-1739826537.jpg?lm=1
Getafe,2026,summer,in,Jean Ives Valou,jean ives valou,Centre-Back,20,Cote d'Ivoire,Villarreal,,loan transfer,https://img.a.transfermarkt.technology/portrait/medium/default.jpg?lm=1
Getafe,2026,summer,in,Christantus Uche,christantus uche,Centre-Forward,23,Nigeria,Crystal Palace,,End of loan 30/06/2026,https://img.a.transfermarkt.technology/portrait/medium/1124005-1748855413.jpg?lm=1
Getafe,2026,summer,in,Yvan Neyou,yvan neyou,Defensive Midfield,29,Cameroon,Al-Okhdood,,End of loan 30/06/2026,https://img.a.transfermarkt.technology/portrait/medium/469669-1703762516.jpg?lm=1
Getafe,2026,summer,in,Juan Berrocal,juan berrocal,Centre-Back,27,Spain,Atlanta,,End of loan 30/06/2026,https://img.a.transfermarkt.technology/portrait/medium/461843-1771527114.jpg?lm=1
Getafe,2026,summer,in,Coba da Costa,coba da costa,Left Winger,23,Guinea-Bissau,RSC Anderlecht,,End of loan 30/06/2026,https://img.a.transfermarkt.technology/portrait/medium/1033005-1732139109.JPG?lm=1
Getafe,2026,summer,in,Peter Federico,peter federico,Right Winger,23,Dominican Republic,Real Valladolid,,End of loan 30/06/2026,https://img.a.transfermarkt.technology/portrait/medium/710004-1706697849.jpg?lm=1
Getafe,2026,summer,out,Luis Milla,luis milla,Central Midfield,31,Spain,Como,6000000.0,€6.00m,https://img.a.transfermarkt.technology/portrait/medium/281989-1669364960.jpg?lm=1
Getafe,2026,summer,out,Mauro Arambarri,mauro arambarri,Central Midfield,30,Uruguay,River Plate,3000000.0,€3.00m,https://img.a.transfermarkt.technology/portrait/medium/290249-1669365106.jpg?lm=1
Getafe,2026,summer,out,Juan Iglesias,juan iglesias,Right-Back,27,Spain,Sevilla FC,,free transfer,https://img.a.transfermarkt.technology/portrait/medium/390688-1632295269.jpg?lm=1
Getafe,2026,summer,out,Diego Rico,diego rico,Left-Back,33,Spain,Without Club,,-,https://img.a.transfermarkt.technology/portrait/medium/249513-1697221474.jpg?lm=1
Getafe,2026,summer,out,Domingos Duarte,domingos duarte,Centre-Back,31,Portugal,Without Club,,-,https://img.a.transfermarkt.technology/portrait/medium/257376-1583309064.jpg?lm=1
Getafe,2026,summer,out,Allan Nyom,allan nyom,Right-Back,38,Cameroon,Without Club,,-,https://img.a.transfermarkt.technology/portrait/medium/111508-1541162382.jpg?lm=1
Getafe,2026,summer,out,Martín Satriano,martin satriano,Centre-Forward,25,Uruguay,Lyon,,End of loan 30/06/2026,https://img.a.transfermarkt.technology/portrait/medium/640109-1626685122.jpg?lm=1
Getafe,2026,summer,out,Mario Martín,mario martin,Defensive Midfield,22,Spain,Real Madrid,,End of loan 30/06/2026,https://img.a.transfermarkt.technology/portrait/medium/948273-1707861820.jpg?lm=1
Getafe,2026,summer,out,Veljko Birmancevic,veljko birmancevic,Left Winger,28,Serbia,Sparta Prague,,End of loan 30/06/2026,https://img.a.transfermarkt.technology/portrait/medium/419648-1716239654.jpg?lm=1
Getafe,2026,summer,out,Adrián Liso,adrian liso,Left Winger,21,Spain,Real Zaragoza,,End of loan 30/06/2026,https://img.a.transfermarkt.technology/portrait/medium/1061122-1732367169.jpg?lm=1
Getafe,2026,summer,out,Zaid Romero,zaid romero,Centre-Back,26,Argentina,Club Brugge,,End of loan 30/06/2026,https://img.a.transfermarkt.technology/portrait/medium/741142-1753180256.jpg?lm=1
Getafe,2026,summer,out,Luis Vázquez,luis vazquez,Centre-Forward,25,Argentina,RSC Anderlecht,,End of loan 30/06/2026,https://img.a.transfermarkt.technology/portrait/medium/844516-1699907027.jpg?lm=1
Getafe,2026,summer,out,Abu Kamara,abu kamara,Right Winger,22,England,Hull City,,End of loan 30/06/2026,https://img.a.transfermarkt.technology/portrait/medium/696764-1702280704.jpg?lm=1
Getafe,2026,summer,out,Sebastián Boselli,sebastian boselli,Centre-Back,22,Uruguay,River Plate,,End of loan 30/06/2026,https://img.a.transfermarkt.technology/portrait/medium/898352-1739826537.jpg?lm=1
Girona,2026,summer,in,Oleksandr Pyshchur,oleksandr pyshchur,Centre-Forward,21,Ukraine,ETO FC,900000.0,€900k,https://img.a.transfermarkt.technology/portrait/medium/925045-1758781842.png?lm=1
Girona,2026,summer,in,Izan González,izan gonzalez,Central Midfield,21,Spain,UE Cornellà,300000.0,€300k,https://img.a.transfermarkt.technology/portrait/medium/1060024-1760545215.jpg?lm=1
Girona,2026,summer,in,Ladislav Krejci,ladislav krejci,Centre-Back,27,Czech Republic,Wolves,,End of loan 30/06/2026,https://img.a.transfermarkt.technology/portrait/medium/345911-1716965804.jpg?lm=1
Girona,2026,summer,in,Yáser Asprilla,yaser asprilla,Right Winger,22,Colombia,Galatasaray,,End of loan 30/06/2026,https://img.a.transfermarkt.technology/portrait/medium/857818-1779994366.png?lm=1
Girona,2026,summer,in,Min-su Kim,min-su kim,Left Winger,20,"Korea, South",FC Andorra,,End of loan 30/06/2026,https://img.a.transfermarkt.technology/portrait/medium/1108203-1730843338.jpg?lm=1
Girona,2026,summer,in,Jhon Solís,jhon solis,Central Midfield,21,Colombia,Birmingham,,End of loan 30/06/2026,https://img.a.transfermarkt.technology/portrait/medium/742521-1715882394.jpg?lm=1
Girona,2026,summer,in,Dawda Camara,dawda camara,Centre-Forward,23,Mauritania,Cádiz CF,,End of loan 30/06/2026,https://img.a.transfermarkt.technology/portrait/medium/default.jpg?lm=1
Girona,2026,summer,in,Gabriel Misehouy,gabriel misehouy,Attacking Midfield,20,Netherlands,Aris Saloniki,,End of loan 30/06/2026,https://img.a.transfermarkt.technology/portrait/medium/646698-1683294176.jpg?lm=1
Girona,2026,summer,in,Jastin Garcia,jastin garcia,Left Winger,22,Portugal,FC Andorra,,End of loan 30/06/2026,https://img.a.transfermarkt.technology/portrait/medium/1061665-1730843433.jpg?lm=1
Girona,2026,summer,in,Antal Yaakobishvili,antal yaakobishvili,Centre-Back,21,Hungary,CD Tenerife,,End of loan 30/06/2026,https://img.a.transfermarkt.technology/portrait/medium/923915-1734219905.jpg?lm=1
Girona,2026,summer,in,Toni Fuidias,toni fuidias,Goalkeeper,25,Spain,Gimnàstic,,End of loan 30/06/2026,https://img.a.transfermarkt.technology/portrait/medium/623526-1648828410.png?lm=1
Girona,2026,summer,out,Ladislav Krejci,ladislav krejci,Centre-Back,27,Czech Republic,Wolves,7500000.0,€7.50m,https://img.a.transfermarkt.technology/portrait/medium/345911-1716965804.jpg?lm=1
Girona,2026,summer,out,Jhon Solís,jhon solis,Central Midfield,21,Colombia,Birmingham,7500000.0,€7.50m,https://img.a.transfermarkt.technology/portrait/medium/742521-1715882394.jpg?lm=1
Girona,2026,summer,out,Rubén Blanco,ruben blanco,Goalkeeper,30,Spain,Yokohama F. M.,,free transfer,https://img.a.transfermarkt.technology/portrait/medium/199321-1676905860.jpg?lm=1
Girona,2026,summer,out,Toni Fuidias,toni fuidias,Goalkeeper,25,Spain,R. Majadahonda,,free transfer,https://img.a.transfermarkt.technology/portrait/medium/623526-1648828410.png?lm=1
Girona,2026,summer,out,Axel Witsel,axel witsel,Defensive Midfield,37,Belgium,Without Club,,-,https://img.a.transfermarkt.technology/portrait/medium/35047-1783005892.jpg?lm=1
Girona,2026,summer,out,Daley Blind,daley blind,Centre-Back,36,Netherlands,Without Club,,-,https://img.a.transfermarkt.technology/portrait/medium/12282-1718096647.jpg?lm=1
Girona,2026,summer,out,Cristhian Stuani,cristhian stuani,Centre-Forward,39,Uruguay,Without Club,,-,https://img.a.transfermarkt.technology/portrait/medium/59323-1726736068.jpg?lm=1
Girona,2026,summer,out,David López,david lopez,Centre-Back,36,Spain,Without Club,,-,https://img.a.transfermarkt.technology/portrait/medium/129444-1448529645.jpg?lm=1
Girona,2026,summer,out,Juan Carlos,juan carlos,Goalkeeper,38,Spain,Without Club,,-,https://img.a.transfermarkt.technology/portrait/medium/120705-1567159334.jpg?lm=1
Girona,2026,summer,out,Vitor Reis,vitor reis,Centre-Back,20,Brazil,Man City,,End of loan 30/06/2026,https://img.a.transfermarkt.technology/portrait/medium/1005575-1680449774.jpg?lm=1
Girona,2026,summer,out,Claudio Echeverri,claudio echeverri,Attacking Midfield,20,Argentina,Man City,,End of loan 30/06/2026,https://img.a.transfermarkt.technology/portrait/medium/994536-1758703571.jpg?lm=1
Girona,2026,summer,out,Hugo Rincón,hugo rincon,Right-Back,23,Spain,Athletic Club,,End of loan 30/06/2026,https://img.a.transfermarkt.technology/portrait/medium/834487-1709677097.png?lm=1
Girona,2026,summer,out,Marc-André ter Stegen,marc-andre ter stegen,Goalkeeper,34,Germany,Barcelona,,End of loan 30/06/2026,https://img.a.transfermarkt.technology/portrait/medium/74857-1674465246.jpg?lm=1
Girona,2026,summer,out,Thomas Lemar,thomas lemar,Attacking Midfield,30,France,Atlético,,End of loan 30/06/2026,https://img.a.transfermarkt.technology/portrait/medium/205562-1686662075.jpg?lm=1
Levante,2026,summer,in,Enzo Bardeli,enzo bardeli,Central Midfield,25,France,USL Dunkerque,,free transfer,https://img.a.transfermarkt.technology/portrait/medium/707222-1778861802.jpg?lm=1
Levante,2026,summer,in,Nacho Pérez,nacho perez,Right-Back,17,Spain,Atl. Levante,,-,https://img.a.transfermarkt.technology/portrait/medium/1371830-1783119841.jpg?lm=1
Levante,2026,summer,in,Jorge Cabello,jorge cabello,Centre-Back,22,Spain,CD Mirandés,,End of loan 30/06/2026,https://img.a.transfermarkt.technology/portrait/medium/1063333-1726053748.jpg?lm=1
Levante,2026,summer,in,Xavi Grande,xavi grande,Right-Back,21,Spain,Marítimo,,End of loan 30/06/2026,https://img.a.transfermarkt.technology/portrait/medium/947115-1763323926.jpg?lm=1
Levante,2026,summer,in,Dani Martín,dani martin,Goalkeeper,20,Spain,SD Huesca,,End of loan 30/06/2026,https://img.a.transfermarkt.technology/portrait/medium/1099061-1757572361.png?lm=1
Levante,2026,summer,in,Edgar Alcañiz,edgar alcaniz,Central Midfield,21,Spain,FC Cartagena,,End of loan 30/06/2026,https://img.a.transfermarkt.technology/portrait/medium/default.jpg?lm=1
Levante,2026,summer,out,Pablo Martínez,pablo martinez,Central Midfield,28,Spain,Without Club,,-,https://img.a.transfermarkt.technology/portrait/medium/568835-1632129599.jpg?lm=1
Levante,2026,summer,out,Mathew Ryan,mathew ryan,Goalkeeper,34,Australia,Without Club,,-,https://img.a.transfermarkt.technology/portrait/medium/128969-1668505563.jpg?lm=1
Levante,2026,summer,out,Diego Pampín,diego pampin,Left-Back,26,Spain,Without Club,,-,https://img.a.transfermarkt.technology/portrait/medium/505493-1698882821.jpg?lm=1
Levante,2026,summer,out,José Luis Morales,jose luis morales,Centre-Forward,38,Spain,Without Club,,-,https://img.a.transfermarkt.technology/portrait/medium/252677-1447315847.jpg?lm=1
Levante,2026,summer,out,Manu Sánchez,manu sanchez,Left-Back,25,Spain,Celta de Vigo,,End of loan 30/06/2026,https://img.a.transfermarkt.technology/portrait/medium/618809-1673281847.jpg?lm=1
Levante,2026,summer,out,Matías Moreno,matias moreno,Centre-Back,22,Argentina,Fiorentina,,End of loan 30/06/2026,https://img.a.transfermarkt.technology/portrait/medium/1144700-1730183072.jpg?lm=1
Levante,2026,summer,out,Alan Matturro,alan matturro,Centre-Back,21,Uruguay,Genoa,,End of loan 30/06/2026,https://img.a.transfermarkt.technology/portrait/medium/861981-1692967519.jpg?lm=1
Levante,2026,summer,out,Ugo Raghouber,ugo raghouber,Defensive Midfield,22,France,Lille,,End of loan 30/06/2026,https://img.a.transfermarkt.technology/portrait/medium/707230-1678906674.jpg?lm=1
Levante,2026,summer,out,Iker Losada,iker losada,Second Striker,24,Spain,Real Betis,,End of loan 30/06/2026,https://img.a.transfermarkt.technology/portrait/medium/632741-1569337955.jpg?lm=1
Levante,2026,summer,out,Unai Vencedor,unai vencedor,Central Midfield,25,Spain,Athletic Club,,End of loan 30/06/2026,https://img.a.transfermarkt.technology/portrait/medium/610083-1671998817.png?lm=1
Mallorca,2026,summer,in,Adrián Fuentes,adrian fuentes,Centre-Forward,29,Spain,Córdoba CF,2000000.0,€2.00m,https://img.a.transfermarkt.technology/portrait/medium/597083-1649324319.jpeg?lm=1
Mallorca,2026,summer,in,Arnau Puigmal,arnau puigmal,Right Winger,25,Spain,UD Almería,,free transfer,https://img.a.transfermarkt.technology/portrait/medium/536030-1732735394.jpg?lm=1
Mallorca,2026,summer,in,Cyle Larin,cyle larin,Centre-Forward,31,Canada,Southampton,,End of loan 30/06/2026,https://img.a.transfermarkt.technology/portrait/medium/343463-1720430112.jpg?lm=1
Mallorca,2026,summer,in,Marc Domènech,marc domenech,Centre-Forward,19,Spain,AD Ceuta,,End of loan 30/06/2026,https://img.a.transfermarkt.technology/portrait/medium/1296876-1746443048.jpg?lm=1
Mallorca,2026,summer,in,Daniel Luna,daniel luna,Attacking Midfield,23,Colombia,SD Huesca,,End of loan 30/06/2026,https://img.a.transfermarkt.technology/portrait/medium/857830-1758268273.png?lm=1
Mallorca,2026,summer,out,Vedat Muriqi,vedat muriqi,Centre-Forward,32,Kosovo,Fenerbahçe,15500000.0,€15.50m,https://img.a.transfermarkt.technology/portrait/medium/256267-1779287008.jpg?lm=1
Mallorca,2026,summer,out,Leo Román,leo roman,Goalkeeper,25,Spain,Dep. A Coruña,9000000.0,€9.00m,https://img.a.transfermarkt.technology/portrait/medium/562742-1745395600.jpg?lm=1
Mallorca,2026,summer,out,Cyle Larin,cyle larin,Centre-Forward,31,Canada,Southampton,3000000.0,€3.00m,https://img.a.transfermarkt.technology/portrait/medium/343463-1720430112.jpg?lm=1
Mallorca,2026,summer,out,Pablo Maffeo,pablo maffeo,Right-Back,28,Argentina,Olympiacos,2700000.0,€2.70m,https://img.a.transfermarkt.technology/portrait/medium/251876-1699449290.jpg?lm=1
Mallorca,2026,summer,out,Takuma Asano,takuma asano,Right Winger,31,Japan,Sanf. Hiroshima,,free transfer,https://img.a.transfermarkt.technology/portrait/medium/245744-1657284052.jpg?lm=1
Mallorca,2026,summer,out,Javi Llabrés,javi llabres,Left Winger,23,Spain,Burgos CF,,free transfer,https://img.a.transfermarkt.technology/portrait/medium/706138-1702393291.jpg?lm=1
Mallorca,2026,summer,out,Omar Mascarell,omar mascarell,Defensive Midfield,33,Equatorial Guinea,Al-Khaleej,,free transfer,https://img.a.transfermarkt.technology/portrait/medium/142031-1531813358.jpg?lm=1
Mallorca,2026,summer,out,Iván Cuéllar,ivan cuellar,Goalkeeper,42,Spain,Without Club,,-,https://img.a.transfermarkt.technology/portrait/medium/27493-1664289273.jpg?lm=1
Mallorca,2026,summer,out,Mateo Joseph,mateo joseph,Centre-Forward,22,Spain,Leeds,,End of loan 30/06/2026,https://img.a.transfermarkt.technology/portrait/medium/834742-1749739164.jpg?lm=1
Mallorca,2026,summer,out,Marash Kumbulla,marash kumbulla,Centre-Back,26,Albania,Roma,,End of loan 30/06/2026,https://img.a.transfermarkt.technology/portrait/medium/371371-1716969202.jpg?lm=1
Mallorca,2026,summer,out,Zito Luvumbo,zito luvumbo,Right Winger,24,Angola,Cagliari,,End of loan 30/06/2026,https://img.a.transfermarkt.technology/portrait/medium/666547-1655123282.jpg?lm=1
Osasuna,2026,summer,in,Sheraldo Becker,sheraldo becker,Left Winger,31,Suriname,Mainz,,End of loan 30/06/2026,https://img.a.transfermarkt.technology/portrait/medium/188888-1692707512.jpg?lm=1
Osasuna,2026,summer,out,Víctor Muñoz,victor munoz,Left Winger,22,Spain,Liverpool,40000000.0,€40.00m,https://img.a.transfermarkt.technology/portrait/medium/935231-1747037145.jpg?lm=1
Osasuna,2026,summer,out,Sheraldo Becker,sheraldo becker,Left Winger,31,Suriname,Mainz,500000.0,€500k,https://img.a.transfermarkt.technology/portrait/medium/188888-1692707512.jpg?lm=1
Osasuna,2026,summer,out,Javi Galán,javi galan,Left-Back,31,Spain,Celta de Vigo,,free transfer,https://img.a.transfermarkt.technology/portrait/medium/448628-1706112804.jpg?lm=1
Osasuna,2026,summer,out,Juan Cruz,juan cruz,Left-Back,33,Spain,Without Club,,-,https://img.a.transfermarkt.technology/portrait/medium/169497-1732219962.jpg?lm=1
Oviedo,2026,summer,in,Jacobo González,jacobo gonzalez,Left Winger,29,Spain,Córdoba CF,,free transfer,https://img.a.transfermarkt.technology/portrait/medium/340870-1702510242.png?lm=1
Oviedo,2026,summer,in,Pablo Sáenz,pablo saenz,Right Winger,25,Spain,Granada CF,,free transfer,https://img.a.transfermarkt.technology/portrait/medium/821820-1745339646.jpeg?lm=1
Oviedo,2026,summer,in,Youness Lachhab,youness lachhab,Central Midfield,27,Morocco,AD Ceuta,,free transfer,https://img.a.transfermarkt.technology/portrait/medium/default.jpg?lm=1
Oviedo,2026,summer,in,Aisar Ahmed,aisar ahmed,Attacking Midfield,24,Spain,AD Ceuta,,free transfer,https://img.a.transfermarkt.technology/portrait/medium/default.jpg?lm=1
Oviedo,2026,summer,in,Víctor Mingo,victor mingo,Centre-Forward,22,Spain,Arenteiro,,free transfer,https://img.a.transfermarkt.technology/portrait/medium/1066186-1700694023.png?lm=1
Oviedo,2026,summer,in,Samu Rodríguez,samu rodriguez,Left-Back,21,Spain,AD Alcorcón,,?,https://img.a.transfermarkt.technology/portrait/medium/1228715-1734520103.png?lm=1
Oviedo,2026,summer,in,Daniel Paraschiv,daniel paraschiv,Centre-Forward,27,Romania,FC Rapid 1923,,End of loan 30/06/2026,https://img.a.transfermarkt.technology/portrait/medium/605543-1695106055.png?lm=1
Oviedo,2026,summer,in,Alberto del Moral,alberto del moral,Central Midfield,25,Spain,Córdoba CF,,End of loan 30/06/2026,https://img.a.transfermarkt.technology/portrait/medium/default.jpg?lm=1
Oviedo,2026,summer,in,Oier Luengo,oier luengo,Centre-Back,28,Spain,Burgos CF,,End of loan 30/06/2026,https://img.a.transfermarkt.technology/portrait/medium/447823-1697753579.jpg?lm=1
Oviedo,2026,summer,in,Joaquín Delgado,joaquin delgado,Centre-Forward,24,Spain,Barça Atlètic,,End of loan 30/06/2026,https://img.a.transfermarkt.technology/portrait/medium/635885-1776873994.jpg?lm=1
Oviedo,2026,summer,in,Álex Cardero,alex cardero,Attacking Midfield,22,Spain,AEK Larnaca,,End of loan 30/06/2026,https://img.a.transfermarkt.technology/portrait/medium/719737-1750860685.jpg?lm=1
Oviedo,2026,summer,out,Alberto del Moral,alberto del moral,Central Midfield,25,Spain,Hajduk Split,,free transfer,https://img.a.transfermarkt.technology/portrait/medium/default.jpg?lm=1
Oviedo,2026,summer,out,Leander Dendoncker,leander dendoncker,Defensive Midfield,31,Belgium,Without Club,,-,https://img.a.transfermarkt.technology/portrait/medium/168157-1662059450.jpg?lm=1
Oviedo,2026,summer,out,Kwasi Sibo,kwasi sibo,Central Midfield,28,Ghana,Without Club,,-,https://img.a.transfermarkt.technology/portrait/medium/538006-1780562080.jpg?lm=1
Oviedo,2026,summer,out,Eric Bailly,eric bailly,Centre-Back,32,Cote d'Ivoire,Without Club,,-,https://img.a.transfermarkt.technology/portrait/medium/286384-1696075364.png?lm=1
Oviedo,2026,summer,out,Lucas Ahijado,lucas ahijado,Right-Back,31,Spain,Without Club,,-,https://img.a.transfermarkt.technology/portrait/medium/349884-1701786407.jpg?lm=1
Oviedo,2026,summer,out,Ovie Ejaria,ovie ejaria,Left Winger,28,England,Without Club,,-,https://img.a.transfermarkt.technology/portrait/medium/337284-1469781570.jpg?lm=1
Oviedo,2026,summer,out,Santi Cazorla,santi cazorla,Central Midfield,41,Spain,Retired,,-,https://img.a.transfermarkt.technology/portrait/medium/15799-1758548452.jpg?lm=1
Oviedo,2026,summer,out,David Carmo,david carmo,Centre-Back,26,Angola,Nott'm Forest,,End of loan 30/06/2026,https://img.a.transfermarkt.technology/portrait/medium/498237-1717008625.jpg?lm=1
Oviedo,2026,summer,out,Javi López,javi lopez,Left-Back,24,Spain,Real Sociedad,,End of loan 30/06/2026,https://img.a.transfermarkt.technology/portrait/medium/568158-1647530894.jpg?lm=1
Oviedo,2026,summer,out,Thiago Fernández,thiago fernandez,Left Winger,22,Argentina,Villarreal,,End of loan 30/06/2026,https://img.a.transfermarkt.technology/portrait/medium/1127730-1720647640.jpg?lm=1
Oviedo,2026,summer,out,Federico Viñas,federico vinas,Centre-Forward,28,Uruguay,León,,End of loan 30/06/2026,https://img.a.transfermarkt.technology/portrait/medium/578419-1763542136.jpg?lm=1
Oviedo,2026,summer,out,Thiago Borbas,thiago borbas,Centre-Forward,24,Uruguay,RB Bragantino,,End of loan 30/06/2026,https://img.a.transfermarkt.technology/portrait/medium/743951-1649428213.JPG?lm=1
Oviedo,2026,summer,out,Nicolás Fonseca,nicolas fonseca,Defensive Midfield,27,Uruguay,León,,End of loan 30/06/2026,https://img.a.transfermarkt.technology/portrait/medium/462070-1721920695.png?lm=1
Oviedo,2026,summer,out,Santiago Colombatto,santiago colombatto,Defensive Midfield,29,Argentina,León,,End of loan 30/06/2026,https://img.a.transfermarkt.technology/portrait/medium/395122-1698158499.jpg?lm=1
Oviedo,2026,summer,out,Horațiu Moldovan,horatiu moldovan,Goalkeeper,28,Romania,Atlético,,End of loan 30/06/2026,https://img.a.transfermarkt.technology/portrait/medium/525438-1718199207.jpg?lm=1
Oviedo,2026,summer,out,Álex Forés,alex fores,Centre-Forward,25,Spain,Villarreal,,End of loan 30/06/2026,https://img.a.transfermarkt.technology/portrait/medium/709380-1715846218.jpg?lm=1
Rayo Vallecano,2026,summer,in,Nobel Mendy,nobel mendy,Centre-Back,21,Senegal,Real Betis,3500000.0,€3.50m,https://img.a.transfermarkt.technology/portrait/medium/1034853-1736244947.jpg?lm=1
Rayo Vallecano,2026,summer,in,Jozhua Vertrouwd,jozhua vertrouwd,Centre-Back,21,Netherlands,Castellón,1500000.0,€1.50m,https://img.a.transfermarkt.technology/portrait/medium/765467-1691072211.jpg?lm=1
Rayo Vallecano,2026,summer,in,Pelayo Fernández,pelayo fernandez,Centre-Back,23,Spain,Cádiz CF,,End of loan 30/06/2026,https://img.a.transfermarkt.technology/portrait/medium/default.jpg?lm=1
Rayo Vallecano,2026,summer,in,Raúl de Tomás,raul de tomas,Centre-Forward,31,Spain,Al-Wakrah SC,,End of loan 30/06/2026,https://img.a.transfermarkt.technology/portrait/medium/162038-1761864724.jpg?lm=1
Rayo Vallecano,2026,summer,in,Miguel Ángel Morro,miguel angel morro,Goalkeeper,25,Spain,Leixões,,End of loan 30/06/2026,https://img.a.transfermarkt.technology/portrait/medium/607780-1698946569.jpg?lm=1
Rayo Vallecano,2026,summer,in,Etienne Eto'o,etienne eto'o,Centre-Forward,23,Cameroon,Villarreal CF B,,End of loan 30/06/2026,https://img.a.transfermarkt.technology/portrait/medium/707359-1732552521.jpg?lm=1
Rayo Vallecano,2026,summer,out,Alfonso Espino,alfonso espino,Left-Back,34,Uruguay,Racing Club,,free transfer,https://img.a.transfermarkt.technology/portrait/medium/311044-1635328827.jpg?lm=1
Rayo Vallecano,2026,summer,out,Abdul Mumin,abdul mumin,Centre-Back,28,Ghana,Without Club,,-,https://img.a.transfermarkt.technology/portrait/medium/451801-1776270192.jpg?lm=1
Rayo Vallecano,2026,summer,out,Luiz Felipe,luiz felipe,Centre-Back,29,Italy,Without Club,,-,https://img.a.transfermarkt.technology/portrait/medium/457931-1595857216.jpg?lm=1
Rayo Vallecano,2026,summer,out,Óscar Trejo,oscar trejo,Attacking Midfield,38,Argentina,Retired,,-,https://img.a.transfermarkt.technology/portrait/medium/30321-1653039805.jpg?lm=1
Rayo Vallecano,2026,summer,out,Miguel Ángel Morro,miguel angel morro,Goalkeeper,25,Spain,Without Club,,-,https://img.a.transfermarkt.technology/portrait/medium/607780-1698946569.jpg?lm=1
Rayo Vallecano,2026,summer,out,Ilias Akhomach,ilias akhomach,Right Winger,22,Morocco,Villarreal,,End of loan 30/06/2026,https://img.a.transfermarkt.technology/portrait/medium/709969-1636472170.jpg?lm=1
Rayo Vallecano,2026,summer,out,Nobel Mendy,nobel mendy,Centre-Back,21,Senegal,Real Betis,,End of loan 30/06/2026,https://img.a.transfermarkt.technology/portrait/medium/1034853-1736244947.jpg?lm=1
Rayo Vallecano,2026,summer,out,Jozhua Vertrouwd,jozhua vertrouwd,Centre-Back,21,Netherlands,Castellón,,End of loan 30/06/2026,https://img.a.transfermarkt.technology/portrait/medium/765467-1691072211.jpg?lm=1
Rayo Vallecano,2026,summer,out,Carlos Martín,carlos martin,Left Winger,24,Spain,Atlético,,End of loan 30/06/2026,https://img.a.transfermarkt.technology/portrait/medium/618813-1707924109.jpg?lm=1
Rayo Vallecano,2026,summer,out,Gerard Gumbau,gerard gumbau,Defensive Midfield,31,Spain,Granada CF,,End of loan 30/06/2026,https://img.a.transfermarkt.technology/portrait/medium/268670-1499871303.jpg?lm=1
Real Betis,2026,summer,in,Facundo Bernal,facundo bernal,Defensive Midfield,22,Uruguay,Fluminense,10500000.0,€10.50m,https://img.a.transfermarkt.technology/portrait/medium/898350-1721081696.jpg?lm=1
Real Betis,2026,summer,in,Nobel Mendy,nobel mendy,Centre-Back,21,Senegal,Rayo Vallecano,,End of loan 30/06/2026,https://img.a.transfermarkt.technology/portrait/medium/1034853-1736244947.jpg?lm=1
Real Betis,2026,summer,in,Gonzalo Petit,gonzalo petit,Centre-Forward,19,Uruguay,Granada CF,,End of loan 30/06/2026,https://img.a.transfermarkt.technology/portrait/medium/997814-1719947885.png?lm=1
Real Betis,2026,summer,in,Iker Losada,iker losada,Second Striker,24,Spain,Levante,,End of loan 30/06/2026,https://img.a.transfermarkt.technology/portrait/medium/632741-1569337955.jpg?lm=1
Real Betis,2026,summer,in,Mateo Flores,mateo flores,Central Midfield,22,Spain,Arouca,,End of loan 30/06/2026,https://img.a.transfermarkt.technology/portrait/medium/1061283-1744633163.jpg?lm=1
Real Betis,2026,summer,in,Guilherme Fernandes,guilherme fernandes,Goalkeeper,25,Portugal,Real Valladolid,,End of loan 30/06/2026,https://img.a.transfermarkt.technology/portrait/medium/567504-1668161309.png?lm=1
Real Betis,2026,summer,in,Sergio Arribas,sergio arribas,Centre-Back,22,Spain,SD Huesca,,End of loan 28/01/2026,https://img.a.transfermarkt.technology/portrait/medium/722351-1757572603.png?lm=1
Real Betis,2026,summer,out,Sergi Altimira,sergi altimira,Central Midfield,24,Spain,Sporting,18000000.0,€18.00m,https://img.a.transfermarkt.technology/portrait/medium/466801-1744375696.jpg?lm=1
Real Betis,2026,summer,out,Nobel Mendy,nobel mendy,Centre-Back,21,Senegal,Rayo Vallecano,3500000.0,€3.50m,https://img.a.transfermarkt.technology/portrait/medium/1034853-1736244947.jpg?lm=1
Real Betis,2026,summer,out,Mateo Flores,mateo flores,Central Midfield,22,Spain,Arouca,1400000.0,€1.40m,https://img.a.transfermarkt.technology/portrait/medium/1061283-1744633163.jpg?lm=1
Real Betis,2026,summer,out,Ricardo Rodríguez,ricardo rodriguez,Left-Back,33,Switzerland,Without Club,,-,https://img.a.transfermarkt.technology/portrait/medium/86784-1718216908.jpg?lm=1
Real Betis,2026,summer,out,Cédric Bakambu,cedric bakambu,Centre-Forward,35,DR Congo,Without Club,,-,https://img.a.transfermarkt.technology/portrait/medium/127048-1766415258.jpg?lm=1
Real Betis,2026,summer,out,Chimy Ávila,chimy avila,Centre-Forward,32,Argentina,Without Club,,-,https://img.a.transfermarkt.technology/portrait/medium/167721-1773344627.jpg?lm=1
Real Betis,2026,summer,out,Adrián San Miguel,adrian san miguel,Goalkeeper,39,Spain,Retired,,-,https://img.a.transfermarkt.technology/portrait/medium/71271-1687166366.jpg?lm=1
Real Betis,2026,summer,out,Sofyan Amrabat,sofyan amrabat,Defensive Midfield,29,Morocco,Fenerbahçe,,End of loan 30/06/2026,https://img.a.transfermarkt.technology/portrait/medium/287579-1693604574.jpg?lm=1
Real Madrid,2026,summer,in,Marc Cucurella,marc cucurella,Left-Back,27,Spain,Chelsea,55000000.0,€55.00m,https://img.a.transfermarkt.technology/portrait/medium/284857-1765185117.jpg?lm=1
Real Madrid,2026,summer,in,Denzel Dumfries,denzel dumfries,Right-Back,30,Netherlands,Inter,20000000.0,€20.00m,https://img.a.transfermarkt.technology/portrait/medium/321528-1746042223.jpg?lm=1
Real Madrid,2026,summer,in,Ibrahima Konaté,ibrahima konate,Centre-Back,27,France,Liverpool,,free transfer,https://img.a.transfermarkt.technology/portrait/medium/357119-1669190550.jpg?lm=1
Real Madrid,2026,summer,in,Bernardo Silva,bernardo silva,Attacking Midfield,31,Portugal,Man City,,free transfer,https://img.a.transfermarkt.technology/portrait/medium/241641-1684311533.jpg?lm=1
Real Madrid,2026,summer,in,César Palacios,cesar palacios,Attacking Midfield,21,Spain,RM Castilla,,-,https://img.a.transfermarkt.technology/portrait/medium/948272-1707907926.jpg?lm=1
Real Madrid,2026,summer,in,Manuel Ángel,manuel angel,Central Midfield,22,Spain,RM Castilla,,-,https://img.a.transfermarkt.technology/portrait/medium/646824-1696445512.jpg?lm=1
Real Madrid,2026,summer,in,David Jiménez,david jimenez,Right-Back,22,Spain,RM Castilla,,-,https://img.a.transfermarkt.technology/portrait/medium/935281-1747318985.jpg?lm=1
Real Madrid,2026,summer,in,Fran González,fran gonzalez,Goalkeeper,21,Spain,RM Castilla,,-,https://img.a.transfermarkt.technology/portrait/medium/1055220-1704358404.jpg?lm=1
Real Madrid,2026,summer,in,Endrick,endrick,Centre-Forward,19,Brazil,Lyon,,End of loan 30/06/2026,https://img.a.transfermarkt.technology/portrait/medium/971570-1782847902.jpg?lm=1
Real Madrid,2026,summer,in,Mario Martín,mario martin,Defensive Midfield,22,Spain,Getafe,,End of loan 30/06/2026,https://img.a.transfermarkt.technology/portrait/medium/948273-1707861820.jpg?lm=1
Real Madrid,2026,summer,out,Mario Martín,mario martin,Defensive Midfield,22,Spain,Getafe,3500000.0,€3.50m,https://img.a.transfermarkt.technology/portrait/medium/948273-1707861820.jpg?lm=1
Real Madrid,2026,summer,out,Dani Ceballos,dani ceballos,Central Midfield,29,Spain,Without Club,,-,https://img.a.transfermarkt.technology/portrait/medium/319745-1723666162.jpg?lm=1
Real Madrid,2026,summer,out,Daniel Carvajal,daniel carvajal,Right-Back,34,Spain,Without Club,,-,https://img.a.transfermarkt.technology/portrait/medium/138927-1721026790.jpg?lm=1
Real Madrid,2026,summer,out,David Alaba,david alaba,Centre-Back,34,Austria,Without Club,,-,https://img.a.transfermarkt.technology/portrait/medium/59016-1684921582.jpeg?lm=1
Real Sociedad,2026,summer,in,Kazunari Kita,kazunari kita,Centre-Back,20,Japan,Kyoto Sanga,1500000.0,€1.50m,https://img.a.transfermarkt.technology/portrait/medium/915258-1753188931.jpg?lm=1
Real Sociedad,2026,summer,in,Iñaki Rupérez,inaki ruperez,Right-Back,23,Spain,Real Sociedad B,,-,https://img.a.transfermarkt.technology/portrait/medium/1055860-1732795256.png?lm=1
Real Sociedad,2026,summer,in,Jon Pacheco,jon pacheco,Centre-Back,25,Spain,Alavés,,End of loan 30/06/2026,https://img.a.transfermarkt.technology/portrait/medium/580560-1631178086.jpg?lm=1
Real Sociedad,2026,summer,in,Javi López,javi lopez,Left-Back,24,Spain,Real Oviedo,,End of loan 30/06/2026,https://img.a.transfermarkt.technology/portrait/medium/568158-1647530894.jpg?lm=1
Real Sociedad,2026,summer,in,Carlos Fernández,carlos fernandez,Centre-Forward,30,Spain,CD Mirandés,,End of loan 30/06/2026,https://img.a.transfermarkt.technology/portrait/medium/216464-1544775694.jpg?lm=1
Real Sociedad,2026,summer,in,Mikel Goti,mikel goti,Attacking Midfield,24,Spain,Córdoba CF,,End of loan 30/06/2026,https://img.a.transfermarkt.technology/portrait/medium/709215-1732795497.png?lm=1
Real Sociedad,2026,summer,out,Brais Méndez,brais mendez,Attacking Midfield,29,Spain,Columbus,6000000.0,€6.00m,https://img.a.transfermarkt.technology/portrait/medium/309110-1665057568.jpg?lm=1
Real Sociedad,2026,summer,out,Aritz Elustondo,aritz elustondo,Centre-Back,32,Spain,PAOK,,free transfer,https://img.a.transfermarkt.technology/portrait/medium/229804-1664970965.jpg?lm=1
Real Sociedad,2026,summer,out,Wesley,wesley,Left Winger,21,Brazil,Al-Nassr,,End of loan 30/06/2026,https://img.a.transfermarkt.technology/portrait/medium/1007378-1719453433.jpg?lm=1
Real Sociedad,2026,summer,out,Duje Caleta-Car,duje caleta-car,Centre-Back,29,Croatia,Lyon,,End of loan 30/06/2026,https://img.a.transfermarkt.technology/portrait/medium/238266-1662069879.jpg?lm=1
Sevilla,2026,summer,in,Patrik Mercado,patrik mercado,Attacking Midfield,22,Ecuador,Independiente,6000000.0,€6.00m,https://img.a.transfermarkt.technology/portrait/medium/981674-1739215138.png?lm=1
Sevilla,2026,summer,in,Arouna Sangante,arouna sangante,Centre-Back,24,Senegal,Le Havre AC,,free transfer,https://img.a.transfermarkt.technology/portrait/medium/768380-1738244271.jpg?lm=1
Sevilla,2026,summer,in,Juan Iglesias,juan iglesias,Right-Back,27,Spain,Getafe,,free transfer,https://img.a.transfermarkt.technology/portrait/medium/390688-1632295269.jpg?lm=1
Sevilla,2026,summer,in,Jon Guridi,jon guridi,Central Midfield,31,Spain,Alavés,,free transfer,https://img.a.transfermarkt.technology/portrait/medium/289257-1604301765.jpg?lm=1
Sevilla,2026,summer,in,Rafa Mir,rafa mir,Centre-Forward,29,Spain,Elche CF,,End of loan 30/06/2026,https://img.a.transfermarkt.technology/portrait/medium/361254-1720020544.jpg?lm=1
Sevilla,2026,summer,in,Alfon González,alfon gonzalez,Left Winger,27,Spain,Villarreal,,End of loan 30/06/2026,https://img.a.transfermarkt.technology/portrait/medium/357628-1734950388.jpg?lm=1
Sevilla,2026,summer,in,Adrià Pedrosa,adria pedrosa,Left-Back,28,Spain,Elche CF,,End of loan 30/06/2026,https://img.a.transfermarkt.technology/portrait/medium/501418-1583506190.jpg?lm=1
Sevilla,2026,summer,out,Nemanja Gudelj,nemanja gudelj,Defensive Midfield,34,Serbia,Without Club,,-,https://img.a.transfermarkt.technology/portrait/medium/74294-1718893660.jpg?lm=1
Sevilla,2026,summer,out,Alexis Sánchez,alexis sanchez,Second Striker,37,Chile,Without Club,,-,https://img.a.transfermarkt.technology/portrait/medium/40433-1759840737.jpg?lm=1
Sevilla,2026,summer,out,César Azpilicueta,cesar azpilicueta,Centre-Back,36,Spain,Retired,,-,https://img.a.transfermarkt.technology/portrait/medium/57500-1668169250.jpg?lm=1
Sevilla,2026,summer,out,Adnan Januzaj,adnan januzaj,Right Winger,31,Belgium,Without Club,,-,https://img.a.transfermarkt.technology/portrait/medium/177847-1685115304.png?lm=1
Sevilla,2026,summer,out,Ørjan Nyland,orjan nyland,Goalkeeper,35,Norway,Without Club,,-,https://img.a.transfermarkt.technology/portrait/medium/73517-1779430891.jpg?lm=1
Sevilla,2026,summer,out,Batista Mendy,batista mendy,Defensive Midfield,26,France,Trabzonspor,,End of loan 30/06/2026,https://img.a.transfermarkt.technology/portrait/medium/395234-1756290427.png?lm=1
Valencia,2026,summer,in,Justin de Haas,justin de haas,Centre-Back,26,Netherlands,Famalicão,,free transfer,https://img.a.transfermarkt.technology/portrait/medium/420196-1605471356.jpg?lm=1
Valencia,2026,summer,in,Aliou Dieng,aliou dieng,Defensive Midfield,28,Mali,Al Ahly,,free transfer,https://img.a.transfermarkt.technology/portrait/medium/410427-1615125228.jpg?lm=1
Valencia,2026,summer,in,Ryunosuke Sato,ryunosuke sato,Left Midfield,19,Japan,FC Tokyo,,?,https://img.a.transfermarkt.technology/portrait/medium/948169-1772965432.JPG?lm=1
Valencia,2026,summer,in,Cenk Özkacar,cenk ozkacar,Centre-Back,25,Türkiye,1.FC Köln,,End of loan 30/06/2026,https://img.a.transfermarkt.technology/portrait/medium/615350-1641457298.jpg?lm=1
Valencia,2026,summer,in,Sergi Canós,sergi canos,Left Winger,29,Spain,Real Valladolid,,End of loan 30/06/2026,https://img.a.transfermarkt.technology/portrait/medium/251845-1538466933.jpg?lm=1
Valencia,2026,summer,in,Alberto Marí,alberto mari,Centre-Forward,24,Spain,CD Mirandés,,End of loan 30/06/2026,https://img.a.transfermarkt.technology/portrait/medium/634105-1690382984.jpg?lm=1
Valencia,2026,summer,in,Iker Córdoba,iker cordoba,Centre-Back,20,Spain,CD Mirandés,,End of loan 30/06/2026,https://img.a.transfermarkt.technology/portrait/medium/default.jpg?lm=1
Valencia,2026,summer,out,Thierry Correia,thierry correia,Right-Back,27,Portugal,Venezia,,free transfer,https://img.a.transfermarkt.technology/portrait/medium/367466-1548510976.jpg?lm=1
Valencia,2026,summer,out,Eray Cömert,eray comert,Centre-Back,28,Switzerland,Without Club,,-,https://img.a.transfermarkt.technology/portrait/medium/298583-1779792788.jpg?lm=1
Valencia,2026,summer,out,Renzo Saravia,renzo saravia,Right-Back,33,Argentina,Without Club,,-,https://img.a.transfermarkt.technology/portrait/medium/268642-1744822164.JPG?lm=1
Valencia,2026,summer,out,Julen Agirrezabala,julen agirrezabala,Goalkeeper,25,Spain,Athletic Club,,End of loan 30/06/2026,https://img.a.transfermarkt.technology/portrait/medium/625014-1709674945.png?lm=1
Valencia,2026,summer,out,Largie Ramazani,largie ramazani,Left Winger,25,Belgium,Leeds,,End of loan 30/06/2026,https://img.a.transfermarkt.technology/portrait/medium/518644-1692367509.jpg?lm=1
Valencia,2026,summer,out,Lucas Beltrán,lucas beltran,Centre-Forward,25,Argentina,Fiorentina,,End of loan 30/06/2026,https://img.a.transfermarkt.technology/portrait/medium/628366-1692881138.jpg?lm=1
Valencia,2026,summer,out,Unai Núñez,unai nunez,Centre-Back,29,Spain,Celta de Vigo,,End of loan 30/06/2026,https://img.a.transfermarkt.technology/portrait/medium/338285-1753679771.jpg?lm=1
Villarreal,2026,summer,in,Jean Ives Valou,jean ives valou,Centre-Back,20,Cote d'Ivoire,Villarreal CF B,,-,https://img.a.transfermarkt.technology/portrait/medium/default.jpg?lm=1
Villarreal,2026,summer,in,Carlos Romero,carlos romero,Left-Back,24,Spain,Espanyol,,End of loan 30/06/2026,https://img.a.transfermarkt.technology/portrait/medium/709372-1747385379.jpg?lm=1
Villarreal,2026,summer,in,Ilias Akhomach,ilias akhomach,Right Winger,22,Morocco,Rayo Vallecano,,End of loan 30/06/2026,https://img.a.transfermarkt.technology/portrait/medium/709969-1636472170.jpg?lm=1
Villarreal,2026,summer,in,Thiago Fernández,thiago fernandez,Left Winger,22,Argentina,Real Oviedo,,End of loan 30/06/2026,https://img.a.transfermarkt.technology/portrait/medium/1127730-1720647640.jpg?lm=1
Villarreal,2026,summer,in,Ramón Terrats,ramon terrats,Central Midfield,25,Spain,Espanyol,,End of loan 30/06/2026,https://img.a.transfermarkt.technology/portrait/medium/783396-1726231968.jpg?lm=1
Villarreal,2026,summer,in,Dani Requena,dani requena,Central Midfield,22,Spain,Córdoba CF,,End of loan 30/06/2026,https://img.a.transfermarkt.technology/portrait/medium/default.jpg?lm=1
Villarreal,2026,summer,in,Álex Forés,alex fores,Centre-Forward,25,Spain,Real Oviedo,,End of loan 30/06/2026,https://img.a.transfermarkt.technology/portrait/medium/709380-1715846218.jpg?lm=1
Villarreal,2026,summer,out,Alfonso Pedraza,alfonso pedraza,Left-Back,30,Spain,Lazio,,free transfer,https://img.a.transfermarkt.technology/portrait/medium/356197-1620304916.jpg?lm=1
Villarreal,2026,summer,out,Jean Ives Valou,jean ives valou,Centre-Back,20,Cote d'Ivoire,Getafe,,loan transfer,https://img.a.transfermarkt.technology/portrait/medium/default.jpg?lm=1
Villarreal,2026,summer,out,Thomas Partey,thomas partey,Defensive Midfield,33,Ghana,Without Club,,-,https://img.a.transfermarkt.technology/portrait/medium/230784-1780562135.jpg?lm=1
Villarreal,2026,summer,out,Dani Parejo,dani parejo,Central Midfield,37,Spain,Without Club,,-,https://img.a.transfermarkt.technology/portrait/medium/59561-1688725780.jpg?lm=1
Villarreal,2026,summer,out,Rafa Marín,rafa marin,Centre-Back,24,Spain,Napoli,,End of loan 30/06/2026,https://img.a.transfermarkt.technology/portrait/medium/662261-1725529332.jpg?lm=1
Villarreal,2026,summer,out,Alfon González,alfon gonzalez,Left Winger,27,Spain,Sevilla FC,,End of loan 30/06/2026,https://img.a.transfermarkt.technology/portrait/medium/357628-1734950388.jpg?lm=1
