player,nation,goals,pens
Kylian Mbappé,France,8,1
Lionel Messi,Argentina,8,0
Erling Haaland,Norway,7,0
Harry Kane,England,6,2
Jude Bellingham,England,6,0
Mikel Oyarzabal,Spain,5,1
Ousmane Dembélé,France,5,0
Ismael Saibari,Morocco,4,1
Julián Quiñones,Mexico,4,0
Vinícius Júnior,Brazil,4,0
Ismaïla Sarr,Senegal,4,0
Raúl Jiménez,Mexico,3,1
Kai Havertz,Germany,3,1
Yoane Wissa,Congo DR,3,1
Rubén Vargas,Switzerland,3,1
Cristiano Ronaldo,Portugal,3,1
Soufiane Rahimi,Morocco,3,1
Lautaro Martínez,Argentina,3,1
Folarin Balogun,United States,3,0
Deniz Undav,Germany,3,0
Elijah Just,New Zealand,3,0
Johan Manzambi,Switzerland,3,0
Jonathan David,Canada,3,0
Matheus Cunha,Brazil,3,0
Brian Brobbey,Netherlands,3,0
Cody Gakpo,Netherlands,3,0
Romelu Lukaku,Belgium,3,0
Charles De Ketelaere,Belgium,3,0
Granit Xhaka,Switzerland,2,2
Maurício,Paraguay,2,1
Breel Embolo,Switzerland,2,1
Jamal Musiala,Germany,2,1
Marko Arnautovic,Austria,2,1
Luis Díaz,Colombia,2,1
Jáminton Campaz,Colombia,2,1
Matías Galarza,Paraguay,2,1
Mohamed Salah,Egypt,2,1
Mahmoud Saber,Egypt,2,1
Youri Tielemans,Belgium,2,1
Cyle Larin,Canada,2,0
Crysencio Summerville,Netherlands,2,0
Daichi Kamada,Japan,2,0
Amad Diallo,Ivory Coast,2,0
Yasin Ayari,Sweden,2,0
Emam Ashour,Egypt,2,0
Maxi Araújo,Uruguay,2,0
Ramin Rezaeian,Iran,2,0
Bradley Barcola,France,2,0
Daniel Muñoz,Colombia,2,0
Ermin Mahmic,Bosnia-Herzegovina,2,0
Anthony Elanga,Sweden,2,0
Ayase Ueda,Japan,2,0
Mostafa Zico,Egypt,2,0
Nicolas Pépé,Ivory Coast,2,0
Habib Diarra,Senegal,2,0
Pape Gueye,Senegal,2,0
Leandro Trossard,Belgium,2,0
Riyad Mahrez,Algeria,2,0
Malik Tillman,United States,2,0
Pedro Porro,Spain,2,0
Dan Ndoye,Switzerland,2,0
Azzedine Ounahi,Morocco,2,0
Mikel Merino,Spain,2,0
Enzo Fernández,Argentina,2,0
Teboho Mokoena,South Africa,1,1
Joshua Kimmich,Germany,1,1
Gustavo Gómez,Paraguay,1,1
Nadiem Amiri,Germany,1,1
José Canale,Paraguay,1,1
Teun Koopmeiners,Netherlands,1,1
Wout Weghorst,Netherlands,1,1
Chemsdine Talbi,Morocco,1,1
Jackson Irvine,Australia,1,1
Ramy Rabia,Egypt,1,1
Awer Mabil,Australia,1,1
Hossam Abdelmaguid,Egypt,1,1
Neymar,Brazil,1,1
Juan Fernando Quintero,Colombia,1,1
Zeki Amdouni,Switzerland,1,1
Cedric Itten,Switzerland,1,1
Ladislav Krejcí,Czechia,1,0
Hwang In-Beom,South Korea,1,0
Oh Hyeon-Gyu,South Korea,1,0
Jovo Lukic,Bosnia-Herzegovina,1,0
Giovanni Reyna,United States,1,0
John McGinn,Scotland,1,0
Nestory Irankunda,Australia,1,0
Connor Metcalfe,Australia,1,0
Felix Nmecha,Germany,1,0
Livano Comenencia,Curaçao,1,0
Nico Schlotterbeck,Germany,1,0
Nathaniel Brown,Germany,1,0
Virgil van Dijk,Netherlands,1,0
Keito Nakamura,Japan,1,0
Alexander Isak,Sweden,1,0
Omar Rekik,Tunisia,1,0
Viktor Gyökeres,Sweden,1,0
Mattias Svanberg,Sweden,1,0
Abdulelah Al-Amri,Saudi Arabia,1,0
Mohammad Mohebbi,Iran,1,0
Ibrahim Mbaye,Senegal,1,0
Aymen Hussein,Iraq,1,0
Leo Østigard,Norway,1,0
Romano Schmid,Austria,1,0
Ali Olwan,Jordan,1,0
João Neves,Portugal,1,0
Martin Baturina,Croatia,1,0
Petar Musa,Croatia,1,0
Marcus Rashford,England,1,0
Caleb Yirenkyi,Ghana,1,0
Abbosbek Fayzullaev,Uzbekistan,1,0
Michal Sadílek,Czechia,1,0
Nathan Saliba,Canada,1,0
Luis Romo,Mexico,1,0
Alex Freeman,United States,1,0
Franck Kessié,Ivory Coast,1,0
Junya Ito,Japan,1,0
Lamine Yamal,Spain,1,0
Kevin Pina,Cape Verde,1,0
Agustín Canobbio,Uruguay,1,0
Hélio Varela,Cape Verde,1,0
Finn Surman,New Zealand,1,0
Trézéguet,Egypt,1,0
Marcus Holmgren Pedersen,Norway,1,0
Nizar Al-Rashdan,Jordan,1,0
Nadhir Benbouali,Algeria,1,0
Amine Gouiri,Algeria,1,0
Nuno Mendes,Portugal,1,0
Rafael Leão,Portugal,1,0
Ante Budimir,Croatia,1,0
Kerim Alajbegovic,Bosnia-Herzegovina,1,0
Hassan Al-Haydos,Qatar,1,0
Promise David,Canada,1,0
Achraf Hakimi,Morocco,1,0
Wilson Isidor,Haiti,1,0
Gessime Yassine,Morocco,1,0
Mateo Chávez,Mexico,1,0
Álvaro Fidalgo,Mexico,1,0
Thapelo Maseko,South Africa,1,0
Leroy Sané,Germany,1,0
Nilson Angulo,Ecuador,1,0
Gonzalo Plata,Ecuador,1,0
Daizen Maeda,Japan,1,0
Hazem Mastouri,Tunisia,1,0
Jan Paul van Hecke,Netherlands,1,0
Auston Trusty,United States,1,0
Arda Güler,Türkiye,1,0
Baris Alper Yilmaz,Türkiye,1,0
Sebastian Berhalter,United States,1,0
Kaan Ayhan,Türkiye,1,0
Thelo Aasgaard,Norway,1,0
Désiré Doué,France,1,0
Iliman Ndiaye,Senegal,1,0
Álex Baena,Spain,1,0
Kevin De Bruyne,Belgium,1,0
Alexis Saelemaekers,Belgium,1,0
Petar Sucic,Croatia,1,0
Derrick Luckassen,Ghana,1,0
Nikola Vlasic,Croatia,1,0
Eldor Shomurodov,Uzbekistan,1,0
Fiston Mayele,Congo DR,1,0
Rafik Belghali,Algeria,1,0
Marcel Sabitzer,Austria,1,0
Sasa Kalajdzic,Austria,1,0
Giovani Lo Celso,Argentina,1,0
Mousa Al-Tamari,Jordan,1,0
Stephen Eustáquio,Canada,1,0
Kaishu Sano,Japan,1,0
Casemiro,Brazil,1,0
Gabriel Martinelli,Brazil,1,0
Julio Enciso,Paraguay,1,0
Issa Diop,Morocco,1,0
Antonio Nusa,Norway,1,0
Brian Cipenga,Congo DR,1,0
Ivan Perisic,Croatia,1,0
Gonçalo Ramos,Portugal,1,0
Deroy Duarte,Cape Verde,1,0
Lisandro Martínez,Argentina,1,0
Sidny Lopes Cabral,Cape Verde,1,0
Jhon Arias,Colombia,1,0
Hans Vanaken,Belgium,1,0
Yasser Ibrahim,Egypt,1,0
Cristian Romero,Argentina,1,0
Fabián Ruiz,Spain,1,0
Andreas Schjelderup,Norway,1,0
Alexis Mac Allister,Argentina,1,0
Julián Álvarez,Argentina,1,0
Anthony Gordon,England,1,0
