nation,nation_id,nation_abbr,player,player_id,pos,jersey,age
Algeria,624,ALG,Luca Zidane,225561,G,23,28
Algeria,624,ALG,Oussama Benbot,299346,G,16,31
Algeria,624,ALG,Melvin Mastil,324711,G,1,26
Algeria,624,ALG,Aïssa Mandi,150451,D,2,34
Algeria,624,ALG,Ramy Bensebaini,220703,D,21,31
Algeria,624,ALG,Rayan Aït-Nouri,272512,D,15,25
Algeria,624,ALG,Mohamed Amine Tougai,285539,D,4,26
Algeria,624,ALG,Zineddine Belaïd,285547,D,5,27
Algeria,624,ALG,Samir Chergui,287572,D,26,27
Algeria,624,ALG,Jaouen Hadjam,306033,D,13,23
Algeria,624,ALG,Rafik Belghali,364590,D,17,24
Algeria,624,ALG,Achraf Abada,407797,D,3,27
Algeria,624,ALG,Nabil Bentaleb,179187,M,19,31
Algeria,624,ALG,Houssem Aouar,241116,M,8,28
Algeria,624,ALG,Hicham Boudaoui,287078,M,14,26
Algeria,624,ALG,Ramiz Zerrouki,290517,M,6,28
Algeria,624,ALG,Farès Chaïbi,337306,M,10,23
Algeria,624,ALG,Yassine Titraoui,341720,M,24,23
Algeria,624,ALG,Ibrahim Maza,361212,M,22,20
Algeria,624,ALG,Riyad Mahrez,163940,F,7,35
Algeria,624,ALG,Amine Gouiri,259743,F,9,26
Algeria,624,ALG,Mohamed Amoura,315384,F,18,26
Algeria,624,ALG,Adil Boulbina,341706,M,20,23
Algeria,624,ALG,Anis Hadj Moussa,341711,F,11,24
Algeria,624,ALG,Nadhir Benbouali,346186,F,12,26
Algeria,624,ALG,Farès Ghedjemis,356536,F,25,23
Argentina,202,ARG,José Manuel López,311743,F,21,25
Argentina,202,ARG,Giuliano Simeone,323838,F,17,23
Argentina,202,ARG,Emiliano Martínez,158626,G,23,33
Argentina,202,ARG,Gerónimo Rulli,167192,G,12,34
Argentina,202,ARG,Juan Musso,177927,G,1,32
Argentina,202,ARG,Cristian Romero,96970,D,13,28
Argentina,202,ARG,Nicolás Otamendi,119289,D,19,38
Argentina,202,ARG,Nicolás Tagliafico,145190,D,3,33
Argentina,202,ARG,Nahuel Molina,164826,D,26,28
Argentina,202,ARG,Gonzalo Montiel,228262,D,4,29
Argentina,202,ARG,Lisandro Martínez,233937,D,6,28
Argentina,202,ARG,Marcos Senesi,233945,D,2,29
Argentina,202,ARG,Facundo Medina,249663,D,25,27
Argentina,202,ARG,Leandro Paredes,153115,M,5,32
Argentina,202,ARG,Rodrigo De Paul,174466,M,7,32
Argentina,202,ARG,Giovani Lo Celso,207343,M,11,30
Argentina,202,ARG,Exequiel Palacios,228393,M,14,27
Argentina,202,ARG,Alexis Mac Allister,249299,M,20,27
Argentina,202,ARG,Thiago Almada,277208,M,16,25
Argentina,202,ARG,Enzo Fernández,285450,M,24,25
Argentina,202,ARG,Valentín Barco,320760,M,8,22
Argentina,202,ARG,Lionel Messi,45843,F,10,39
Argentina,202,ARG,Nico González,76017,F,15,28
Argentina,202,ARG,Lautaro Martínez,219713,F,22,28
Argentina,202,ARG,Julián Álvarez,277206,F,9,26
Argentina,202,ARG,Nico Paz,337970,F,18,21
Australia,628,AUS,Mathew Ryan,141438,G,1,34
Australia,628,AUS,Paul Izzo,159494,G,12,31
Australia,628,AUS,Patrick Beach,335240,G,18,22
Australia,628,AUS,Milos Degenek,159502,D,2,32
Australia,628,AUS,Jason Geria,172137,D,6,33
Australia,628,AUS,Aziz Behich,200414,D,16,35
Australia,628,AUS,Cameron Burgess,207350,D,21,30
Australia,628,AUS,Harry Souttar,207461,D,19,27
Australia,628,AUS,Jacob Italiano,267053,D,4,24
Australia,628,AUS,Kai Trewin,291697,D,15,25
Australia,628,AUS,Jordan Bos,328541,D,5,23
Australia,628,AUS,Alessandro Circati,332081,D,3,22
Australia,628,AUS,Lucas Herrington,392320,D,25,18
Australia,628,AUS,Jackson Irvine,178071,M,22,33
Australia,628,AUS,Awer Mabil,181707,M,11,30
Australia,628,AUS,Ajdin Hrustic,227289,M,10,30
Australia,628,AUS,Aiden O'Neill,241031,M,13,28
Australia,628,AUS,Connor Metcalfe,260643,M,8,26
Australia,628,AUS,Cameron Devlin,276917,M,14,28
Australia,628,AUS,Cristian Volpato,330259,M,20,22
Australia,628,AUS,Paul Okon-Engstler,403528,M,24,21
Australia,628,AUS,Mathew Leckie,140994,F,7,35
Australia,628,AUS,Mohamed Toure,302688,F,9,22
Australia,628,AUS,Tete Yengi,312261,F,26,25
Australia,628,AUS,Nishan Velupillay,318429,F,23,25
Australia,628,AUS,Nestory Irankunda,328535,F,17,20
Austria,474,AUT,Alexander Schlager,195082,G,1,30
Austria,474,AUT,Patrick Pentz,237966,G,13,29
Austria,474,AUT,Florian Wiegele,387869,G,12,25
Austria,474,AUT,David Alaba,118444,D,8,34
Austria,474,AUT,Philipp Lienhart,219316,D,15,30
Austria,474,AUT,Marco Friedl,232477,D,23,28
Austria,474,AUT,Stefan Posch,238906,D,5,29
Austria,474,AUT,Phillipp Mwene,239574,D,16,32
Austria,474,AUT,Kevin Danso,250543,D,3,27
Austria,474,AUT,Michael Svoboda,289942,D,25,27
Austria,474,AUT,David Affengruber,313230,D,2,25
Austria,474,AUT,Alexander Prass,320939,D,22,25
Austria,474,AUT,Konrad Laimer,169189,M,20,29
Austria,474,AUT,Marcel Sabitzer,173907,M,9,32
Austria,474,AUT,Alessandro Schöpf,203868,M,26,32
Austria,474,AUT,Florian Grillitsch,219304,M,10,30
Austria,474,AUT,Romano Schmid,238296,M,18,26
Austria,474,AUT,Xaver Schlager,238886,M,4,28
Austria,474,AUT,Carney Chukwuemeka,294317,M,17,22
Austria,474,AUT,Patrick Wimmer,300095,M,21,25
Austria,474,AUT,Nicolas Seiwald,305956,M,6,25
Austria,474,AUT,Paul Wanner,333399,M,24,20
Austria,474,AUT,Marko Arnautovic,98193,F,7,37
Austria,474,AUT,Michael Gregoritsch,146804,F,11,32
Austria,474,AUT,Sasa Kalajdzic,259131,F,14,29
Belgium,459,BEL,Thibaut Courtois,134283,G,1,34
Belgium,459,BEL,Senne Lammens,301425,G,12,24
Belgium,459,BEL,Mike Penders,332343,G,13,20
Belgium,459,BEL,Thomas Meunier,166473,D,15,34
Belgium,459,BEL,Brandon Mechele,191222,D,4,33
Belgium,459,BEL,Timothy Castagne,197163,D,21,30
Belgium,459,BEL,Maxim De Cuyper,301327,D,5,25
Belgium,459,BEL,Arthur Theate,304222,D,3,26
Belgium,459,BEL,Koni De Winter,309570,D,16,24
Belgium,459,BEL,Zeno Debast,314473,D,2,22
Belgium,459,BEL,Nathan Ngoy,318577,D,25,23
Belgium,459,BEL,Joaquin Seys,363068,D,18,21
Belgium,459,BEL,Kevin De Bruyne,134947,M,7,35
Belgium,459,BEL,Axel Witsel,164895,M,6,37
Belgium,459,BEL,Youri Tielemans,193297,M,8,29
Belgium,459,BEL,Hans Vanaken,193849,M,20,33
Belgium,459,BEL,Nicolas Raskin,260027,M,23,25
Belgium,459,BEL,Amadou Onana,304799,M,24,24
Belgium,459,BEL,Romelu Lukaku,139437,F,9,33
Belgium,459,BEL,Leandro Trossard,174980,F,10,31
Belgium,459,BEL,Dodi Lukébakio,229443,F,14,28
Belgium,459,BEL,Alexis Saelemaekers,271132,F,22,27
Belgium,459,BEL,Jérémy Doku,283672,F,11,24
Belgium,459,BEL,Charles De Ketelaere,296319,F,17,25
Belgium,459,BEL,Diego Moreira,340678,F,19,21
Belgium,459,BEL,Matias Fernandez-Pardo,359651,F,26,21
Bosnia-Herzegovina,452,BIH,Nikola Vasilj,79941,G,1,30
Bosnia-Herzegovina,452,BIH,Martin Zlomislic,258757,G,22,27
Bosnia-Herzegovina,452,BIH,Mladen Jurkas,401246,G,12,18
Bosnia-Herzegovina,452,BIH,Sead Kolasinac,170553,D,5,33
Bosnia-Herzegovina,452,BIH,Nikola Katic,220538,D,18,29
Bosnia-Herzegovina,452,BIH,Dennis Hadzikadunic,246836,D,3,28
Bosnia-Herzegovina,452,BIH,Nihad Mujakic,257942,D,2,28
Bosnia-Herzegovina,452,BIH,Stjepan Radeljic,275414,D,21,28
Bosnia-Herzegovina,452,BIH,Amar Dedic,308979,D,7,23
Bosnia-Herzegovina,452,BIH,Tarik Muharemovic,318390,D,4,23
Bosnia-Herzegovina,452,BIH,Nidal Celik,387044,D,24,20
Bosnia-Herzegovina,452,BIH,Ivan Sunjic,194767,M,14,29
Bosnia-Herzegovina,452,BIH,Amir Hadziahmetovic,221961,M,16,29
Bosnia-Herzegovina,452,BIH,Dzenis Burnic,225571,M,17,28
Bosnia-Herzegovina,452,BIH,Armin Gigovic,288932,M,8,24
Bosnia-Herzegovina,452,BIH,Ivan Basic,306256,M,13,24
Bosnia-Herzegovina,452,BIH,Amar Memic,338199,M,15,25
Bosnia-Herzegovina,452,BIH,Benjamin Tahirovic,352660,M,6,23
Bosnia-Herzegovina,452,BIH,Ermin Mahmic,414676,M,26,21
Bosnia-Herzegovina,452,BIH,Edin Dzeko,102337,F,11,40
Bosnia-Herzegovina,452,BIH,Haris Tabakovic,184869,F,23,32
Bosnia-Herzegovina,452,BIH,Ermedin Demirovic,269136,F,10,28
Bosnia-Herzegovina,452,BIH,Jovo Lukic,305118,F,25,27
Bosnia-Herzegovina,452,BIH,Samed Bazdar,322244,F,9,22
Bosnia-Herzegovina,452,BIH,Esmir Bajraktarevic,325410,F,20,21
Bosnia-Herzegovina,452,BIH,Kerim Alajbegovic,391034,F,19,18
Brazil,205,BRA,Ederson,176948,G,23,32
Brazil,205,BRA,Alisson Becker,196876,G,1,33
Brazil,205,BRA,Weverton,198983,G,12,38
Brazil,205,BRA,Alex Sandro,125514,D,6,35
Brazil,205,BRA,Léo Pereira,145405,D,15,30
Brazil,205,BRA,Marquinhos,159047,D,4,32
Brazil,205,BRA,Danilo,170369,D,13,35
Brazil,205,BRA,Douglas Santos,186575,D,16,32
Brazil,205,BRA,Gabriel Magalhães,236322,D,3,28
Brazil,205,BRA,Bremer,258307,D,14,29
Brazil,205,BRA,Roger Ibañez,259835,D,24,27
Brazil,205,BRA,Casemiro,173666,M,5,34
Brazil,205,BRA,Fabinho,176287,M,17,32
Brazil,205,BRA,Bruno Guimarães,218522,M,8,28
Brazil,205,BRA,Lucas Paquetá,234715,M,20,28
Brazil,205,BRA,Éderson,278210,M,2,27
Brazil,205,BRA,Danilo Santos,306764,M,18,25
Brazil,205,BRA,Neymar,132948,F,10,34
Brazil,205,BRA,Raphinha,231050,F,11,29
Brazil,205,BRA,Vinícius Júnior,252107,F,7,26
Brazil,205,BRA,Matheus Cunha,259902,F,9,27
Brazil,205,BRA,Gabriel Martinelli,269844,F,22,25
Brazil,205,BRA,Igor Thiago,301894,F,25,25
Brazil,205,BRA,Luiz Henrique,304215,M,21,25
Brazil,205,BRA,Endrick,346612,F,19,20
Brazil,205,BRA,Rayan,357719,F,26,19
Canada,206,CAN,Maxime Crépeau,159382,G,16,32
Canada,206,CAN,Dayne St. Clair,231059,G,1,29
Canada,206,CAN,Owen Goodman,330618,G,18,22
Canada,206,CAN,Richie Laryea,230626,D,22,31
Canada,206,CAN,Alphonso Davies,236721,D,19,25
Canada,206,CAN,Joel Waterman,236890,D,5,30
Canada,206,CAN,Derek Cornelius,238712,D,13,28
Canada,206,CAN,Alfie Jones,240589,D,3,28
Canada,206,CAN,Alistair Johnston,293691,D,2,27
Canada,206,CAN,Moïse Bombito,358975,D,15,26
Canada,206,CAN,Luc de Fougerolles,365345,D,4,20
Canada,206,CAN,Jonathan Osorio,184221,M,21,34
Canada,206,CAN,Stephen Eustáquio,270505,M,7,29
Canada,206,CAN,Mathieu Choinière,274296,M,6,27
Canada,206,CAN,Nathan Saliba,311163,M,25,22
Canada,206,CAN,Ismaël Koné,325001,M,8,24
Canada,206,CAN,Ali Ahmed,340228,M,20,25
Canada,206,CAN,Niko Sigur,363538,M,23,22
Canada,206,CAN,Cyle Larin,205024,F,9,31
Canada,206,CAN,Liam Millar,271879,F,11,26
Canada,206,CAN,Jonathan David,273499,F,10,26
Canada,206,CAN,Jayden Nelson,280612,F,26,23
Canada,206,CAN,Tajon Buchanan,284769,F,17,27
Canada,206,CAN,Jacob Shaffelburg,286214,F,14,26
Canada,206,CAN,Tani Oluwaseyi,294039,F,12,26
Canada,206,CAN,Promise David,318522,F,24,25
Cape Verde,2597,CPV,Vozinha,181330,G,1,40
Cape Verde,2597,CPV,Márcio Rosa,260758,G,12,29
Cape Verde,2597,CPV,CJ dos Santos,265874,G,23,25
Cape Verde,2597,CPV,Stopira,148146,D,2,38
Cape Verde,2597,CPV,Steven Moreira,180113,D,22,31
Cape Verde,2597,CPV,Diney Borges,214683,D,3,31
Cape Verde,2597,CPV,Pico Lopes,257716,D,4,34
Cape Verde,2597,CPV,Logan Costa,271129,D,5,25
Cape Verde,2597,CPV,Sidny Lopes Cabral,332394,D,13,23
Cape Verde,2597,CPV,Wagner Pina,365810,D,24,23
Cape Verde,2597,CPV,Kelvin Pires,378479,D,25,26
Cape Verde,2597,CPV,Yannick Semedo,101251,M,16,30
Cape Verde,2597,CPV,Laros Duarte,222236,M,15,29
Cape Verde,2597,CPV,Jamiro Monteiro,227441,M,10,32
Cape Verde,2597,CPV,Deroy Duarte,246442,M,14,27
Cape Verde,2597,CPV,Telmo Arcanjo,304076,M,18,25
Cape Verde,2597,CPV,João Paulo,318631,M,8,28
Cape Verde,2597,CPV,Kevin Pina,327173,M,6,29
Cape Verde,2597,CPV,Ryan Mendes,135216,F,20,36
Cape Verde,2597,CPV,Garry Rodrigues,175012,F,11,35
Cape Verde,2597,CPV,Nuno da Costa,224798,F,21,35
Cape Verde,2597,CPV,Jovane Cabral,250059,F,7,28
Cape Verde,2597,CPV,Willy Semedo,271675,F,17,32
Cape Verde,2597,CPV,Gilson Benchimol,310261,F,9,24
Cape Verde,2597,CPV,Dailon Livramento,330211,F,19,25
Cape Verde,2597,CPV,Hélio Varela,366092,F,26,24
Colombia,208,COL,David Ospina,121842,G,1,37
Colombia,208,COL,Álvaro Montero,166323,G,24,31
Colombia,208,COL,Camilo Vargas,185147,G,12,37
Colombia,208,COL,Daniel Muñoz,146679,D,2,30
Colombia,208,COL,Santiago Arias,164756,D,4,34
Colombia,208,COL,Johan Mojica,173247,D,17,33
Colombia,208,COL,Yerry Mina,196901,D,13,31
Colombia,208,COL,Davinson Sánchez,197105,D,23,30
Colombia,208,COL,Deiver Machado,197401,D,22,32
Colombia,208,COL,Jhon Lucumí,227697,D,3,28
Colombia,208,COL,Willer Ditta,270229,D,18,28
Colombia,208,COL,James Rodríguez,82816,M,10,35
Colombia,208,COL,Juan Portilla,94976,M,15,27
Colombia,208,COL,Juan Fernando Quintero,177780,M,20,33
Colombia,208,COL,Jefferson Lerma,197399,M,16,31
Colombia,208,COL,Jorge Carrascal,208700,M,8,28
Colombia,208,COL,Jhon Arias,239566,M,11,28
Colombia,208,COL,Jáminton Campaz,255295,M,21,26
Colombia,208,COL,Richard Ríos,301520,M,6,26
Colombia,208,COL,Kevin Castaño,307756,M,5,25
Colombia,208,COL,Gustavo Puerta,341736,M,14,23
Colombia,208,COL,Jhon Córdoba,176058,M,9,26
Colombia,208,COL,Luis Díaz,257390,F,7,29
Colombia,208,COL,Luis Suárez,272722,F,25,28
Colombia,208,COL,Andrés Gómez,330924,F,26,23
Colombia,208,COL,Cucho Hernández,336809,F,19,27
Congo DR,2850,COD,Lionel Mpasi,211669,G,1,31
Congo DR,2850,COD,Timothy Fayulu,282757,G,16,27
Congo DR,2850,COD,Matthieu Epolo,319371,G,21,21
Congo DR,2850,COD,Arthur Masuaku,165892,D,26,32
Congo DR,2850,COD,Chancel Mbemba,174322,D,22,31
Congo DR,2850,COD,Joris Kayembe,204329,D,12,31
Congo DR,2850,COD,Axel Tuanzebe,229524,D,4,28
Congo DR,2850,COD,Aaron Wan-Bissaka,250945,D,2,28
Congo DR,2850,COD,Dylan Batubinsika,260228,D,5,30
Congo DR,2850,COD,Gédéon Kalulu,291345,D,24,28
Congo DR,2850,COD,Steve Kapuadi,369201,D,3,28
Congo DR,2850,COD,Gaël Kakuta,130545,M,11,35
Congo DR,2850,COD,Aaron Tshibola,175104,M,15,31
Congo DR,2850,COD,Théo Bongonda,182337,M,10,30
Congo DR,2850,COD,Charles Pickel,235875,M,18,29
Congo DR,2850,COD,Samuel Moutoussamy,260932,M,8,29
Congo DR,2850,COD,Edo Kayembe,268986,M,25,28
Congo DR,2850,COD,Noah Sadiki,340240,M,14,21
Congo DR,2850,COD,Ngal'ayel Mukau,345988,M,6,21
Congo DR,2850,COD,Cédric Bakambu,147193,F,17,35
Congo DR,2850,COD,Yoane Wissa,224077,F,20,29
Congo DR,2850,COD,Simon Banza,231161,F,23,29
Congo DR,2850,COD,Meschack Elia,232492,F,13,28
Congo DR,2850,COD,Nathanaël Mbuku,291750,F,7,24
Congo DR,2850,COD,Fiston Mayele,299324,F,19,32
Congo DR,2850,COD,Brian Cipenga,352285,F,9,28
Croatia,477,CRO,Dominik Livakovic,187946,G,1,31
Croatia,477,CRO,Dominik Kotarski,239411,G,23,26
Croatia,477,CRO,Ivor Pandur,277234,G,12,26
Croatia,477,CRO,Duje Caleta-Car,194766,D,5,29
Croatia,477,CRO,Martin Erlic,216579,D,25,28
Croatia,477,CRO,Marin Pongracic,255650,D,3,28
Croatia,477,CRO,Josip Stanisic,276329,D,2,26
Croatia,477,CRO,Josko Gvardiol,299910,D,4,24
Croatia,477,CRO,Josip Sutalo,305552,D,6,26
Croatia,477,CRO,Luka Vuskovic,364962,D,22,19
Croatia,477,CRO,Luka Modric,76762,M,10,40
Croatia,477,CRO,Mateo Kovacic,154595,M,8,32
Croatia,477,CRO,Mario Pasalic,189668,M,15,31
Croatia,477,CRO,Nikola Vlasic,206378,M,13,28
Croatia,477,CRO,Nikola Moro,228333,M,7,28
Croatia,477,CRO,Kristijan Jakic,238929,M,18,29
Croatia,477,CRO,Luka Sucic,306263,M,21,23
Croatia,477,CRO,Martin Baturina,311475,M,16,23
Croatia,477,CRO,Toni Fruk,338232,M,19,25
Croatia,477,CRO,Petar Sucic,341494,M,17,22
Croatia,477,CRO,Ivan Perisic,103485,F,14,37
Croatia,477,CRO,Andrej Kramaric,139520,F,9,35
Croatia,477,CRO,Ante Budimir,207288,F,11,35
Croatia,477,CRO,Petar Musa,277128,F,26,28
Croatia,477,CRO,Igor Matanovic,310883,F,20,23
Croatia,477,CRO,Marco Pasalic,324270,F,24,25
Curaçao,11678,CUW,Eloy Room,127444,G,1,37
Curaçao,11678,CUW,Trevor Doornbusch,262109,G,26,27
Curaçao,11678,CUW,Tyrick Bodak,297542,G,25,24
Curaçao,11678,CUW,Joshua Brenet,178433,D,20,32
Curaçao,11678,CUW,Riechedly Bazoer,188411,D,23,29
Curaçao,11678,CUW,Sherel Floranus,224786,D,5,27
Curaçao,11678,CUW,Armando Obispo,245918,D,18,27
Curaçao,11678,CUW,Juriën Gaari,246281,D,3,32
Curaçao,11678,CUW,Roshon van Eijma,270807,D,4,28
Curaçao,11678,CUW,Shurandy Sambo,301456,D,2,24
Curaçao,11678,CUW,Livano Comenencia,317285,D,8,22
Curaçao,11678,CUW,Deveron Fonville,335203,D,24,23
Curaçao,11678,CUW,Leandro Bacuna,138664,M,10,34
Curaçao,11678,CUW,Juninho Bacuna,216287,M,7,28
Curaçao,11678,CUW,Kevin Felida,262738,M,22,26
Curaçao,11678,CUW,Godfried Roemeratoe,273295,M,6,26
Curaçao,11678,CUW,Tahith Chong,276218,M,21,26
Curaçao,11678,CUW,Ar'jany Martha,306553,M,15,22
Curaçao,11678,CUW,Tyrese Noslin,359132,M,13,23
Curaçao,11678,CUW,Jürgen Locadia,167213,F,9,32
Curaçao,11678,CUW,Brandley Kuwas,177058,F,17,33
Curaçao,11678,CUW,Gervane Kastaneer,178273,F,19,30
Curaçao,11678,CUW,Kenji Gorré,188452,F,14,31
Curaçao,11678,CUW,Sontje Hansen,297299,F,12,24
Curaçao,11678,CUW,Jearl Margaritha,301441,F,16,26
Curaçao,11678,CUW,Jeremy Antonisse,310925,F,11,24
Czechia,450,CZE,Jindrich Stanek,199988,G,16,30
Czechia,450,CZE,Matej Kovár,277313,G,1,26
Czechia,450,CZE,Lukás Hornícek,319267,G,23,24
Czechia,450,CZE,Ladislav Krejcí,151714,D,7,34
Czechia,450,CZE,Vladimír Coufal,191209,D,5,33
Czechia,450,CZE,Jaroslav Zelený,276659,D,20,33
Czechia,450,CZE,Tomás Holes,280885,D,3,33
Czechia,450,CZE,David Zima,290116,D,2,25
Czechia,450,CZE,Robin Hranác,322510,D,4,26
Czechia,450,CZE,David Jurásek,335996,D,14,25
Czechia,450,CZE,Stepán Chaloupek,370744,D,6,23
Czechia,450,CZE,Vladimír Darida,165637,M,8,35
Czechia,450,CZE,Tomás Soucek,230666,M,22,31
Czechia,450,CZE,Michal Sadílek,249525,M,18,27
Czechia,450,CZE,Lukás Provod,294618,M,17,29
Czechia,450,CZE,Lukás Cerv,303726,M,12,25
Czechia,450,CZE,Pavel Sulc,305545,M,15,25
Czechia,450,CZE,Denis Visinský,310027,M,26,23
Czechia,450,CZE,David Doudera,343937,M,21,28
Czechia,450,CZE,Alexandr Sojka,387865,M,24,23
Czechia,450,CZE,Hugo Sochurek,403974,M,25,18
Czechia,450,CZE,Patrik Schick,212330,F,10,30
Czechia,450,CZE,Tomás Chorý,257336,F,19,31
Czechia,450,CZE,Adam Hlozek,292169,F,9,24
Czechia,450,CZE,Jan Kuchta,306008,F,11,29
Czechia,450,CZE,Mojmír Chytil,343733,F,13,27
Ecuador,209,ECU,Gonzalo Valle,131726,G,22,30
Ecuador,209,ECU,Hernán Galíndez,207921,G,1,39
Ecuador,209,ECU,Moisés Ramírez,269881,G,12,25
Ecuador,209,ECU,Pervis Estupiñán,214689,D,7,28
Ecuador,209,ECU,Félix Torres,251963,D,2,29
Ecuador,209,ECU,Ángelo Preciado,256560,D,17,28
Ecuador,209,ECU,Jackson Porozo,286665,D,25,25
Ecuador,209,ECU,Willian Pacho,287005,D,6,24
Ecuador,209,ECU,Piero Hincapié,292062,D,3,24
Ecuador,209,ECU,Yaimar Medina,315600,D,26,21
Ecuador,209,ECU,Joel Ordóñez,336589,D,4,22
Ecuador,209,ECU,Alan Franco,262111,M,21,27
Ecuador,209,ECU,Jordy Alcívar,270829,M,5,26
Ecuador,209,ECU,Moisés Caicedo,289877,M,23,24
Ecuador,209,ECU,Pedro Vite,297150,M,15,24
Ecuador,209,ECU,Denil Castillo,328742,M,18,22
Ecuador,209,ECU,Kendry Páez,358746,M,10,19
Ecuador,209,ECU,Enner Valencia,171771,F,13,36
Ecuador,209,ECU,Jordy Caicedo,217079,F,16,28
Ecuador,209,ECU,John Yeboah,265926,F,9,26
Ecuador,209,ECU,Gonzalo Plata,277352,F,19,25
Ecuador,209,ECU,Kevin Rodríguez,281316,D,11,20
Ecuador,209,ECU,Anthony Valencia,303328,F,8,23
Ecuador,209,ECU,Nilson Angulo,318090,F,20,23
Ecuador,209,ECU,Alan Minda,319422,F,14,23
Ecuador,209,ECU,Jeremy Arévalo,367725,F,24,21
Egypt,2620,EGY,Mohamed El Shenawy,205212,G,1,37
Egypt,2620,EGY,Mahdy Soliman,265426,G,16,39
Egypt,2620,EGY,Mostafa Shoubir,308915,G,23,26
Egypt,2620,EGY,Mohamed Alaa,420953,G,26,27
Egypt,2620,EGY,Mohamed Hany,119993,D,3,30
Egypt,2620,EGY,Ramy Rabia,187571,D,5,33
Egypt,2620,EGY,Karim Hafez,216119,D,15,30
Egypt,2620,EGY,Mohamed Abdelmoneim,236957,D,6,27
Egypt,2620,EGY,Ahmed Fatouh,265176,D,13,28
Egypt,2620,EGY,Yasser Ibrahim,265417,D,2,33
Egypt,2620,EGY,Hossam Abdelmaguid,308926,D,4,25
Egypt,2620,EGY,Tarek Alaa,393565,D,24,24
Egypt,2620,EGY,Hamdy Fathy,285057,M,14,31
Egypt,2620,EGY,Nabil Donga,287177,M,18,30
Egypt,2620,EGY,Emam Ashour,299365,M,8,28
Egypt,2620,EGY,Mahmoud Saber,314444,M,21,24
Egypt,2620,EGY,Mohanad Lashin,328932,M,17,30
Egypt,2620,EGY,Marawan Attia,357112,M,19,27
Egypt,2620,EGY,Mostafa Zico,378495,F,11,29
Egypt,2620,EGY,Trézéguet,157825,F,7,31
Egypt,2620,EGY,Mohamed Salah,173896,F,10,34
Egypt,2620,EGY,Zizo null,195154,F,25,30
Egypt,2620,EGY,Haissem Hassan,276440,F,12,24
Egypt,2620,EGY,Ibrahim Adel,299619,F,20,25
Egypt,2620,EGY,Omar Marmoush,303745,F,22,27
Egypt,2620,EGY,Hamza Abdelkarim,399200,F,9,18
England,448,ENG,Jordan Pickford,159443,G,1,32
England,448,ENG,Dean Henderson,234172,G,13,29
England,448,ENG,James Trafford,307118,G,23,23
England,448,ENG,John Stones,157974,D,5,32
England,448,ENG,Reece James,189007,D,24,26
England,448,ENG,Dan Burn,198138,D,15,34
England,448,ENG,Trevoh Chalobah,227784,D,12,27
England,448,ENG,Ezri Konsa,231859,D,2,28
England,448,ENG,Marc Guéhi,265907,D,6,26
England,448,ENG,Djed Spence,267711,D,25,25
England,448,ENG,Jarell Quansah,298524,D,26,23
England,448,ENG,Nico O'Reilly,328464,D,3,21
England,448,ENG,Jordan Henderson,127262,M,14,36
England,448,ENG,Declan Rice,238262,M,4,27
England,448,ENG,Elliot Anderson,238472,M,8,23
England,448,ENG,Eberechi Eze,251400,M,21,28
England,448,ENG,Morgan Rogers,265653,M,17,24
England,448,ENG,Jude Bellingham,291281,M,10,23
England,448,ENG,Kobbie Mainoo,328466,M,16,21
England,448,ENG,Harry Kane,142200,F,9,32
England,448,ENG,Ivan Toney,180639,F,22,30
England,448,ENG,Ollie Watkins,198825,F,19,30
England,448,ENG,Marcus Rashford,230945,F,11,28
England,448,ENG,Anthony Gordon,268782,F,18,25
England,448,ENG,Bukayo Saka,280555,F,7,24
England,448,ENG,Noni Madueke,293236,F,20,24
France,478,FRA,Brice Samba,164126,G,1,32
France,478,FRA,Mike Maignan,189026,G,16,31
France,478,FRA,Robin Risser,344517,G,23,21
France,478,FRA,Lucas Digne,160115,D,3,33
France,478,FRA,Lucas Hernández,196200,D,21,30
France,478,FRA,Dayot Upamecano,222793,D,4,27
France,478,FRA,Jules Koundé,231692,D,5,27
France,478,FRA,Theo Hernández,233621,D,19,28
France,478,FRA,Ibrahima Konaté,251634,D,15,27
France,478,FRA,Maxence Lacroix,265918,D,26,26
France,478,FRA,William Saliba,277385,D,17,25
France,478,FRA,Malo Gusto,308947,D,2,23
France,478,FRA,N'Golo Kanté,173556,M,13,35
France,478,FRA,Adrien Rabiot,176203,M,14,31
France,478,FRA,Aurélien Tchouaméni,265919,M,8,26
France,478,FRA,Manu Koné,285226,M,6,25
France,478,FRA,Michael Olise,286831,M,11,24
France,478,FRA,Rayan Cherki,298008,M,24,22
France,478,FRA,Maghnes Akliouche,329690,M,25,24
France,478,FRA,Warren Zaïre-Emery,345581,M,18,20
France,478,FRA,Marcus Thuram,217331,F,9,28
France,478,FRA,Ousmane Dembélé,229744,F,7,29
France,478,FRA,Kylian Mbappé,231388,F,10,27
France,478,FRA,Jean-Philippe Mateta,241187,F,22,29
France,478,FRA,Bradley Barcola,328238,F,12,23
France,478,FRA,Désiré Doué,336388,F,20,21
Germany,481,GER,Manuel Neuer,84774,G,1,40
Germany,481,GER,Oliver Baumann,138213,G,12,36
Germany,481,GER,Alexander Nübel,205750,G,21,29
Germany,481,GER,Nathaniel Brown,120829,D,18,23
Germany,481,GER,Antonio Rüdiger,169438,D,2,33
Germany,481,GER,Jonathan Tah,188052,D,4,30
Germany,481,GER,Waldemar Anton,220714,D,3,30
Germany,481,GER,David Raum,249548,D,22,28
Germany,481,GER,Nico Schlotterbeck,286828,D,15,26
Germany,481,GER,Malick Thiaw,303444,D,24,24
Germany,481,GER,Pascal Gross,132659,M,13,35
Germany,481,GER,Leon Goretzka,174550,M,8,31
Germany,481,GER,Joshua Kimmich,190161,M,6,31
Germany,481,GER,Nadiem Amiri,210818,M,20,29
Germany,481,GER,Felix Nmecha,281122,M,23,25
Germany,481,GER,Angelo Stiller,290232,M,16,25
Germany,481,GER,Florian Wirtz,303748,M,17,23
Germany,481,GER,Jamal Musiala,303821,M,10,23
Germany,481,GER,Aleksandar Pavlovic,359370,M,5,22
Germany,481,GER,Assan Ouédraogo,364897,M,25,20
Germany,481,GER,Leroy Sané,202641,F,19,30
Germany,481,GER,Kai Havertz,231182,F,7,27
Germany,481,GER,Deniz Undav,273300,F,26,30
Germany,481,GER,Maximilian Beier,290639,F,14,23
Germany,481,GER,Jamie Leweling,290811,F,9,25
Germany,481,GER,Nick Woltemade,298349,F,11,24
Ghana,4469,GHA,Lawrence Ati Zigi,219562,G,1,29
Ghana,4469,GHA,Joseph Anang,280808,G,12,26
Ghana,4469,GHA,Benjamin Asare,378501,G,16,34
Ghana,4469,GHA,Baba Rahman,174508,D,17,32
Ghana,4469,GHA,Derrick Luckassen,205737,D,23,31
Ghana,4469,GHA,Abdul Mumin,241139,D,6,28
Ghana,4469,GHA,Jerome Opoku,261505,D,18,27
Ghana,4469,GHA,Gideon Mensah,264484,D,14,28
Ghana,4469,GHA,Alidu Seidu,305669,D,2,26
Ghana,4469,GHA,Marvin Senaya,309638,D,26,25
Ghana,4469,GHA,Jonas Adjetey,341627,D,4,22
Ghana,4469,GHA,Kojo Peprah Oppong,357205,D,21,22
Ghana,4469,GHA,Thomas Partey,189972,M,5,33
Ghana,4469,GHA,Elisha Owusu,266057,M,15,28
Ghana,4469,GHA,Kwasi Sibo,274697,M,8,28
Ghana,4469,GHA,Augustine Boakye,326183,F,20,25
Ghana,4469,GHA,Caleb Yirenkyi,387659,M,3,20
Ghana,4469,GHA,Jordan Ayew,123518,F,9,34
Ghana,4469,GHA,Iñaki Williams,214412,F,19,32
Ghana,4469,GHA,Brandon Thomas-Asante,240495,F,10,27
Ghana,4469,GHA,Antoine Semenyo,273292,F,11,26
Ghana,4469,GHA,Kamaldeen Sulemana,303115,F,22,24
Ghana,4469,GHA,Fatawu Issahaku,318680,F,7,22
Ghana,4469,GHA,Ernest Nuamah,333310,F,24,22
Ghana,4469,GHA,Christopher Bonsu Baah,360279,F,13,21
Ghana,4469,GHA,Prince Adu,387861,F,25,22
Haiti,2654,HAI,Johny Placide,89090,G,1,38
Haiti,2654,HAI,Josué Duverger,274131,G,23,26
Haiti,2654,HAI,Alexandre Pierre,310715,G,12,25
Haiti,2654,HAI,Ricardo Adé,188106,D,4,36
Haiti,2654,HAI,Carlens Arcus,218703,D,2,30
Haiti,2654,HAI,Markhus Lacroix,235401,D,13,32
Haiti,2654,HAI,Jean-Kévin Duverne,241032,D,22,29
Haiti,2654,HAI,Hannes Delcroix,252521,D,5,27
Haiti,2654,HAI,Martin Expérience,320212,D,8,27
Haiti,2654,HAI,Garven Metusala,320621,D,14,26
Haiti,2654,HAI,Wilguens Paugain,385479,D,24,24
Haiti,2654,HAI,Keeto Thermoncy,409965,D,3,20
Haiti,2654,HAI,Jean-Ricner Bellegarde,240369,M,10,28
Haiti,2654,HAI,Carl Sainté,297177,M,6,23
Haiti,2654,HAI,Danley Jean Jacques,333939,M,17,26
Haiti,2654,HAI,Dominique Simon,342631,M,25,25
Haiti,2654,HAI,Woodensky Pierre,359946,M,26,21
Haiti,2654,HAI,Duckens Nazon,210778,F,9,32
Haiti,2654,HAI,Derrick Etienne Jr.,231098,F,7,29
Haiti,2654,HAI,Frantz Pierrot,250241,F,20,27
Haiti,2654,HAI,Wilson Isidor,265915,F,18,25
Haiti,2654,HAI,Yassin Fortuné,275007,F,19,27
Haiti,2654,HAI,Louicius Deedson,291608,F,11,25
Haiti,2654,HAI,Lenny Joseph,301093,F,16,25
Haiti,2654,HAI,Josué Casimir,304212,F,21,24
Haiti,2654,HAI,Ruben Providence,307861,F,15,25
Iran,469,IRN,Hossein Hosseini,185648,G,22,34
Iran,469,IRN,Alireza Beiranvand,214798,G,1,33
Iran,469,IRN,Payam Niazmand,284219,G,12,31
Iran,469,IRN,Shoja Khalilzadeh,180674,D,4,37
Iran,469,IRN,Ehsan Hajsafi,203453,D,3,36
Iran,469,IRN,Ramin Rezaeian,218086,D,23,36
Iran,469,IRN,Milad Mohammadi,226302,D,5,32
Iran,469,IRN,Hossein Kanani,243943,D,13,32
Iran,469,IRN,Ali Nemati,302404,D,19,30
Iran,469,IRN,Saleh Hardani,317748,D,2,27
Iran,469,IRN,Arya Yousefi,339178,D,17,24
Iran,469,IRN,Danial Iri,401990,D,25,22
Iran,469,IRN,Alireza Jahanbakhsh,188055,M,7,32
Iran,469,IRN,Saeid Ezatolahi,194863,M,6,29
Iran,469,IRN,Mehdi Torabi,226301,M,16,31
Iran,469,IRN,Saman Ghoddos,235519,M,14,32
Iran,469,IRN,Roozbeh Cheshmi,253376,M,15,33
Iran,469,IRN,Mohammad Mohebbi,296999,M,8,27
Iran,469,IRN,Mohammad Ghorbani,355158,M,21,24
Iran,469,IRN,Amirmohammad Razzaghinia,372049,M,26,20
Iran,469,IRN,Mehdi Taremi,219611,F,9,34
Iran,469,IRN,Ali Alipour,219617,F,11,30
Iran,469,IRN,Mehdi Ghayedi,256581,F,10,27
Iran,469,IRN,Amirhossein Hosseinzadeh,266729,F,18,25
Iran,469,IRN,Dennis Dargahi,272489,F,24,29
Iran,469,IRN,Shahriyar Moghanloo,308077,F,20,31
Iraq,4375,IRQ,Fahad Talib,235231,G,1,31
Iraq,4375,IRQ,Jalal Hassan,257421,G,12,35
Iraq,4375,IRQ,Ahmed Basil,285998,G,22,29
Iraq,4375,IRQ,Frans Putros,218597,D,26,33
Iraq,4375,IRQ,Rebin Sulaka,244675,D,2,34
Iraq,4375,IRQ,Hussein Ali,244679,D,3,24
Iraq,4375,IRQ,Munaf Younus,331621,D,6,29
Iraq,4375,IRQ,Merchas Doski,345320,D,23,26
Iraq,4375,IRQ,Ahmed Maknazi,369408,D,15,24
Iraq,4375,IRQ,Mustafa Saadoon,371649,D,25,25
Iraq,4375,IRQ,Akam Hashim,378605,D,5,27
Iraq,4375,IRQ,Zaid Tahseen,378968,D,4,25
Iraq,4375,IRQ,Ibrahim Bayesh,266496,M,8,26
Iraq,4375,IRQ,Kevin Yakob,274173,M,19,25
Iraq,4375,IRQ,Aimar Sher,287723,M,20,23
Iraq,4375,IRQ,Amir Al-Ammari,311149,M,16,28
Iraq,4375,IRQ,Zidane Iqbal,325549,M,14,23
Iraq,4375,IRQ,Marko Farji,326032,M,21,22
Iraq,4375,IRQ,Zaid Ismael,384274,M,24,24
Iraq,4375,IRQ,Aymen Hussein,244677,F,18,30
Iraq,4375,IRQ,Mohanad Ali,269478,F,10,26
Iraq,4375,IRQ,Hashim Ali,274166,F,13,25
Iraq,4375,IRQ,Ali Jasim,307750,F,17,22
Iraq,4375,IRQ,Ahmed Qasim,313976,F,11,23
Iraq,4375,IRQ,Youssef Amyn,321221,F,7,22
Iraq,4375,IRQ,Ali Al-Hamadi,330579,F,9,24
Ivory Coast,4789,CIV,Alban Lafont,231282,G,23,27
Ivory Coast,4789,CIV,Yahia Fofana,261595,G,1,25
Ivory Coast,4789,CIV,Mohamed Koné,323997,G,16,24
Ivory Coast,4789,CIV,Evan Ndicka,242593,D,21,26
Ivory Coast,4789,CIV,Christopher Operi,249072,D,13,29
Ivory Coast,4789,CIV,Ghislain Konan,250888,D,3,30
Ivory Coast,4789,CIV,Odilon Kossounou,284822,D,7,25
Ivory Coast,4789,CIV,Wilfried Singo,286569,D,5,25
Ivory Coast,4789,CIV,Emmanuel Agbadou,308449,D,20,29
Ivory Coast,4789,CIV,Ousmane Diomande,343964,D,2,22
Ivory Coast,4789,CIV,Guela Doué,346636,D,17,23
Ivory Coast,4789,CIV,Seko Fofana,184118,M,6,31
Ivory Coast,4789,CIV,Jean Michaël Seri,193539,M,4,35
Ivory Coast,4789,CIV,Franck Kessié,194711,M,8,29
Ivory Coast,4789,CIV,Ibrahim Sangaré,213718,M,18,28
Ivory Coast,4789,CIV,Parfait Guiagon,257055,M,25,25
Ivory Coast,4789,CIV,Christ Inao Oulaï,386989,M,26,20
Ivory Coast,4789,CIV,Nicolas Pépé,210397,F,19,31
Ivory Coast,4789,CIV,Evann Guessand,288924,F,22,25
Ivory Coast,4789,CIV,Amad Diallo,291630,F,15,24
Ivory Coast,4789,CIV,Ange-Yoan Bonny,309185,F,9,22
Ivory Coast,4789,CIV,Elye Wahi,311118,F,12,23
Ivory Coast,4789,CIV,Simon Adingra,317404,F,10,24
Ivory Coast,4789,CIV,Oumar Diakité,329483,F,14,22
Ivory Coast,4789,CIV,Bazoumana Touré,359108,F,24,20
Ivory Coast,4789,CIV,Yan Diomande,402479,F,11,19
Japan,627,JPN,Keisuke Osako,255723,G,12,26
Japan,627,JPN,Zion Suzuki,265958,G,1,23
Japan,627,JPN,Tomoki Hayakawa,312924,G,23,27
Japan,627,JPN,Hiroki Ito,97111,D,21,27
Japan,627,JPN,Yuto Nagatomo,119082,D,5,39
Japan,627,JPN,Shogo Taniguchi,202728,D,3,35
Japan,627,JPN,Takehiro Tomiyasu,238004,D,22,27
Japan,627,JPN,Kou Itakura,238033,D,4,29
Japan,627,JPN,Ayumu Seko,258270,D,20,26
Japan,627,JPN,Yukinari Sugawara,265965,D,2,26
Japan,627,JPN,Tsuyoshi Watanabe,276279,D,16,29
Japan,627,JPN,Junnosuke Suzuki,333663,D,25,23
Japan,627,JPN,Wataru Endo,152479,M,6,33
Japan,627,JPN,Daichi Kamada,219362,M,15,29
Japan,627,JPN,Ritsu Doan,219627,M,10,28
Japan,627,JPN,Ao Tanaka,253173,M,7,27
Japan,627,JPN,Yuito Suzuki,303031,M,17,24
Japan,627,JPN,Kaishu Sano,357030,M,24,25
Japan,627,JPN,Junya Ito,219350,F,14,33
Japan,627,JPN,Koki Ogawa,238016,F,19,28
Japan,627,JPN,Takefusa Kubo,256587,F,8,25
Japan,627,JPN,Keito Nakamura,265953,F,13,25
Japan,627,JPN,Ayase Ueda,274277,F,18,27
Japan,627,JPN,Daizen Maeda,286347,F,11,28
Japan,627,JPN,Keisuke Goto,346208,F,9,21
Japan,627,JPN,Kento Shiogai,362959,F,26,21
Jordan,2917,JOR,Yazeed Abulaila,235212,G,1,33
Jordan,2917,JOR,Abdallah Al-Fakhouri,293352,G,22,26
Jordan,2917,JOR,Nour Bani Ateyah,321516,G,12,33
Jordan,2917,JOR,Ehsan Haddad,229021,D,23,32
Jordan,2917,JOR,Yazan Al-Arab,274269,D,5,30
Jordan,2917,JOR,Mohammad Abualnadi,286761,D,16,25
Jordan,2917,JOR,Saleem Obaid,289005,D,17,34
Jordan,2917,JOR,Abdallah Nasib,317819,D,3,32
Jordan,2917,JOR,Mohannad Abu Taha,317847,D,20,23
Jordan,2917,JOR,Mohammad Abu Hasheesh,321484,D,2,31
Jordan,2917,JOR,Husam Abu Dahab,321503,D,4,26
Jordan,2917,JOR,Saed Al-Rosan,374200,D,19,29
Jordan,2917,JOR,Mohammad Abughoush,418839,D,18,21
Jordan,2917,JOR,Anas Badawi,422263,D,26,28
Jordan,2917,JOR,Rajaei Ayed,244036,M,14,33
Jordan,2917,JOR,Noor Al-Rawabdeh,295462,M,8,29
Jordan,2917,JOR,Ibrahim Sadeh,320910,M,15,26
Jordan,2917,JOR,Mohammad Al-Daoud,321486,M,25,34
Jordan,2917,JOR,Nizar Al-Rashdan,321515,M,21,27
Jordan,2917,JOR,Amer Jamous,369409,M,6,24
Jordan,2917,JOR,Mahmoud Al-Mardi,229023,F,13,32
Jordan,2917,JOR,Mousa Al-Tamari,257489,F,10,29
Jordan,2917,JOR,Mohammed Abu Zraiq,289004,F,7,28
Jordan,2917,JOR,Ali Olwan,320908,F,9,26
Jordan,2917,JOR,Odeh Fakhoury,392204,F,11,20
Jordan,2917,JOR,Ali Azaizeh,400062,F,24,22
Mexico,203,MEX,Guillermo Ochoa,137038,G,13,41
Mexico,203,MEX,Carlos Acevedo,236368,G,12,30
Mexico,203,MEX,Raúl Rangel,290899,G,1,26
Mexico,203,MEX,Jesús Gallardo,132098,D,23,31
Mexico,203,MEX,Jorge Sánchez,178746,D,2,28
Mexico,203,MEX,César Montes,224323,D,3,29
Mexico,203,MEX,Johan Vásquez,259975,D,5,27
Mexico,203,MEX,Israel Reyes,290414,D,15,26
Mexico,203,MEX,Mateo Chávez,379193,D,20,22
Mexico,203,MEX,Luis Chávez,104497,M,24,30
Mexico,203,MEX,Orbelín Pineda,207011,M,17,30
Mexico,203,MEX,Edson Álvarez,241627,M,4,28
Mexico,203,MEX,Luis Romo,242614,M,7,31
Mexico,203,MEX,César Huerta,265969,M,21,25
Mexico,203,MEX,Érik Lira,276942,M,6,26
Mexico,203,MEX,Álvaro Fidalgo,283827,M,8,29
Mexico,203,MEX,Brian Gutiérrez,303577,D,26,19
Mexico,203,MEX,Obed Vargas,318554,M,18,20
Mexico,203,MEX,Gilberto Mora,389575,M,19,17
Mexico,203,MEX,Raúl Jiménez,167060,F,9,35
Mexico,203,MEX,Guillermo Martínez,193566,F,22,31
Mexico,203,MEX,Roberto Alvarado,194308,F,25,27
Mexico,203,MEX,Alexis Vega,229487,F,10,28
Mexico,203,MEX,Julián Quiñones,233075,F,16,29
Mexico,203,MEX,Santiago Gimenez,260775,F,11,25
Mexico,203,MEX,Armando González,376110,F,14,23
Morocco,2869,MAR,Yassine Bounou,175149,G,1,35
Morocco,2869,MAR,Ahmed Reda Tagnaouti,195240,G,22,30
Morocco,2869,MAR,Munir El Kajoui,206232,G,12,37
Morocco,2869,MAR,Issa Diop,230963,D,14,29
Morocco,2869,MAR,Noussair Mazraoui,239350,D,3,28
Morocco,2869,MAR,Achraf Hakimi,240233,D,2,27
Morocco,2869,MAR,Nayef Aguerd,245243,D,5,30
Morocco,2869,MAR,Anass Salah-Eddine,297296,D,26,24
Morocco,2869,MAR,Chadi Riad,307870,D,18,23
Morocco,2869,MAR,Zakaria El Ouahdi,325024,D,13,24
Morocco,2869,MAR,Redouane Halhal,328300,D,25,23
Morocco,2869,MAR,Youssef Belammari,393692,D,19,27
Morocco,2869,MAR,Sofyan Amrabat,195226,M,4,29
Morocco,2869,MAR,Brahim Díaz,246532,M,10,26
Morocco,2869,MAR,Azzedine Ounahi,291552,M,8,26
Morocco,2869,MAR,Ismael Saibari,304572,M,11,25
Morocco,2869,MAR,Neil El Aynaoui,323807,M,24,25
Morocco,2869,MAR,Bilal El Khannouss,336595,M,23,22
Morocco,2869,MAR,Ayyoub Bouaddi,373927,M,6,18
Morocco,2869,MAR,Samir El Mourabet,378491,M,15,20
Morocco,2869,MAR,Ayoub El Kaabi,269562,F,20,33
Morocco,2869,MAR,Soufiane Rahimi,276139,F,9,30
Morocco,2869,MAR,Abde Ezzalzouli,300912,F,17,24
Morocco,2869,MAR,Chemsdine Talbi,360062,F,7,21
Morocco,2869,MAR,Gessime Yassine,379012,F,16,20
Morocco,2869,MAR,Ayoube Amaimouni,416636,F,21,21
Netherlands,449,NED,Mark Flekken,177821,G,23,33
Netherlands,449,NED,Bart Verbruggen,291609,G,1,23
Netherlands,449,NED,Robin Roefs,301449,G,13,23
Netherlands,449,NED,Virgil van Dijk,157892,D,4,35
Netherlands,449,NED,Nathan Aké,159248,D,5,31
Netherlands,449,NED,Denzel Dumfries,213248,D,22,30
Netherlands,449,NED,Lutsharel Geertruida,264828,D,2,26
Netherlands,449,NED,Jan Paul van Hecke,282583,D,6,26
Netherlands,449,NED,Micky van de Ven,296512,D,15,25
Netherlands,449,NED,Jorrel Hato,353951,D,25,20
Netherlands,449,NED,Marten de Roon,146335,M,3,35
Netherlands,449,NED,Frenkie de Jong,219022,M,21,29
Netherlands,449,NED,Guus Til,240965,M,16,28
Netherlands,449,NED,Teun Koopmeiners,258968,M,20,28
Netherlands,449,NED,Tijjani Reijnders,261328,M,14,27
Netherlands,449,NED,Ryan Gravenberch,274632,M,8,24
Netherlands,449,NED,Mats Wieffer,282186,M,12,26
Netherlands,449,NED,Quinten Timber,282230,M,26,25
Netherlands,449,NED,Memphis Depay,159255,F,10,32
Netherlands,449,NED,Wout Weghorst,177042,F,9,33
Netherlands,449,NED,Justin Kluivert,245916,F,7,27
Netherlands,449,NED,Cody Gakpo,249524,F,11,27
Netherlands,449,NED,Noa Lang,255344,F,17,27
Netherlands,449,NED,Donyell Malen,259481,F,18,27
Netherlands,449,NED,Brian Brobbey,282229,F,19,24
Netherlands,449,NED,Crysencio Summerville,284792,F,24,24
New Zealand,2666,NZL,Max Crocombe,168747,G,1,32
New Zealand,2666,NZL,Michael Woud,228288,G,22,27
New Zealand,2666,NZL,Alex Paulsen,297800,G,12,24
New Zealand,2666,NZL,Michael Boxall,101934,D,5,37
New Zealand,2666,NZL,Tommy Smith,103819,D,26,36
New Zealand,2666,NZL,Tim Payne,159470,D,2,32
New Zealand,2666,NZL,Francis de Vries,254441,D,3,31
New Zealand,2666,NZL,Liberato Cacace,266554,D,13,25
New Zealand,2666,NZL,Callan Elliot,282239,D,24,27
New Zealand,2666,NZL,Nando Pijnaker,288469,D,15,27
New Zealand,2666,NZL,Finn Surman,332367,D,16,22
New Zealand,2666,NZL,Tyler Bindon,367427,D,4,21
New Zealand,2666,NZL,Ryan Thomas,156146,M,23,31
New Zealand,2666,NZL,Alex Rufer,194736,M,14,30
New Zealand,2666,NZL,Callum McCowatt,228279,M,20,27
New Zealand,2666,NZL,Sarpreet Singh,228283,M,10,27
New Zealand,2666,NZL,Joe Bell,228294,M,6,27
New Zealand,2666,NZL,Marko Stamenic,297798,M,8,24
New Zealand,2666,NZL,Matthew Garbett,297803,M,7,24
New Zealand,2666,NZL,Lachlan Bayliss,351369,M,25,24
New Zealand,2666,NZL,Chris Wood,134190,F,9,34
New Zealand,2666,NZL,Kosta Barbarouses,175958,F,17,36
New Zealand,2666,NZL,Elijah Just,266555,F,11,26
New Zealand,2666,NZL,Ben Waine,277113,F,18,25
New Zealand,2666,NZL,Jesse Randall,297794,F,21,23
New Zealand,2666,NZL,Ben Old,297802,F,19,23
Norway,464,NOR,Ørjan Nyland,193610,G,1,35
Norway,464,NOR,Egil Selvik,286433,G,13,28
Norway,464,NOR,Sander Tangvik,304258,G,12,23
Norway,464,NOR,Marcus Holmgren Pedersen,129285,D,16,26
Norway,464,NOR,Kristoffer Ajer,206173,D,3,28
Norway,464,NOR,Julian Ryerson,222991,D,26,28
Norway,464,NOR,Fredrik André Bjørkan,238088,D,15,27
Norway,464,NOR,Torbjørn Heggem,272867,D,17,27
Norway,464,NOR,Leo Østigard,281736,D,4,26
Norway,464,NOR,Henrik Falchener,303281,D,25,23
Norway,464,NOR,David Møller Wolfe,313361,D,5,24
Norway,464,NOR,Sondre Langas,366455,D,24,25
Norway,464,NOR,Morten Thorsby,202686,M,2,30
Norway,464,NOR,Martin Ødegaard,203669,M,10,27
Norway,464,NOR,Patrick Berg,205924,M,6,28
Norway,464,NOR,Fredrik Aursnes,212900,M,14,30
Norway,464,NOR,Sander Berge,218998,M,8,28
Norway,464,NOR,Jens Petter Hauge,235789,M,23,26
Norway,464,NOR,Kristian Thorstvedt,284212,M,18,27
Norway,464,NOR,Oscar Bobb,307111,M,22,23
Norway,464,NOR,Thelo Aasgaard,307477,M,19,24
Norway,464,NOR,Antonio Nusa,319368,M,20,21
Norway,464,NOR,Alexander Sørloth,188230,F,7,30
Norway,464,NOR,Jørgen Strand Larsen,252747,F,11,26
Norway,464,NOR,Erling Haaland,253989,F,9,26
Norway,464,NOR,Andreas Schjelderup,313415,F,21,22
Panama,2659,PAN,Luis Mejía,124521,G,1,35
Panama,2659,PAN,Orlando Mosquera,191806,G,22,31
Panama,2659,PAN,César Samudio,328403,G,12,32
Panama,2659,PAN,Roderick Miller,137355,D,25,34
Panama,2659,PAN,Éric Davis,138183,D,15,35
Panama,2659,PAN,Andrés Andrade,189775,D,16,27
Panama,2659,PAN,Fidel Escobar,216418,D,4,31
Panama,2659,PAN,Amir Murillo,216420,D,23,30
Panama,2659,PAN,César Blackman,260346,D,2,28
Panama,2659,PAN,Jorge Gutiérrez,271294,D,26,27
Panama,2659,PAN,José Córdoba,286667,F,3,27
Panama,2659,PAN,Jiovany Ramos,291014,D,13,29
Panama,2659,PAN,Edgardo Fariña,328402,D,5,24
Panama,2659,PAN,Aníbal Godoy,116825,M,20,36
Panama,2659,PAN,Cristian Martínez,176145,M,6,29
Panama,2659,PAN,Édgar Yoel Bárcenas,201919,M,11,32
Panama,2659,PAN,Adalberto Carrasquilla,219508,M,8,27
Panama,2659,PAN,José Luis Rodríguez,238763,M,7,28
Panama,2659,PAN,Carlos Harvey,285452,M,14,26
Panama,2659,PAN,Alberto Quintero,102167,F,19,38
Panama,2659,PAN,Cecilio Waterman,155913,F,18,35
Panama,2659,PAN,Ismael Díaz,195326,F,10,29
Panama,2659,PAN,José Fajardo,267996,F,17,32
Panama,2659,PAN,Tomás Rodríguez,288563,M,9,24
Panama,2659,PAN,César Yanis,303538,F,21,30
Panama,2659,PAN,Azarias Londoño,340539,F,24,25
Paraguay,210,PAR,Gatito Fernández,164262,G,1,38
Paraguay,210,PAR,Gastón Olveira,190375,G,22,33
Paraguay,210,PAR,Orlando Gill,301648,G,12,26
Paraguay,210,PAR,Juan Cáceres,84295,D,4,
Paraguay,210,PAR,Gustavo Gómez,118395,D,15,33
Paraguay,210,PAR,Gustavo Velázquez,119413,D,2,35
Paraguay,210,PAR,Júnior Alonso,181657,D,6,33
Paraguay,210,PAR,Fabián Balbuena,199101,D,5,34
Paraguay,210,PAR,Omar Alderete,215401,D,3,29
Paraguay,210,PAR,José Canale,227682,D,13,30
Paraguay,210,PAR,Alexandro Maidana,399687,D,26,21
Paraguay,210,PAR,Julio Enciso,20975,M,19,22
Paraguay,210,PAR,Alejandro Romero Gamarra,188160,M,17,31
Paraguay,210,PAR,Diego Gómez,192278,M,8,23
Paraguay,210,PAR,Andrés Cubas,202501,M,14,30
Paraguay,210,PAR,Braian Ojeda,265977,M,20,26
Paraguay,210,PAR,Maurício,289046,M,11,25
Paraguay,210,PAR,Matías Galarza,297328,M,23,24
Paraguay,210,PAR,Damián Bobadilla,301516,M,16,25
Paraguay,210,PAR,Miguel Almirón,48128,F,10,32
Paraguay,210,PAR,Gustavo Caballero,154853,F,24,24
Paraguay,210,PAR,Antonio Sanabria,192162,F,9,30
Paraguay,210,PAR,Gabriel Ávalos,208421,F,21,35
Paraguay,210,PAR,Alex Arce,257754,F,18,31
Paraguay,210,PAR,Isidro Pitta,287035,F,25,26
Paraguay,210,PAR,Ramón Sosa,301653,F,7,26
Portugal,482,POR,Rui Silva,177898,G,22,32
Portugal,482,POR,José Sá,181278,G,12,33
Portugal,482,POR,Diogo Costa,238903,G,1,26
Portugal,482,POR,João Cancelo,176399,D,20,32
Portugal,482,POR,Nélson Semedo,222670,D,2,32
Portugal,482,POR,Rúben Dias,234878,D,3,29
Portugal,482,POR,Diogo Dalot,238902,D,5,27
Portugal,482,POR,Nuno Mendes,290591,D,25,24
Portugal,482,POR,Gonçalo Inácio,304106,D,14,24
Portugal,482,POR,Tomás Araújo,329691,D,4,24
Portugal,482,POR,Renato Veiga,337011,D,13,22
Portugal,482,POR,Bruno Fernandes,124091,M,8,31
Portugal,482,POR,Samú Costa,183466,M,24,25
Portugal,482,POR,Bernardo Silva,199833,M,10,31
Portugal,482,POR,Rúben Neves,208128,M,21,29
Portugal,482,POR,Vitinha,288897,M,23,26
Portugal,482,POR,Matheus Nunes,303785,M,6,27
Portugal,482,POR,João Neves,355061,M,15,21
Portugal,482,POR,Cristiano Ronaldo,22774,F,7,41
Portugal,482,POR,Gonçalo Guedes,213141,F,19,29
Portugal,482,POR,Pedro Neto,256115,F,18,26
Portugal,482,POR,Rafael Leão,258917,F,17,27
Portugal,482,POR,Francisco Trincão,274159,F,16,26
Portugal,482,POR,João Félix,276350,F,11,26
Portugal,482,POR,Gonçalo Ramos,288896,F,9,25
Portugal,482,POR,Francisco Conceição,312659,F,26,23
Qatar,4398,QAT,Meshaal Barsham,270844,G,22,28
Qatar,4398,QAT,Salah Zakaria,288537,G,21,27
Qatar,4398,QAT,Mahmoud Abunada,310372,G,1,26
Qatar,4398,QAT,Pedro Miguel,101982,D,2,35
Qatar,4398,QAT,Lucas Mendes,125617,D,3,36
Qatar,4398,QAT,Boualem Khoukhi,205377,D,16,36
Qatar,4398,QAT,Sultan Al-Brake,219248,D,18,30
Qatar,4398,QAT,Homam Ahmed,272874,D,14,26
Qatar,4398,QAT,Jassem Gaber,310373,D,5,24
Qatar,4398,QAT,Ayoub Al-Oui,346649,D,13,21
Qatar,4398,QAT,Al-Hashmi Al-Hussain,384827,D,25,22
Qatar,4398,QAT,Issa Laye,415148,D,4,28
Qatar,4398,QAT,Abdulaziz Hatem,143613,M,6,35
Qatar,4398,QAT,Karim Boudiaf,172245,M,12,35
Qatar,4398,QAT,Assim Madibo,219254,M,23,29
Qatar,4398,QAT,Ahmed Fathy,268018,M,20,33
Qatar,4398,QAT,Mohamed Manai,309315,M,26,23
Qatar,4398,QAT,Edmílson Junior ,109204,F,8,31
Qatar,4398,QAT,Mohammed Muntari,185984,F,9,32
Qatar,4398,QAT,Almoez Ali,219252,F,19,29
Qatar,4398,QAT,Akram Afif,219258,F,11,29
Qatar,4398,QAT,Hassan Al-Haydos,236586,F,10,35
Qatar,4398,QAT,Ahmed Alaaeldin,263311,F,7,33
Qatar,4398,QAT,Yusuf Abdurisag,274164,F,15,26
Qatar,4398,QAT,Ahmed Al-Ganehi,336120,F,17,25
Qatar,4398,QAT,Tahsin Jamshid,371967,F,24,20
Saudi Arabia,655,KSA,Ahmed Al-Kassar,171878,G,22,35
Saudi Arabia,655,KSA,Mohammed Al-Owais,247018,G,21,34
Saudi Arabia,655,KSA,Nawaf Al-Aqidi,302332,G,1,26
Saudi Arabia,655,KSA,Hassan Kadish,185636,D,14,33
Saudi Arabia,655,KSA,Hassan Al-Tambakti,256666,D,5,27
Saudi Arabia,655,KSA,Abdulelah Al-Amri,256667,D,4,29
Saudi Arabia,655,KSA,Saud Abdulhamid,286011,D,12,27
Saudi Arabia,655,KSA,Ali Lajami,296972,D,3,30
Saudi Arabia,655,KSA,Moteb Al-Harbi,330543,D,24,26
Saudi Arabia,655,KSA,Nawaf Boushal,331918,D,13,26
Saudi Arabia,655,KSA,Ali Majrashi,331920,D,2,26
Saudi Arabia,655,KSA,Jehad Thakri,371796,D,25,25
Saudi Arabia,655,KSA,Salem Al-Dawsari,163850,M,10,34
Saudi Arabia,655,KSA,Mohamed Kanno,262468,M,23,31
Saudi Arabia,655,KSA,Nasser Al-Dawsari,270417,M,6,27
Saudi Arabia,655,KSA,Abdullah Al-Khaibari,271461,M,15,29
Saudi Arabia,655,KSA,Aiman Yahya,296602,M,8,25
Saudi Arabia,655,KSA,Ziyad Al-Johani,306692,M,16,24
Saudi Arabia,655,KSA,Musab Al-Juwayr,315523,M,7,23
Saudi Arabia,655,KSA,Ala Al-Hajji,357660,M,18,30
Saudi Arabia,655,KSA,Mohammed Abu Al-Shamat,361692,M,26,23
Saudi Arabia,655,KSA,Saleh Al-Shehri,177897,F,11,32
Saudi Arabia,655,KSA,Feras Al-Brikan,283331,F,9,26
Saudi Arabia,655,KSA,Sultan Mandash,287054,F,20,31
Saudi Arabia,655,KSA,Khalid Al-Ghannam,288570,F,17,25
Saudi Arabia,655,KSA,Abdullah Al-Hamdan,294239,F,19,26
Scotland,580,SCO,Liam Kelly,16264,G,12,30
Scotland,580,SCO,Craig Gordon,17617,G,21,43
Scotland,580,SCO,Angus Gunn,181299,G,1,30
Scotland,580,SCO,Andy Robertson,104943,D,3,32
Scotland,580,SCO,Grant Hanley,146577,D,5,34
Scotland,580,SCO,John Souttar,181394,D,15,29
Scotland,580,SCO,Scott McKenna,191450,D,26,29
Scotland,580,SCO,Jack Hendry,207454,D,13,31
Scotland,580,SCO,Kieran Tierney,214794,D,6,29
Scotland,580,SCO,Anthony Ralston,224305,D,24,27
Scotland,580,SCO,Dominic Hyam,231572,D,16,30
Scotland,580,SCO,Nathan Patterson,271191,D,22,24
Scotland,580,SCO,Aaron Hickey,283940,D,2,24
Scotland,580,SCO,Ryan Christie,93435,M,11,31
Scotland,580,SCO,Kenny McLean,141870,M,23,34
Scotland,580,SCO,John McGinn,162843,M,7,31
Scotland,580,SCO,Lewis Ferguson,202429,M,19,26
Scotland,580,SCO,Scott McTominay,255850,M,4,29
Scotland,580,SCO,Tyler Fletcher,393138,M,8,19
Scotland,580,SCO,Lawrence Shankland,173306,F,20,30
Scotland,580,SCO,Lyndon Dykes,207538,F,9,30
Scotland,580,SCO,Ché Adams,213725,F,10,30
Scotland,580,SCO,George Hirst,241325,F,18,27
Scotland,580,SCO,Ross Stewart,251936,F,14,30
Scotland,580,SCO,Ben Gannon-Doak,332948,F,17,20
Scotland,580,SCO,Findlay Curtis,368045,F,25,19
Senegal,654,SEN,Mory Diaw,197631,G,23,33
Senegal,654,SEN,Édouard Mendy,238362,G,16,34
Senegal,654,SEN,Yehvann Diouf,241029,G,1,26
Senegal,654,SEN,Kalidou Koulibaly,150312,D,3,35
Senegal,654,SEN,Moussa Niakhaté,213181,D,19,30
Senegal,654,SEN,Abdoulaye Seck,251614,D,4,34
Senegal,654,SEN,Ismail Jakobs,268796,D,14,26
Senegal,654,SEN,Antoine Mendy,319161,D,24,22
Senegal,654,SEN,Mamadou Sarr,355433,D,2,20
Senegal,654,SEN,El Hadji Malick Diouf,359796,D,25,21
Senegal,654,SEN,Lamine Camara,38721,M,8,22
Senegal,654,SEN,Idrissa Gueye,144517,M,5,36
Senegal,654,SEN,Krépin Diatta,253992,M,15,27
Senegal,654,SEN,Pape Gueye,255889,M,26,27
Senegal,654,SEN,Pathé Ciss,294228,M,6,32
Senegal,654,SEN,Pape Matar Sarr,297337,M,17,23
Senegal,654,SEN,Habib Diarra,324991,M,21,22
Senegal,654,SEN,Bara Sapoko Ndiaye,409016,M,22,18
Senegal,654,SEN,Sadio Mané,169797,F,10,34
Senegal,654,SEN,Ismaïla Sarr,241012,F,18,28
Senegal,654,SEN,Cherif Ndiaye,251924,F,12,30
Senegal,654,SEN,Iliman Ndiaye,268641,F,13,26
Senegal,654,SEN,Nicolas Jackson,308524,F,11,25
Senegal,654,SEN,Bamba Dieng,313889,F,9,26
Senegal,654,SEN,Assane Diao,364742,F,7,20
Senegal,654,SEN,Ibrahim Mbaye,388522,F,20,18
South Africa,467,RSA,Ricardo Goss,186121,G,22,32
South Africa,467,RSA,Ronwen Williams,196230,G,1,34
South Africa,467,RSA,Sipho Chaine,265713,G,16,29
South Africa,467,RSA,Aubrey Modiba,223818,D,6,31
South Africa,467,RSA,Nkosinathi Sibisi,266125,D,19,30
South Africa,467,RSA,Khuliso Mudau,276767,D,20,31
South Africa,467,RSA,Bradley Cross,310593,D,26,25
South Africa,467,RSA,Olwethu Makhanya,351372,D,24,22
South Africa,467,RSA,Ime Okon,358744,D,21,22
South Africa,467,RSA,Thabang Matuludi,365623,D,2,27
South Africa,467,RSA,Samukele Kabini,366883,D,18,22
South Africa,467,RSA,Khulumani Ndamane,390448,D,3,22
South Africa,467,RSA,Mbekezeli Mbokazi,400594,D,14,20
South Africa,467,RSA,Themba Zwane,157046,M,11,36
South Africa,467,RSA,Sphephelo Sithole,228595,M,13,27
South Africa,467,RSA,Teboho Mokoena,256691,M,4,29
South Africa,467,RSA,Thalente Mbatha,301321,M,5,26
South Africa,467,RSA,Jayden Adams,304736,M,23,25
South Africa,467,RSA,Kamogelo Sebelebele,337134,M,25,24
South Africa,467,RSA,Lyle Foster,264751,F,9,25
South Africa,467,RSA,Oswin Appollis,288771,F,7,24
South Africa,467,RSA,Iqraam Rayners,291141,F,15,30
South Africa,467,RSA,Evidence Makgopa,303312,F,17,26
South Africa,467,RSA,Tshepang Moremi,313399,F,8,25
South Africa,467,RSA,Thapelo Maseko,335450,F,12,22
South Africa,467,RSA,Relebohile Mofokeng,361211,F,10,21
South Korea,451,KOR,Kim Seung-Gyu,175921,G,1,35
South Korea,451,KOR,Jo Hyeon-Woo,230244,G,21,34
South Korea,451,KOR,Song Bum-Keun,256724,G,12,28
South Korea,451,KOR,Kim Min-Jae,157688,D,4,29
South Korea,451,KOR,Kim Moon-Hwan,280060,D,15,30
South Korea,451,KOR,Kim Tae-Hyeon,286268,D,5,25
South Korea,451,KOR,Lee Tae-Seok,297270,D,13,23
South Korea,451,KOR,Lee Han-Beom,297788,D,2,24
South Korea,451,KOR,Seol Young-Woo,302793,D,22,27
South Korea,451,KOR,Lee Gi-Hyuk,345769,D,3,26
South Korea,451,KOR,Cho Wi-Je,3098209,D,14,24
South Korea,451,KOR,Kim Jin-Gyu,90721,M,24,29
South Korea,451,KOR,Lee Jae-Sung,134103,M,10,33
South Korea,451,KOR,Paik Seung-Ho,256598,M,8,29
South Korea,451,KOR,Lee Dong-Gyeong,271702,M,26,28
South Korea,451,KOR,Lee Kang-In,274197,M,19,25
South Korea,451,KOR,Hwang In-Beom,280061,M,6,29
South Korea,451,KOR,Jens Castrop,304793,M,23,22
South Korea,451,KOR,Park Jin-Seop,336178,M,16,30
South Korea,451,KOR,Bae Jun-Ho,362208,M,17,22
South Korea,451,KOR,Son Heung-Min,149945,F,7,34
South Korea,451,KOR,Hwang Hee-Chan,237224,F,11,30
South Korea,451,KOR,Eom Ji-Sung,297791,F,25,24
South Korea,451,KOR,Oh Hyeon-Gyu,302434,F,18,25
South Korea,451,KOR,Cho Gue-Sung,303464,F,9,28
South Korea,451,KOR,Yang Hyun-Jun,350711,F,20,24
Spain,164,ESP,David Raya,196176,G,1,30
Spain,164,ESP,Unai Simón,222375,G,23,29
Spain,164,ESP,Joan García,297362,G,13,25
Spain,164,ESP,Eric García,128714,D,4,25
Spain,164,ESP,Aymeric Laporte,159317,D,14,32
Spain,164,ESP,Alejandro Grimaldo,166396,D,3,30
Spain,164,ESP,Marc Cucurella,259910,D,24,28
Spain,164,ESP,Pedro Porro,268533,D,12,26
Spain,164,ESP,Marc Pubill,332613,D,2,23
Spain,164,ESP,Pau Cubarsí,368992,D,22,19
Spain,164,ESP,Marcos Llorente,206474,M,5,31
Spain,164,ESP,Mikel Merino,209581,M,6,30
Spain,164,ESP,Fabián Ruiz,214596,M,8,30
Spain,164,ESP,Dani Olmo,227765,M,10,28
Spain,164,ESP,Rodri,231828,M,16,30
Spain,164,ESP,Pedri,250465,M,20,23
Spain,164,ESP,Martín Zubimendi,287266,M,18,27
Spain,164,ESP,Yéremy Pino,297370,M,11,23
Spain,164,ESP,Álex Baena,297373,M,15,25
Spain,164,ESP,Gavi,323702,M,9,21
Spain,164,ESP,Borja Iglesias,214995,F,26,33
Spain,164,ESP,Mikel Oyarzabal,229018,F,21,29
Spain,164,ESP,Ferran Torres,265869,F,7,26
Spain,164,ESP,Nico Williams,312146,F,17,24
Spain,164,ESP,Lamine Yamal,362150,F,19,19
Spain,164,ESP,Víctor Muñoz,397545,F,25,23
Sweden,466,SWE,Kristoffer Nordfeldt,133993,G,23,37
Sweden,466,SWE,Viktor Johansson,258902,G,12,27
Sweden,466,SWE,Jacob Widell Zetterström,286810,G,1,28
Sweden,466,SWE,Carl Starfelt,195790,D,15,31
Sweden,466,SWE,Eric Smith,204115,M,20,29
Sweden,466,SWE,Victor Lindelöf,204679,D,3,32
Sweden,466,SWE,Gabriel Gudmundsson,250166,D,5,27
Sweden,466,SWE,Hjalmar Ekdal,290413,D,14,27
Sweden,466,SWE,Daniel Svensson,310709,D,8,24
Sweden,466,SWE,Isak Hien,312862,D,4,27
Sweden,466,SWE,Gustaf Lagerbielke,324930,D,2,26
Sweden,466,SWE,Ken Sema,186004,M,13,32
Sweden,466,SWE,Mattias Svanberg,220120,M,19,27
Sweden,466,SWE,Jesper Karlström,237055,M,16,31
Sweden,466,SWE,Yasin Ayari,304242,M,18,22
Sweden,466,SWE,Herman Johansson,312876,M,6,28
Sweden,466,SWE,Taha Ali,314164,M,26,28
Sweden,466,SWE,Besfort Zeneli,334024,M,22,23
Sweden,466,SWE,Lucas Bergvall,356379,M,7,20
Sweden,466,SWE,Elliot Stroud,357145,M,24,24
Sweden,466,SWE,Alexander Isak,235662,F,9,26
Sweden,466,SWE,Gustaf Nilsson,238183,F,25,29
Sweden,466,SWE,Viktor Gyökeres,258906,F,17,28
Sweden,466,SWE,Benjamin Nygren,274522,F,10,25
Sweden,466,SWE,Anthony Elanga,296622,F,11,24
Sweden,466,SWE,Alexander Bernhardsson,301370,F,21,27
Switzerland,475,SUI,Yvon Mvogo,199381,G,12,32
Switzerland,475,SUI,Gregor Kobel,238544,G,1,28
Switzerland,475,SUI,Marvin Keller,341948,G,21,24
Switzerland,475,SUI,Ricardo Rodríguez,136865,D,13,33
Switzerland,475,SUI,Silvan Widmer,175905,D,3,33
Switzerland,475,SUI,Nico Elvedi,212237,D,4,29
Switzerland,475,SUI,Manuel Akanji,214562,D,5,31
Switzerland,475,SUI,Eray Cömert,231697,D,18,28
Switzerland,475,SUI,Miro Muheim,243626,D,2,28
Switzerland,475,SUI,Aurèle Amenda,319404,D,24,22
Switzerland,475,SUI,Luca Jaquez,332574,D,25,23
Switzerland,475,SUI,Granit Xhaka,149981,M,10,33
Switzerland,475,SUI,Remo Freuler,152600,M,8,34
Switzerland,475,SUI,Djibril Sow,222446,M,15,29
Switzerland,475,SUI,Denis Zakaria,222628,M,6,29
Switzerland,475,SUI,Christian Fassnacht,238502,M,16,32
Switzerland,475,SUI,Michel Aebischer,245623,M,20,29
Switzerland,475,SUI,Rubén Vargas,259513,M,17,27
Switzerland,475,SUI,Ardon Jashari,303973,M,14,23
Switzerland,475,SUI,Fabian Rieder,308908,M,22,24
Switzerland,475,SUI,Johan Manzambi,386992,M,9,20
Switzerland,475,SUI,Breel Embolo,202099,F,7,29
Switzerland,475,SUI,Cedric Itten,234153,F,26,29
Switzerland,475,SUI,Noah Okafor,270641,F,19,26
Switzerland,475,SUI,Dan Ndoye,275842,F,11,25
Switzerland,475,SUI,Zeki Amdouni,320757,F,23,25
Tunisia,659,TUN,Sabri Ben Hessen,195253,G,22,30
Tunisia,659,TUN,Aymen Dahmen,265272,G,16,29
Tunisia,659,TUN,Mouhib Chamakh,420888,G,1,24
Tunisia,659,TUN,Dylan Bronn,240371,D,6,31
Tunisia,659,TUN,Yan Valery,240588,D,20,27
Tunisia,659,TUN,Montassar Talbi,265099,D,3,28
Tunisia,659,TUN,Ali Abdi,265234,D,2,32
Tunisia,659,TUN,Mohamed Amine Ben Hamida,296982,D,21,30
Tunisia,659,TUN,Omar Rekik,303848,D,4,24
Tunisia,659,TUN,Moutaz Neffati,345975,D,23,21
Tunisia,659,TUN,Adem Arous,410358,D,5,22
Tunisia,659,TUN,Raed Chikhaoui,420890,D,24,22
Tunisia,659,TUN,Rani Khedira,159152,M,13,32
Tunisia,659,TUN,Ellyes Skhiri,209595,M,17,31
Tunisia,659,TUN,Mortadha Ben Ouanes,273170,M,12,32
Tunisia,659,TUN,Mohamed Hadj Mahmoud,299861,M,15,26
Tunisia,659,TUN,Hannibal Mejbri,300007,M,10,23
Tunisia,659,TUN,Anis Slimane,302944,M,25,25
Tunisia,659,TUN,Elias Achouri,324510,M,7,27
Tunisia,659,TUN,Firas Chaouat,265207,F,19,30
Tunisia,659,TUN,Sebastian Tounekti,303702,F,26,24
Tunisia,659,TUN,Ismaël Gharbi,317473,F,11,22
Tunisia,659,TUN,Elias Saad,323950,F,8,26
Tunisia,659,TUN,Hazem Mastouri,396085,F,9,29
Tunisia,659,TUN,Khalil Ayari,404769,F,14,21
Tunisia,659,TUN,Rayan Elloumi,405591,F,18,18
Türkiye,465,TUR,Mert Günok,124880,G,1,37
Türkiye,465,TUR,Ugurcan Çakir,222922,G,23,30
Türkiye,465,TUR,Altay Bayindir,274272,G,12,28
Türkiye,465,TUR,Kaan Ayhan,159146,D,22,31
Türkiye,465,TUR,Abdülkerim Bardakçi,193149,D,14,31
Türkiye,465,TUR,Çaglar Söyüncü,230757,D,4,30
Türkiye,465,TUR,Ferdi Kadioglu,238318,D,20,26
Türkiye,465,TUR,Mert Müldür,266002,D,18,27
Türkiye,465,TUR,Ozan Kabak,266565,D,15,26
Türkiye,465,TUR,Merih Demiral,267178,D,3,28
Türkiye,465,TUR,Zeki Çelik,271873,D,2,29
Türkiye,465,TUR,Eren Elmali,287678,D,13,26
Türkiye,465,TUR,Samet Akaydin,322807,D,25,32
Türkiye,465,TUR,Hakan Çalhanoglu,170785,M,10,32
Türkiye,465,TUR,Irfan Can Kahveci,211923,M,17,31
Türkiye,465,TUR,Salih Özcan,225563,M,5,28
Türkiye,465,TUR,Orkun Kökçü,272700,M,6,25
Türkiye,465,TUR,Ismail Yüksek,305629,M,16,27
Türkiye,465,TUR,Arda Güler,310452,M,8,21
Türkiye,465,TUR,Can Uzun,355369,M,26,20
Türkiye,465,TUR,Yunus Akgün,266575,F,19,26
Türkiye,465,TUR,Kerem Aktürkoglu,306789,F,7,27
Türkiye,465,TUR,Baris Alper Yilmaz,322538,F,21,26
Türkiye,465,TUR,Oguz Aydin,322813,F,24,25
Türkiye,465,TUR,Deniz Gül,350513,F,9,22
Türkiye,465,TUR,Kenan Yildiz,366509,F,11,21
United States,660,USA,Matt Freese,252974,G,24,27
United States,660,USA,Chris Brady,303693,G,25,22
United States,660,USA,Matt Turner,303794,G,1,32
United States,660,USA,Mark McKenzie,77072,D,22,27
United States,660,USA,Tim Ream,146290,D,13,38
United States,660,USA,Antonee Robinson,222396,D,5,28
United States,660,USA,Auston Trusty,228619,D,6,27
United States,660,USA,Alex Freeman,248276,D,16,21
United States,660,USA,Miles Robinson,249768,D,12,29
United States,660,USA,Sergiño Dest,266291,D,2,25
United States,660,USA,Joe Scally,272135,D,23,23
United States,660,USA,Chris Richards,272585,D,3,26
United States,660,USA,Cristian Roldan,216617,M,15,31
United States,660,USA,Tyler Adams,222776,M,4,27
United States,660,USA,Christian Pulisic,225607,M,10,27
United States,660,USA,Weston McKennie,256715,M,8,27
United States,660,USA,Brenden Aaronson,259653,M,11,25
United States,660,USA,Giovanni Reyna,290230,M,7,23
United States,660,USA,Sebastian Berhalter,295771,M,14,25
United States,660,USA,Malik Tillman,301416,M,17,24
United States,660,USA,Max Arfsten,359542,M,18,25
United States,660,USA,Alejandro Zendejas,212824,F,26,28
United States,660,USA,Haji Wright,220474,F,19,28
United States,660,USA,Timothy Weah,266027,F,21,26
United States,660,USA,Folarin Balogun,282643,F,20,25
United States,660,USA,Ricardo Pepi,289120,F,9,23
Uruguay,212,URU,Fernando Muslera,108622,G,23,40
Uruguay,212,URU,Sergio Rochet,184206,G,1,33
Uruguay,212,URU,Santiago Mele,203067,G,12,28
Uruguay,212,URU,Guillermo Varela,188368,D,13,33
Uruguay,212,URU,José María Giménez,188398,D,2,31
Uruguay,212,URU,Mathías Olivera,234881,D,16,28
Uruguay,212,URU,Santiago Bueno,241225,D,24,27
Uruguay,212,URU,Joaquín Piquerez,254007,D,22,27
Uruguay,212,URU,Matías Viña,254032,D,17,28
Uruguay,212,URU,Ronald Araújo,270821,D,4,27
Uruguay,212,URU,Sebastián Cáceres,285756,D,3,26
Uruguay,212,URU,Emiliano Martínez,109962,M,15,26
Uruguay,212,URU,Giorgian de Arrascaeta,179767,M,10,32
Uruguay,212,URU,Rodrigo Bentancur,215772,M,6,29
Uruguay,212,URU,Federico Valverde,235818,M,8,28
Uruguay,212,URU,Manuel Ugarte,241468,M,5,25
Uruguay,212,URU,Nicolás de la Cruz,251889,M,7,29
Uruguay,212,URU,Maxi Araújo,287025,M,20,26
Uruguay,212,URU,Rodrigo Zalazar,287494,M,26,26
Uruguay,212,URU,Juan Manuel Sanabria,287497,M,25,26
Uruguay,212,URU,Facundo Pellistri,290538,M,11,24
Uruguay,212,URU,Brian Rodríguez,144325,F,18,26
Uruguay,212,URU,Rodrigo Aguirre,159042,F,19,31
Uruguay,212,URU,Agustín Canobbio,241466,F,14,27
Uruguay,212,URU,Darwin Núñez,271788,F,9,27
Uruguay,212,URU,Federico Viñas,295847,F,21,28
Uzbekistan,2570,UZB,Botirali Ergashev,219561,G,16,31
Uzbekistan,2570,UZB,Utkir Yusupov,282145,G,1,35
Uzbekistan,2570,UZB,Abduvohid Nematov,308612,G,12,25
Uzbekistan,2570,UZB,Rustam Ashurmatov,195282,D,5,30
Uzbekistan,2570,UZB,Farrukh Sayfiev,211537,D,4,35
Uzbekistan,2570,UZB,Umar Eshmurodov,270463,D,15,33
Uzbekistan,2570,UZB,Khojiakbar Alijonov,274005,D,3,29
Uzbekistan,2570,UZB,Avazbek Ulmasaliyev,286596,D,25,26
Uzbekistan,2570,UZB,Sherzod Nasrullaev,321728,D,13,28
Uzbekistan,2570,UZB,Abdukodir Khusanov,362211,D,2,22
Uzbekistan,2570,UZB,Jakhongir Urozov,362329,D,26,22
Uzbekistan,2570,UZB,Behruzjon Karimov,376370,D,24,18
Uzbekistan,2570,UZB,Jamshid Iskanderov,185631,M,8,32
Uzbekistan,2570,UZB,Jaloliddin Masharipov,187939,M,10,32
Uzbekistan,2570,UZB,Odiljon Xamrobekov,195266,M,9,30
Uzbekistan,2570,UZB,Dostonbek Khamdamov,195274,M,17,30
Uzbekistan,2570,UZB,Otabek Shukurov,195281,M,7,30
Uzbekistan,2570,UZB,Azizjon Ganiev,268558,M,19,28
Uzbekistan,2570,UZB,Akmal Mozgovoy,270461,M,6,27
Uzbekistan,2570,UZB,Oston Urunov,288949,F,11,25
Uzbekistan,2570,UZB,Abbosbek Fayzullaev,317793,M,22,22
Uzbekistan,2570,UZB,Abdulla Abdullaev,326928,M,18,28
Uzbekistan,2570,UZB,Sherzod Esanov,362333,M,23,23
Uzbekistan,2570,UZB,Igor Sergeev,156663,F,21,33
Uzbekistan,2570,UZB,Eldor Shomurodov,216937,F,14,31
Uzbekistan,2570,UZB,Azizbek Amonov,253231,F,20,28
